experience_years,education,job_title,city,company_size,industry,salary_inr
11.9,Master's,Sales Manager,Ahmedabad,Enterprise,Fintech,2627000
3.4,Bachelor's,Chartered Accountant,Delhi NCR,Enterprise,Healthcare,1602000
3.9,Master's,Sales Manager,Kolkata,Enterprise,IT Services,1308000
6.4,Master's,Data Engineer,Hyderabad,SMB,Product Company,2361000
8.0,Bachelor's,HR Manager,Ahmedabad,MNC,Consulting,1423000
4.9,PhD,Machine Learning Engineer,Chennai,MNC,Manufacturing,2229000
2.5,Master's,Marketing Specialist,Delhi NCR,MNC,IT Services,972000
8.7,Master's,Machine Learning Engineer,Jaipur,Mid-size,Healthcare,2502000
10.3,Bachelor's,Software Engineer,Mumbai,Enterprise,E-commerce,2761000
4.2,Bachelor's,DevOps Engineer,Delhi NCR,Startup,EdTech,1253000
4.8,Bachelor's,QA Engineer,Remote,SMB,Consulting,779000
8.3,PhD,Senior Software Engineer,Hyderabad,Startup,Consulting,3607000
8.3,Master's,Cloud Architect,Chennai,Mid-size,Fintech,4500000
3.8,Master's,Software Engineer,Chennai,MNC,EdTech,1284000
6.1,Bachelor's,DevOps Engineer,Ahmedabad,Mid-size,Product Company,1461000
5.7,Bachelor's,Sales Manager,Remote,SMB,Consulting,1196000
4.6,Bachelor's,Data Scientist,Mumbai,Enterprise,IT Services,1230000
13.9,Bachelor's,DevOps Engineer,Hyderabad,Mid-size,Consulting,3936000
4.9,Master's,Data Scientist,Mumbai,SMB,EdTech,1728000
4.8,Master's,Product Manager,Hyderabad,Mid-size,Product Company,2158000
4.9,Master's,Marketing Specialist,Ahmedabad,Mid-size,Product Company,1125000
8.7,Bachelor's,QA Engineer,Chennai,Mid-size,Manufacturing,900000
13.3,PhD,Machine Learning Engineer,Ahmedabad,Enterprise,Healthcare,4500000
9.1,Master's,Cloud Architect,Mumbai,SMB,E-commerce,4500000
2.8,Master's,Sales Manager,Remote,SMB,Fintech,968000
9.2,Bachelor's,UI/UX Designer,Jaipur,Mid-size,Consulting,1176000
11.2,Bachelor's,UI/UX Designer,Remote,MNC,IT Services,1490000
15.1,Bachelor's,Civil Engineer,Ahmedabad,SMB,Healthcare,1022000
12.5,Bachelor's,Mechanical Engineer,Hyderabad,Enterprise,E-commerce,2133000
7.3,Master's,DevOps Engineer,Hyderabad,Mid-size,Manufacturing,1739000
0.6,Master's,Sales Manager,Remote,Startup,Healthcare,804000
8.8,PhD,Mechanical Engineer,Jaipur,SMB,Consulting,1175000
3.7,Bachelor's,Chartered Accountant,Jaipur,SMB,Product Company,1132000
8.3,Bachelor's,DevOps Engineer,Kolkata,Startup,Consulting,1570000
13.4,Bachelor's,Marketing Specialist,Jaipur,SMB,Healthcare,1280000
14.1,Bachelor's,Machine Learning Engineer,Delhi NCR,Mid-size,Consulting,4500000
0.7,Bachelor's,UI/UX Designer,Hyderabad,Mid-size,Consulting,748000
1.9,Bachelor's,Senior Software Engineer,Pune,Mid-size,Consulting,1700000
12.2,Bachelor's,Data Engineer,Jaipur,SMB,Fintech,2544000
9.2,Master's,Sales Manager,Kolkata,SMB,E-commerce,1534000
12.6,Bachelor's,UI/UX Designer,Remote,Enterprise,Fintech,2288000
6.7,Master's,Business Analyst,Jaipur,MNC,Manufacturing,1068000
1.7,Master's,DevOps Engineer,Ahmedabad,Enterprise,Fintech,1206000
14.6,Bachelor's,Marketing Specialist,Bangalore,SMB,Manufacturing,2032000
5.7,Master's,Chartered Accountant,Hyderabad,MNC,Healthcare,2572000
4.9,Master's,Data Scientist,Mumbai,Enterprise,Consulting,2121000
4.4,Bachelor's,DevOps Engineer,Bangalore,Startup,Consulting,1296000
4.8,Bachelor's,Data Engineer,Remote,SMB,Fintech,1326000
7.0,Master's,Product Manager,Pune,SMB,Healthcare,2364000
13.3,Bachelor's,Software Engineer,Mumbai,Enterprise,IT Services,2930000
6.9,Bachelor's,Software Engineer,Kolkata,Mid-size,Manufacturing,947000
10.1,Bachelor's,DevOps Engineer,Bangalore,SMB,Manufacturing,1951000
0.6,Master's,HR Manager,Kolkata,SMB,EdTech,734000
11.0,Master's,Data Engineer,Hyderabad,SMB,EdTech,2892000
4.3,Master's,DevOps Engineer,Remote,Mid-size,Manufacturing,979000
1.8,Master's,Senior Software Engineer,Kolkata,Mid-size,IT Services,1294000
9.7,Bachelor's,Marketing Specialist,Mumbai,SMB,IT Services,1119000
5.3,Bachelor's,Product Manager,Ahmedabad,Mid-size,EdTech,1845000
15.6,Bachelor's,Business Analyst,Mumbai,MNC,EdTech,3257000
8.8,Bachelor's,Data Engineer,Hyderabad,Startup,IT Services,1754000
4.8,Master's,DevOps Engineer,Bangalore,Mid-size,Healthcare,1487000
1.5,Bachelor's,Marketing Specialist,Pune,SMB,EdTech,548000
8.0,Bachelor's,Cloud Architect,Ahmedabad,SMB,Manufacturing,2628000
4.9,Master's,Sales Manager,Chennai,Enterprise,EdTech,1658000
3.7,Master's,QA Engineer,Pune,MNC,IT Services,792000
8.2,Bachelor's,Data Scientist,Kolkata,SMB,Consulting,1954000
4.4,Bachelor's,Cybersecurity Analyst,Mumbai,SMB,Consulting,1368000
1.0,Bachelor's,Senior Software Engineer,Hyderabad,Startup,EdTech,1411000
13.4,Bachelor's,Sales Manager,Kolkata,Mid-size,EdTech,1887000
8.5,Bachelor's,Product Manager,Delhi NCR,Startup,Consulting,2977000
11.3,Bachelor's,Sales Manager,Kolkata,SMB,Manufacturing,1456000
16.2,Bachelor's,DevOps Engineer,Chennai,Startup,E-commerce,3395000
3.4,Master's,Business Analyst,Hyderabad,Mid-size,Consulting,1151000
6.9,Bachelor's,Cloud Architect,Bangalore,MNC,Manufacturing,3759000
12.0,Bachelor's,DevOps Engineer,Hyderabad,Startup,EdTech,2277000
6.8,Bachelor's,Product Manager,Pune,Enterprise,Product Company,3592000
6.6,Bachelor's,Software Engineer,Pune,Enterprise,Product Company,1768000
1.3,Master's,Business Analyst,Remote,Startup,Fintech,824000
15.4,Bachelor's,Data Scientist,Ahmedabad,MNC,Product Company,4500000
7.6,Master's,QA Engineer,Jaipur,Mid-size,Fintech,1133000
1.6,Master's,Senior Software Engineer,Delhi NCR,Mid-size,EdTech,1608000
6.7,Bachelor's,Software Engineer,Mumbai,Mid-size,Consulting,1733000
5.2,Master's,Business Analyst,Delhi NCR,SMB,Product Company,1424000
11.0,Bachelor's,Cloud Architect,Jaipur,Startup,Healthcare,2921000
7.3,Bachelor's,Civil Engineer,Mumbai,SMB,EdTech,825000
4.1,Bachelor's,DevOps Engineer,Kolkata,Enterprise,Manufacturing,1167000
10.5,Master's,Business Analyst,Hyderabad,MNC,Manufacturing,1982000
14.2,Bachelor's,DevOps Engineer,Remote,SMB,EdTech,2539000
2.4,Bachelor's,Chartered Accountant,Kolkata,SMB,Manufacturing,881000
2.4,Bachelor's,Mechanical Engineer,Remote,Startup,EdTech,533000
15.2,Bachelor's,Machine Learning Engineer,Pune,MNC,Manufacturing,4500000
4.1,Master's,DevOps Engineer,Kolkata,SMB,Healthcare,996000
2.9,Bachelor's,Machine Learning Engineer,Pune,MNC,Fintech,2095000
5.9,Bachelor's,Data Scientist,Delhi NCR,Startup,EdTech,1471000
7.6,Bachelor's,DevOps Engineer,Mumbai,Startup,Product Company,2259000
7.8,Master's,Civil Engineer,Hyderabad,SMB,IT Services,899000
4.4,Bachelor's,UI/UX Designer,Delhi NCR,SMB,Healthcare,804000
13.6,Bachelor's,Product Manager,Chennai,SMB,Healthcare,4500000
9.8,Bachelor's,Machine Learning Engineer,Hyderabad,MNC,EdTech,3277000
12.6,PhD,Machine Learning Engineer,Mumbai,Mid-size,Product Company,4500000
9.8,PhD,QA Engineer,Bangalore,Startup,Manufacturing,1182000
4.4,Master's,Marketing Specialist,Kolkata,Mid-size,Fintech,1073000
4.9,Bachelor's,Data Engineer,Mumbai,SMB,Consulting,1901000
9.1,PhD,Cybersecurity Analyst,Bangalore,Mid-size,Fintech,3107000
8.5,Master's,DevOps Engineer,Chennai,Enterprise,Consulting,2340000
8.1,Master's,HR Manager,Jaipur,MNC,Product Company,1882000
12.5,Bachelor's,Mechanical Engineer,Remote,Mid-size,Product Company,1877000
9.9,Bachelor's,Civil Engineer,Remote,SMB,EdTech,794000
11.7,Bachelor's,Sales Manager,Hyderabad,SMB,Consulting,2438000
4.0,PhD,Sales Manager,Pune,SMB,E-commerce,1370000
8.9,Bachelor's,Senior Software Engineer,Jaipur,SMB,E-commerce,2115000
1.0,Bachelor's,Data Scientist,Kolkata,Startup,EdTech,643000
4.4,Bachelor's,Data Scientist,Chennai,SMB,Manufacturing,1081000
6.5,Bachelor's,UI/UX Designer,Jaipur,MNC,E-commerce,1088000
7.3,Bachelor's,Data Engineer,Bangalore,MNC,Product Company,2886000
9.0,Master's,Data Scientist,Chennai,Startup,Healthcare,2093000
11.0,Master's,Marketing Specialist,Chennai,MNC,Fintech,2272000
3.1,Master's,QA Engineer,Remote,Enterprise,IT Services,798000
4.3,Bachelor's,Data Engineer,Delhi NCR,Startup,Healthcare,1272000
6.0,Master's,Chartered Accountant,Chennai,MNC,EdTech,2501000
11.3,Bachelor's,Data Engineer,Jaipur,MNC,Fintech,2681000
8.8,Master's,Software Engineer,Pune,Mid-size,Product Company,2402000
9.7,Bachelor's,Marketing Specialist,Bangalore,Enterprise,E-commerce,1931000
2.8,Bachelor's,Civil Engineer,Delhi NCR,SMB,Healthcare,566000
19.4,Bachelor's,Senior Software Engineer,Kolkata,Mid-size,Healthcare,4500000
5.6,Bachelor's,QA Engineer,Delhi NCR,Enterprise,EdTech,952000
8.9,Bachelor's,UI/UX Designer,Ahmedabad,Mid-size,Fintech,1333000
11.8,Bachelor's,Data Scientist,Pune,SMB,Manufacturing,2164000
8.4,Bachelor's,DevOps Engineer,Bangalore,Mid-size,Manufacturing,1852000
15.6,Bachelor's,Civil Engineer,Ahmedabad,Enterprise,Manufacturing,1267000
8.7,Bachelor's,Business Analyst,Jaipur,Enterprise,EdTech,1167000
5.2,PhD,QA Engineer,Kolkata,Startup,IT Services,691000
4.0,Bachelor's,Marketing Specialist,Mumbai,SMB,IT Services,769000
8.2,Bachelor's,UI/UX Designer,Mumbai,Startup,E-commerce,1441000
12.4,Bachelor's,Chartered Accountant,Delhi NCR,Mid-size,IT Services,3226000
3.2,Bachelor's,UI/UX Designer,Delhi NCR,SMB,Fintech,808000
7.2,PhD,HR Manager,Pune,MNC,IT Services,1811000
17.5,Bachelor's,Data Scientist,Mumbai,Mid-size,E-commerce,4500000
1.7,Master's,Civil Engineer,Pune,SMB,Manufacturing,428000
8.4,Bachelor's,Data Scientist,Delhi NCR,Enterprise,Product Company,2618000
7.9,Bachelor's,Mechanical Engineer,Mumbai,SMB,Manufacturing,970000
0.9,Bachelor's,Cybersecurity Analyst,Chennai,Startup,Manufacturing,730000
6.8,PhD,Data Engineer,Jaipur,Startup,Fintech,2024000
6.2,Bachelor's,Civil Engineer,Mumbai,Mid-size,EdTech,748000
9.7,Bachelor's,Cybersecurity Analyst,Bangalore,Enterprise,Healthcare,2322000
10.7,Bachelor's,Sales Manager,Jaipur,SMB,Healthcare,1353000
6.3,Bachelor's,Marketing Specialist,Hyderabad,Enterprise,Manufacturing,780000
4.1,Bachelor's,Civil Engineer,Remote,Startup,Manufacturing,461000
9.6,Bachelor's,DevOps Engineer,Chennai,SMB,E-commerce,2099000
2.0,Bachelor's,Civil Engineer,Chennai,Mid-size,Consulting,595000
5.1,Master's,Data Engineer,Delhi NCR,Enterprise,Consulting,2007000
4.1,Master's,Software Engineer,Ahmedabad,MNC,Fintech,1277000
13.5,Bachelor's,Chartered Accountant,Kolkata,Mid-size,Product Company,3548000
1.8,Bachelor's,Marketing Specialist,Remote,SMB,Healthcare,598000
13.5,Bachelor's,Chartered Accountant,Bangalore,Startup,Fintech,3968000
14.0,Master's,Marketing Specialist,Hyderabad,SMB,IT Services,2203000
5.2,Bachelor's,Product Manager,Pune,MNC,Product Company,2914000
15.5,Master's,Product Manager,Hyderabad,Mid-size,E-commerce,4500000
2.7,Master's,DevOps Engineer,Remote,SMB,Consulting,1032000
9.4,Master's,Business Analyst,Bangalore,SMB,EdTech,1620000
11.9,Bachelor's,Software Engineer,Hyderabad,Startup,E-commerce,2007000
15.1,PhD,Marketing Specialist,Delhi NCR,Enterprise,IT Services,3202000
3.7,Bachelor's,Marketing Specialist,Pune,SMB,Manufacturing,644000
2.9,Bachelor's,HR Manager,Mumbai,MNC,IT Services,730000
8.9,Bachelor's,QA Engineer,Kolkata,SMB,Product Company,1112000
11.0,Bachelor's,HR Manager,Chennai,Enterprise,Product Company,2612000
4.7,Master's,Machine Learning Engineer,Jaipur,Startup,Manufacturing,1112000
12.4,Master's,UI/UX Designer,Delhi NCR,Startup,Healthcare,1915000
13.1,Bachelor's,Mechanical Engineer,Remote,SMB,Fintech,1628000
10.4,PhD,Mechanical Engineer,Hyderabad,Startup,Fintech,1467000
7.6,Bachelor's,Marketing Specialist,Hyderabad,MNC,Manufacturing,1481000
5.3,Bachelor's,UI/UX Designer,Mumbai,Enterprise,Healthcare,1049000
3.4,Bachelor's,Senior Software Engineer,Hyderabad,SMB,E-commerce,1873000
5.8,PhD,Civil Engineer,Bangalore,Mid-size,IT Services,921000
6.0,Bachelor's,Product Manager,Mumbai,Mid-size,E-commerce,2467000
1.0,Bachelor's,Cybersecurity Analyst,Chennai,Mid-size,Manufacturing,763000
5.4,Bachelor's,Data Scientist,Pune,Startup,Fintech,1429000
12.7,PhD,Chartered Accountant,Pune,SMB,EdTech,4435000
7.8,Master's,DevOps Engineer,Bangalore,Startup,Fintech,2366000
7.2,Master's,HR Manager,Hyderabad,MNC,Fintech,2318000
5.7,Master's,Sales Manager,Jaipur,SMB,E-commerce,1157000
4.0,Master's,Cloud Architect,Bangalore,Enterprise,Manufacturing,2707000
13.3,Bachelor's,Product Manager,Ahmedabad,MNC,Product Company,4500000
8.7,Bachelor's,HR Manager,Ahmedabad,SMB,Fintech,1439000
6.8,Master's,Data Engineer,Pune,Startup,E-commerce,1937000
10.7,Master's,Sales Manager,Pune,SMB,Fintech,2336000
9.8,Bachelor's,Cybersecurity Analyst,Mumbai,Mid-size,E-commerce,2165000
8.7,Bachelor's,DevOps Engineer,Kolkata,SMB,E-commerce,1585000
5.8,Master's,Data Scientist,Bangalore,Startup,Consulting,1924000
8.8,Bachelor's,Software Engineer,Jaipur,Startup,IT Services,1183000
11.8,PhD,Business Analyst,Mumbai,Mid-size,Consulting,3064000
2.8,Bachelor's,Sales Manager,Delhi NCR,Enterprise,EdTech,1128000
6.4,Bachelor's,Cloud Architect,Remote,Startup,E-commerce,2662000
9.3,Master's,DevOps Engineer,Hyderabad,Enterprise,Manufacturing,1991000
11.5,Bachelor's,Product Manager,Remote,SMB,IT Services,3283000
7.2,Bachelor's,DevOps Engineer,Kolkata,Startup,EdTech,1180000
3.1,Bachelor's,Business Analyst,Delhi NCR,SMB,Consulting,972000
11.9,Master's,QA Engineer,Bangalore,Enterprise,Fintech,2576000
9.4,Bachelor's,DevOps Engineer,Bangalore,Mid-size,EdTech,2062000
11.4,Bachelor's,Software Engineer,Jaipur,SMB,Healthcare,1421000
12.9,Master's,Senior Software Engineer,Delhi NCR,SMB,IT Services,4500000
4.3,PhD,Business Analyst,Ahmedabad,SMB,Consulting,1067000
12.5,Bachelor's,Machine Learning Engineer,Jaipur,SMB,EdTech,2861000
14.0,Bachelor's,Mechanical Engineer,Delhi NCR,SMB,Product Company,2395000
6.5,Bachelor's,Data Scientist,Mumbai,SMB,Product Company,2012000
7.8,Bachelor's,Software Engineer,Pune,SMB,Manufacturing,1272000
4.0,Bachelor's,Cybersecurity Analyst,Kolkata,Startup,IT Services,786000
6.9,Master's,Cybersecurity Analyst,Ahmedabad,SMB,Manufacturing,1228000
7.9,Bachelor's,Sales Manager,Mumbai,Startup,Manufacturing,1289000
16.7,Bachelor's,Data Scientist,Chennai,Mid-size,EdTech,3859000
2.9,Master's,Sales Manager,Chennai,SMB,Manufacturing,898000
11.6,Bachelor's,Civil Engineer,Hyderabad,Mid-size,EdTech,1150000
15.0,Bachelor's,Data Engineer,Chennai,Startup,Consulting,4111000
13.9,Master's,Business Analyst,Ahmedabad,SMB,Product Company,2315000
7.5,Master's,UI/UX Designer,Remote,Startup,Fintech,1031000
5.0,Master's,Mechanical Engineer,Mumbai,Startup,EdTech,982000
2.7,Bachelor's,Data Scientist,Pune,Enterprise,IT Services,1237000
3.4,Bachelor's,Marketing Specialist,Jaipur,Startup,EdTech,651000
8.6,PhD,DevOps Engineer,Remote,Startup,Manufacturing,1629000
11.3,Bachelor's,Civil Engineer,Jaipur,SMB,Healthcare,835000
12.2,Bachelor's,Data Scientist,Mumbai,SMB,Fintech,3756000
13.2,Bachelor's,QA Engineer,Pune,MNC,Fintech,2510000
4.0,Master's,Business Analyst,Kolkata,MNC,Healthcare,1120000
14.6,PhD,UI/UX Designer,Pune,SMB,E-commerce,2867000
16.9,Bachelor's,Product Manager,Ahmedabad,SMB,E-commerce,4500000
4.8,PhD,Software Engineer,Mumbai,SMB,Product Company,1839000
6.3,Bachelor's,Civil Engineer,Mumbai,SMB,E-commerce,850000
5.0,Bachelor's,QA Engineer,Jaipur,SMB,Product Company,627000
1.2,Master's,Data Engineer,Mumbai,Startup,Fintech,1135000
6.1,Bachelor's,QA Engineer,Hyderabad,Startup,EdTech,776000
17.6,Bachelor's,QA Engineer,Ahmedabad,Startup,Manufacturing,1291000
13.4,Bachelor's,Data Engineer,Mumbai,SMB,EdTech,4258000
8.3,PhD,Business Analyst,Kolkata,Mid-size,EdTech,1411000
16.3,Bachelor's,Data Scientist,Kolkata,Enterprise,EdTech,3954000
14.7,PhD,Software Engineer,Bangalore,SMB,E-commerce,4072000
8.8,Master's,QA Engineer,Bangalore,Enterprise,IT Services,1490000
1.2,Bachelor's,Machine Learning Engineer,Jaipur,SMB,Healthcare,862000
4.3,Master's,UI/UX Designer,Bangalore,Startup,Consulting,997000
14.0,Bachelor's,Data Engineer,Mumbai,Mid-size,E-commerce,3986000
3.0,Bachelor's,Data Engineer,Ahmedabad,SMB,E-commerce,1002000
5.2,Master's,Machine Learning Engineer,Hyderabad,MNC,Fintech,2813000
5.8,Master's,Cybersecurity Analyst,Chennai,MNC,E-commerce,2030000
10.5,Bachelor's,Chartered Accountant,Hyderabad,Startup,EdTech,2451000
9.1,Bachelor's,Product Manager,Chennai,Startup,E-commerce,2626000
12.8,Master's,Data Scientist,Ahmedabad,SMB,Consulting,3637000
9.5,Master's,QA Engineer,Pune,MNC,EdTech,1789000
8.8,Master's,Cybersecurity Analyst,Pune,Startup,Manufacturing,1689000
3.1,Bachelor's,Business Analyst,Chennai,Enterprise,Manufacturing,707000
10.6,Bachelor's,Data Engineer,Ahmedabad,SMB,Product Company,2472000
6.2,Bachelor's,Marketing Specialist,Chennai,Mid-size,Manufacturing,843000
10.3,Master's,Data Engineer,Ahmedabad,Startup,Product Company,2590000
6.5,Master's,Mechanical Engineer,Delhi NCR,Enterprise,Product Company,1515000
4.8,Bachelor's,Data Scientist,Hyderabad,Mid-size,IT Services,1242000
5.3,Bachelor's,Cloud Architect,Remote,Startup,E-commerce,2410000
4.2,Bachelor's,QA Engineer,Ahmedabad,SMB,Product Company,673000
3.4,Master's,DevOps Engineer,Bangalore,SMB,Consulting,1425000
3.8,Master's,HR Manager,Pune,Mid-size,EdTech,1126000
9.8,Bachelor's,Sales Manager,Delhi NCR,Enterprise,Healthcare,2134000
10.1,Bachelor's,Business Analyst,Bangalore,SMB,EdTech,1624000
7.6,Bachelor's,Marketing Specialist,Jaipur,MNC,EdTech,1045000
3.1,Bachelor's,HR Manager,Hyderabad,Startup,Manufacturing,758000
10.6,Master's,Software Engineer,Pune,Enterprise,Fintech,2741000
6.2,Bachelor's,Data Engineer,Mumbai,MNC,Healthcare,1951000
13.5,Bachelor's,Business Analyst,Remote,Mid-size,Product Company,2209000
10.5,PhD,Marketing Specialist,Pune,MNC,Manufacturing,1885000
6.2,Bachelor's,Cloud Architect,Delhi NCR,SMB,EdTech,2579000
9.5,Bachelor's,Cloud Architect,Kolkata,Mid-size,Product Company,3640000
6.9,Bachelor's,Marketing Specialist,Hyderabad,Startup,Consulting,1154000
3.6,Bachelor's,Chartered Accountant,Bangalore,SMB,Fintech,1843000
6.9,Bachelor's,Data Scientist,Bangalore,Mid-size,Consulting,2311000
4.1,Bachelor's,Cybersecurity Analyst,Hyderabad,Enterprise,E-commerce,1439000
7.4,Bachelor's,Mechanical Engineer,Mumbai,MNC,EdTech,1148000
10.8,Bachelor's,Data Scientist,Remote,Mid-size,IT Services,2295000
11.0,Bachelor's,Cybersecurity Analyst,Remote,Enterprise,Healthcare,2013000
7.3,Master's,HR Manager,Chennai,Enterprise,Healthcare,1553000
12.4,Bachelor's,Civil Engineer,Remote,Enterprise,Healthcare,1135000
2.8,Bachelor's,Machine Learning Engineer,Bangalore,Startup,EdTech,1081000
5.4,Bachelor's,HR Manager,Chennai,SMB,Fintech,1332000
4.7,Master's,Product Manager,Delhi NCR,SMB,Product Company,2271000
13.1,Master's,UI/UX Designer,Hyderabad,Enterprise,Consulting,2655000
1.4,Bachelor's,Cloud Architect,Chennai,Mid-size,Product Company,2148000
12.7,Bachelor's,Sales Manager,Delhi NCR,Enterprise,E-commerce,3036000
5.8,Bachelor's,Data Scientist,Ahmedabad,MNC,Consulting,1840000
7.5,Bachelor's,Sales Manager,Delhi NCR,Mid-size,Consulting,1694000
7.2,Bachelor's,Software Engineer,Delhi NCR,Enterprise,Product Company,2066000
10.2,Bachelor's,Civil Engineer,Pune,Mid-size,Consulting,1235000
6.6,Bachelor's,Cloud Architect,Delhi NCR,Mid-size,Manufacturing,2534000
12.1,Bachelor's,QA Engineer,Bangalore,SMB,Product Company,1874000
8.4,Bachelor's,DevOps Engineer,Chennai,MNC,E-commerce,2054000
6.5,Bachelor's,Senior Software Engineer,Mumbai,Enterprise,IT Services,2297000
10.1,Master's,Software Engineer,Pune,Enterprise,IT Services,2265000
3.9,Bachelor's,HR Manager,Mumbai,SMB,E-commerce,1033000
7.1,PhD,Data Scientist,Jaipur,SMB,Fintech,2016000
7.6,Bachelor's,Senior Software Engineer,Ahmedabad,Enterprise,Consulting,2740000
8.5,Master's,QA Engineer,Jaipur,MNC,Product Company,1239000
6.5,PhD,HR Manager,Mumbai,MNC,Product Company,2647000
15.0,PhD,Senior Software Engineer,Mumbai,Enterprise,Consulting,4500000
7.9,Master's,DevOps Engineer,Bangalore,Enterprise,EdTech,2221000
5.3,Master's,Data Engineer,Kolkata,Startup,Healthcare,1278000
8.0,Master's,UI/UX Designer,Bangalore,Enterprise,IT Services,1624000
5.8,Master's,Data Scientist,Remote,SMB,IT Services,1373000
14.2,Bachelor's,HR Manager,Kolkata,Enterprise,E-commerce,3014000
5.2,Bachelor's,Product Manager,Delhi NCR,Startup,Product Company,2549000
9.7,Bachelor's,Sales Manager,Kolkata,MNC,Healthcare,1894000
5.3,Master's,UI/UX Designer,Remote,SMB,Fintech,1030000
1.4,Bachelor's,Data Engineer,Hyderabad,Startup,Healthcare,928000
8.7,Bachelor's,Chartered Accountant,Ahmedabad,Mid-size,IT Services,1626000
1.4,Master's,Cloud Architect,Jaipur,Mid-size,E-commerce,1841000
4.9,Bachelor's,Mechanical Engineer,Chennai,Enterprise,E-commerce,1047000
17.2,Bachelor's,Cloud Architect,Kolkata,Mid-size,Fintech,4500000
1.9,Bachelor's,Cloud Architect,Chennai,Mid-size,Fintech,2320000
12.9,Bachelor's,Software Engineer,Hyderabad,Startup,Fintech,2903000
1.5,Bachelor's,Product Manager,Remote,Enterprise,Manufacturing,1241000
10.4,Bachelor's,Data Engineer,Pune,MNC,Fintech,3658000
10.8,Bachelor's,Cybersecurity Analyst,Mumbai,Enterprise,Fintech,3419000
7.1,Bachelor's,Business Analyst,Remote,Startup,Fintech,1267000
9.3,Bachelor's,Product Manager,Bangalore,Enterprise,E-commerce,3990000
12.0,Master's,DevOps Engineer,Delhi NCR,SMB,Consulting,3175000
1.9,Bachelor's,Chartered Accountant,Chennai,MNC,E-commerce,1768000
3.8,PhD,Product Manager,Pune,Startup,Consulting,2208000
12.3,PhD,Cloud Architect,Kolkata,Startup,Consulting,4500000
7.0,Bachelor's,Chartered Accountant,Chennai,Startup,Fintech,2037000
2.1,Bachelor's,Cybersecurity Analyst,Pune,Enterprise,Product Company,1385000
5.8,Bachelor's,Civil Engineer,Pune,Mid-size,Healthcare,700000
9.5,Master's,Product Manager,Pune,Enterprise,EdTech,3497000
7.4,Master's,Business Analyst,Ahmedabad,SMB,Product Company,1348000
9.0,Master's,Marketing Specialist,Chennai,Enterprise,EdTech,1544000
5.4,Bachelor's,HR Manager,Ahmedabad,SMB,EdTech,763000
13.4,Master's,Mechanical Engineer,Ahmedabad,Startup,Manufacturing,1241000
11.2,Bachelor's,UI/UX Designer,Jaipur,Enterprise,Consulting,1516000
5.9,Master's,Data Engineer,Jaipur,Mid-size,IT Services,1375000
5.5,Bachelor's,Product Manager,Kolkata,Mid-size,Consulting,2026000
2.7,Master's,UI/UX Designer,Mumbai,SMB,Product Company,858000
10.0,Master's,Product Manager,Kolkata,Mid-size,IT Services,2630000
2.7,Bachelor's,Senior Software Engineer,Remote,Startup,E-commerce,1375000
6.7,Master's,Civil Engineer,Mumbai,SMB,Consulting,1156000
6.4,Bachelor's,Data Scientist,Delhi NCR,SMB,IT Services,1854000
6.3,Master's,DevOps Engineer,Jaipur,Enterprise,E-commerce,1577000
15.2,Bachelor's,DevOps Engineer,Chennai,SMB,Healthcare,2951000
8.5,PhD,Machine Learning Engineer,Hyderabad,SMB,EdTech,2458000
5.5,Bachelor's,UI/UX Designer,Mumbai,SMB,Manufacturing,898000
10.8,PhD,HR Manager,Pune,SMB,Product Company,2751000
1.5,Master's,Cloud Architect,Delhi NCR,SMB,Consulting,2405000
8.6,Bachelor's,Marketing Specialist,Remote,Mid-size,E-commerce,1113000
9.5,Master's,Marketing Specialist,Jaipur,SMB,Consulting,1500000
5.2,Master's,Marketing Specialist,Remote,SMB,Manufacturing,888000
10.0,PhD,Cybersecurity Analyst,Ahmedabad,Mid-size,IT Services,2168000
15.2,Bachelor's,Marketing Specialist,Chennai,SMB,Consulting,2455000
19.1,Bachelor's,Marketing Specialist,Kolkata,Mid-size,EdTech,2092000
14.1,Bachelor's,Sales Manager,Delhi NCR,Mid-size,Consulting,3656000
11.0,Master's,Data Engineer,Bangalore,Enterprise,Consulting,3766000
16.4,Bachelor's,Senior Software Engineer,Hyderabad,Mid-size,EdTech,4500000
9.2,Bachelor's,QA Engineer,Chennai,SMB,Product Company,1101000
16.8,Bachelor's,Marketing Specialist,Kolkata,SMB,E-commerce,1860000
4.4,Bachelor's,Product Manager,Pune,SMB,E-commerce,1754000
15.1,Bachelor's,DevOps Engineer,Bangalore,Enterprise,Product Company,4500000
6.0,Master's,Data Engineer,Bangalore,Startup,E-commerce,1984000
7.1,Master's,Data Scientist,Mumbai,SMB,EdTech,2044000
4.1,Bachelor's,Sales Manager,Jaipur,Mid-size,Manufacturing,684000
17.2,Bachelor's,HR Manager,Delhi NCR,Mid-size,Product Company,3242000
7.5,PhD,UI/UX Designer,Remote,MNC,EdTech,1573000
8.2,Bachelor's,Software Engineer,Jaipur,Startup,Manufacturing,907000
4.9,Bachelor's,DevOps Engineer,Jaipur,Enterprise,EdTech,1103000
3.1,Bachelor's,Software Engineer,Remote,Enterprise,Fintech,1154000
2.9,Master's,UI/UX Designer,Pune,Enterprise,EdTech,1076000
5.3,Bachelor's,Cloud Architect,Remote,SMB,Product Company,2817000
3.9,Master's,Marketing Specialist,Remote,SMB,Product Company,1122000
10.4,Master's,Civil Engineer,Ahmedabad,Startup,IT Services,858000
11.2,Bachelor's,Business Analyst,Hyderabad,Enterprise,Manufacturing,1851000
6.4,Master's,HR Manager,Pune,Startup,Manufacturing,1202000
8.8,Master's,UI/UX Designer,Kolkata,SMB,Healthcare,1187000
6.4,Bachelor's,Data Scientist,Bangalore,SMB,Product Company,1951000
3.2,Bachelor's,Chartered Accountant,Jaipur,Enterprise,Manufacturing,1102000
9.6,Bachelor's,Business Analyst,Delhi NCR,SMB,IT Services,1327000
17.4,Bachelor's,Civil Engineer,Bangalore,SMB,Healthcare,1650000
4.6,Bachelor's,Marketing Specialist,Pune,Enterprise,IT Services,904000
7.8,PhD,Chartered Accountant,Mumbai,Enterprise,Consulting,3776000
10.1,Bachelor's,Cybersecurity Analyst,Kolkata,Enterprise,Product Company,2579000
2.7,Bachelor's,Data Engineer,Kolkata,Mid-size,EdTech,889000
1.5,Master's,DevOps Engineer,Mumbai,Startup,Product Company,1455000
8.0,Bachelor's,Cloud Architect,Kolkata,Startup,EdTech,2853000
12.9,PhD,Cloud Architect,Jaipur,SMB,EdTech,4500000
6.1,Master's,Cloud Architect,Mumbai,SMB,Fintech,3540000
7.9,Bachelor's,Data Engineer,Mumbai,SMB,Healthcare,2140000
6.2,Bachelor's,Civil Engineer,Hyderabad,Mid-size,IT Services,681000
13.9,PhD,Software Engineer,Mumbai,SMB,IT Services,3455000
5.7,Master's,Cybersecurity Analyst,Pune,Enterprise,IT Services,1819000
3.9,PhD,Marketing Specialist,Ahmedabad,Startup,Fintech,828000
1.0,Bachelor's,Business Analyst,Hyderabad,MNC,EdTech,805000
3.3,Master's,DevOps Engineer,Chennai,Enterprise,Product Company,1544000
4.6,Master's,Business Analyst,Ahmedabad,SMB,IT Services,708000
10.3,Bachelor's,Mechanical Engineer,Pune,SMB,IT Services,1179000
9.4,Bachelor's,Chartered Accountant,Bangalore,MNC,E-commerce,3603000
3.2,Master's,Sales Manager,Kolkata,MNC,IT Services,1164000
11.7,Bachelor's,UI/UX Designer,Chennai,SMB,Healthcare,1337000
5.8,Bachelor's,Cybersecurity Analyst,Chennai,Startup,EdTech,1302000
6.1,Master's,Sales Manager,Jaipur,MNC,Healthcare,1287000
10.4,Bachelor's,Marketing Specialist,Hyderabad,Mid-size,Fintech,1934000
7.4,Bachelor's,Data Scientist,Hyderabad,Mid-size,EdTech,1673000
13.5,Bachelor's,Senior Software Engineer,Delhi NCR,SMB,E-commerce,4500000
7.8,Bachelor's,Product Manager,Chennai,Enterprise,IT Services,2411000
11.2,PhD,DevOps Engineer,Remote,Mid-size,Healthcare,2773000
5.9,Master's,Cybersecurity Analyst,Kolkata,SMB,EdTech,1370000
15.9,Bachelor's,QA Engineer,Pune,Enterprise,IT Services,1743000
7.6,PhD,Chartered Accountant,Jaipur,SMB,Fintech,2338000
5.8,Master's,Marketing Specialist,Delhi NCR,SMB,Manufacturing,908000
8.1,Bachelor's,Data Scientist,Jaipur,Mid-size,E-commerce,1685000
7.3,Master's,Civil Engineer,Pune,Mid-size,Healthcare,895000
5.8,Bachelor's,Marketing Specialist,Ahmedabad,MNC,E-commerce,1214000
4.1,PhD,Product Manager,Chennai,Mid-size,Product Company,2335000
3.8,Master's,Senior Software Engineer,Chennai,SMB,IT Services,1778000
8.3,Master's,Mechanical Engineer,Remote,SMB,Manufacturing,905000
8.2,Bachelor's,Machine Learning Engineer,Hyderabad,Mid-size,EdTech,2871000
5.1,Master's,Machine Learning Engineer,Mumbai,Startup,IT Services,2184000
4.2,Bachelor's,UI/UX Designer,Hyderabad,Mid-size,Healthcare,805000
9.4,Bachelor's,Senior Software Engineer,Jaipur,SMB,Product Company,2797000
5.9,Bachelor's,Business Analyst,Jaipur,SMB,Fintech,892000
4.1,Master's,DevOps Engineer,Jaipur,Startup,Healthcare,1005000
7.0,Bachelor's,Software Engineer,Pune,SMB,Product Company,1549000
9.0,PhD,Chartered Accountant,Pune,Startup,Healthcare,2724000
7.2,Master's,DevOps Engineer,Delhi NCR,Mid-size,EdTech,1852000
11.1,Bachelor's,QA Engineer,Ahmedabad,SMB,Product Company,1513000
9.0,Bachelor's,Mechanical Engineer,Ahmedabad,MNC,Consulting,1075000
8.8,Bachelor's,UI/UX Designer,Remote,Mid-size,IT Services,1120000
7.2,Master's,Cloud Architect,Ahmedabad,Enterprise,Healthcare,3321000
10.4,Master's,Marketing Specialist,Remote,Enterprise,EdTech,1668000
13.8,Bachelor's,Sales Manager,Pune,Enterprise,Product Company,3847000
6.2,Master's,Software Engineer,Kolkata,Enterprise,Healthcare,1326000
6.5,Bachelor's,Mechanical Engineer,Chennai,SMB,Fintech,1040000
5.2,Master's,Data Scientist,Hyderabad,SMB,Consulting,1894000
12.3,PhD,Marketing Specialist,Remote,Mid-size,E-commerce,2559000
2.2,Master's,Senior Software Engineer,Hyderabad,Mid-size,Consulting,1558000
5.1,Master's,Senior Software Engineer,Jaipur,Mid-size,Manufacturing,1895000
11.9,Master's,Data Scientist,Pune,Mid-size,Consulting,4500000
8.7,Bachelor's,Marketing Specialist,Pune,Startup,IT Services,879000
7.0,Bachelor's,UI/UX Designer,Kolkata,Startup,Healthcare,792000
2.6,Bachelor's,Data Engineer,Delhi NCR,Mid-size,Consulting,1592000
3.5,Bachelor's,Cloud Architect,Mumbai,Mid-size,Product Company,3250000
7.0,Master's,Data Scientist,Remote,Enterprise,Consulting,2634000
7.3,Master's,Mechanical Engineer,Kolkata,Mid-size,IT Services,965000
8.4,Master's,Mechanical Engineer,Kolkata,SMB,Fintech,976000
8.8,Bachelor's,Civil Engineer,Ahmedabad,Startup,Consulting,868000
6.2,Master's,Senior Software Engineer,Jaipur,SMB,Consulting,2257000
13.1,Bachelor's,Chartered Accountant,Hyderabad,SMB,Healthcare,3622000
3.4,Bachelor's,QA Engineer,Delhi NCR,Enterprise,E-commerce,756000
6.8,Master's,Machine Learning Engineer,Remote,Mid-size,Healthcare,1965000
14.8,PhD,Machine Learning Engineer,Jaipur,Enterprise,IT Services,4500000
1.7,Master's,QA Engineer,Bangalore,Mid-size,Consulting,950000
1.2,Bachelor's,Data Engineer,Pune,SMB,EdTech,1106000
4.0,Master's,Software Engineer,Pune,Mid-size,Consulting,1243000
10.0,Bachelor's,UI/UX Designer,Chennai,SMB,Healthcare,1194000
6.6,Master's,DevOps Engineer,Jaipur,Startup,IT Services,1394000
12.3,Master's,Chartered Accountant,Delhi NCR,SMB,Healthcare,3271000
18.0,Bachelor's,Cybersecurity Analyst,Hyderabad,SMB,Manufacturing,3488000
10.4,Bachelor's,Product Manager,Chennai,Startup,Manufacturing,2428000
3.4,Bachelor's,Business Analyst,Pune,Enterprise,EdTech,987000
9.5,PhD,Civil Engineer,Kolkata,Mid-size,IT Services,915000
8.5,Bachelor's,Sales Manager,Remote,Startup,Manufacturing,1097000
5.4,Master's,Product Manager,Kolkata,Mid-size,IT Services,1748000
4.4,Master's,Civil Engineer,Remote,Startup,Manufacturing,519000
4.7,Bachelor's,Cybersecurity Analyst,Chennai,Mid-size,Product Company,1470000
10.4,Bachelor's,Senior Software Engineer,Jaipur,Mid-size,EdTech,2804000
5.4,PhD,Cybersecurity Analyst,Remote,SMB,Fintech,2017000
14.1,Bachelor's,Chartered Accountant,Hyderabad,Enterprise,Fintech,4500000
8.2,Bachelor's,Civil Engineer,Kolkata,SMB,Consulting,728000
5.9,Master's,Software Engineer,Pune,SMB,Consulting,1490000
8.0,Master's,Civil Engineer,Bangalore,SMB,Fintech,1129000
11.1,PhD,HR Manager,Pune,SMB,Consulting,2132000
17.3,Bachelor's,Data Scientist,Hyderabad,Startup,Manufacturing,3865000
6.9,Bachelor's,Cybersecurity Analyst,Hyderabad,SMB,E-commerce,1699000
12.5,Bachelor's,Marketing Specialist,Bangalore,SMB,Consulting,2089000
8.4,Bachelor's,Software Engineer,Remote,SMB,Manufacturing,981000
6.6,Bachelor's,Mechanical Engineer,Delhi NCR,Mid-size,Fintech,1157000
4.6,Bachelor's,Business Analyst,Hyderabad,Enterprise,IT Services,882000
1.5,Bachelor's,Cloud Architect,Mumbai,Enterprise,EdTech,2188000
3.0,Bachelor's,DevOps Engineer,Ahmedabad,Mid-size,Fintech,1051000
12.3,Bachelor's,QA Engineer,Kolkata,Enterprise,IT Services,1297000
8.7,Master's,Mechanical Engineer,Bangalore,Mid-size,IT Services,1286000
5.6,Master's,Mechanical Engineer,Hyderabad,Mid-size,Manufacturing,872000
12.4,Bachelor's,DevOps Engineer,Chennai,Enterprise,Fintech,3175000
6.2,Bachelor's,Mechanical Engineer,Remote,Enterprise,IT Services,911000
5.8,Bachelor's,Mechanical Engineer,Bangalore,Enterprise,E-commerce,1156000
7.8,Bachelor's,Senior Software Engineer,Jaipur,MNC,Product Company,2823000
2.0,Bachelor's,Cloud Architect,Bangalore,SMB,Product Company,2259000
2.1,Bachelor's,Software Engineer,Delhi NCR,MNC,E-commerce,1115000
8.9,Bachelor's,HR Manager,Pune,SMB,Product Company,1694000
9.0,Bachelor's,UI/UX Designer,Delhi NCR,Startup,EdTech,1087000
6.1,Bachelor's,DevOps Engineer,Remote,Startup,E-commerce,1215000
6.6,Bachelor's,Chartered Accountant,Pune,Mid-size,Product Company,2512000
5.6,Bachelor's,Sales Manager,Kolkata,Startup,Consulting,1037000
5.8,Master's,Chartered Accountant,Mumbai,Startup,Manufacturing,1433000
2.1,Master's,Mechanical Engineer,Kolkata,SMB,Consulting,545000
6.5,Master's,HR Manager,Bangalore,Mid-size,Consulting,2054000
4.7,Bachelor's,Machine Learning Engineer,Pune,Startup,Product Company,2064000
7.0,Master's,Machine Learning Engineer,Remote,Mid-size,Healthcare,2313000
14.7,Bachelor's,Senior Software Engineer,Ahmedabad,Mid-size,EdTech,4500000
2.7,Bachelor's,Product Manager,Remote,Enterprise,IT Services,1479000
4.4,Master's,QA Engineer,Kolkata,Mid-size,Product Company,884000
4.0,Bachelor's,Data Engineer,Hyderabad,SMB,Fintech,1373000
17.1,Bachelor's,Sales Manager,Delhi NCR,MNC,Healthcare,4500000
5.5,Master's,Marketing Specialist,Jaipur,Enterprise,Healthcare,873000
12.7,Master's,Mechanical Engineer,Kolkata,SMB,EdTech,1392000
5.7,PhD,QA Engineer,Chennai,Startup,E-commerce,989000
13.4,Bachelor's,DevOps Engineer,Jaipur,Mid-size,EdTech,2279000
6.3,Bachelor's,Business Analyst,Hyderabad,Enterprise,IT Services,1241000
3.4,Master's,Civil Engineer,Remote,Enterprise,Consulting,835000
10.1,Bachelor's,Mechanical Engineer,Hyderabad,Enterprise,Healthcare,1377000
9.0,Master's,Chartered Accountant,Remote,MNC,IT Services,2687000
7.1,Bachelor's,QA Engineer,Jaipur,Mid-size,IT Services,732000
12.9,Bachelor's,Mechanical Engineer,Delhi NCR,Startup,Manufacturing,1267000
5.1,Bachelor's,Business Analyst,Delhi NCR,Startup,Consulting,1187000
7.1,Master's,Software Engineer,Bangalore,Startup,Consulting,1743000
4.2,Bachelor's,Marketing Specialist,Mumbai,SMB,Consulting,1078000
6.6,Bachelor's,Senior Software Engineer,Pune,Startup,Manufacturing,1620000
14.6,Bachelor's,Cybersecurity Analyst,Ahmedabad,SMB,EdTech,2793000
2.8,Bachelor's,HR Manager,Hyderabad,Enterprise,E-commerce,1016000
12.6,Bachelor's,Software Engineer,Jaipur,Startup,IT Services,1473000
12.1,Master's,Marketing Specialist,Mumbai,Enterprise,EdTech,2492000
7.5,Bachelor's,Civil Engineer,Jaipur,MNC,E-commerce,875000
7.6,Master's,Cybersecurity Analyst,Mumbai,Startup,EdTech,2282000
2.1,Master's,Sales Manager,Ahmedabad,Startup,EdTech,790000
5.3,Bachelor's,Chartered Accountant,Kolkata,SMB,Healthcare,1162000
14.6,Bachelor's,Marketing Specialist,Remote,Enterprise,Healthcare,2207000
11.5,Master's,Software Engineer,Chennai,Enterprise,EdTech,2540000
4.0,Bachelor's,Marketing Specialist,Mumbai,Startup,IT Services,781000
11.9,Bachelor's,Marketing Specialist,Kolkata,Mid-size,E-commerce,1525000
16.8,PhD,DevOps Engineer,Bangalore,Enterprise,Consulting,4500000
9.9,PhD,Cybersecurity Analyst,Remote,SMB,Fintech,2750000
8.0,Master's,Civil Engineer,Kolkata,Mid-size,Consulting,975000
14.2,Bachelor's,Civil Engineer,Bangalore,SMB,Healthcare,1576000
11.5,Master's,Civil Engineer,Hyderabad,SMB,Consulting,1207000
4.6,Master's,Mechanical Engineer,Bangalore,MNC,Healthcare,1251000
9.4,Bachelor's,Data Scientist,Kolkata,SMB,Product Company,2061000
4.0,Master's,UI/UX Designer,Kolkata,Enterprise,E-commerce,837000
18.8,Bachelor's,DevOps Engineer,Hyderabad,Mid-size,EdTech,3533000
3.6,Bachelor's,Senior Software Engineer,Chennai,SMB,IT Services,1391000
4.7,Bachelor's,DevOps Engineer,Delhi NCR,Mid-size,E-commerce,1427000
10.9,Bachelor's,Chartered Accountant,Delhi NCR,Startup,Consulting,2974000
13.9,Bachelor's,Data Engineer,Kolkata,SMB,Healthcare,2958000
14.7,Master's,Marketing Specialist,Jaipur,SMB,Fintech,2051000
4.4,PhD,QA Engineer,Remote,Enterprise,Product Company,1326000
16.3,Bachelor's,Product Manager,Hyderabad,MNC,Manufacturing,4500000
7.5,Master's,UI/UX Designer,Remote,SMB,Consulting,1015000
7.5,PhD,HR Manager,Chennai,SMB,EdTech,1476000
15.8,Bachelor's,Cloud Architect,Hyderabad,MNC,EdTech,4500000
11.1,Bachelor's,Cloud Architect,Remote,Mid-size,Fintech,3683000
14.5,Bachelor's,Civil Engineer,Mumbai,Startup,IT Services,1437000
2.4,Bachelor's,Product Manager,Delhi NCR,SMB,Manufacturing,1260000
16.3,Master's,Chartered Accountant,Remote,SMB,IT Services,3381000
4.4,Bachelor's,HR Manager,Chennai,SMB,Fintech,981000
2.7,Bachelor's,Senior Software Engineer,Hyderabad,Mid-size,Fintech,2128000
8.9,Bachelor's,Sales Manager,Bangalore,Enterprise,Consulting,2558000
10.1,Bachelor's,Senior Software Engineer,Jaipur,Mid-size,E-commerce,2690000
9.1,PhD,Civil Engineer,Mumbai,SMB,EdTech,1069000
3.7,Bachelor's,Data Scientist,Bangalore,Enterprise,EdTech,1545000
11.0,Bachelor's,Civil Engineer,Bangalore,Mid-size,Product Company,1563000
7.4,Bachelor's,Marketing Specialist,Remote,Enterprise,EdTech,1176000
8.1,Bachelor's,QA Engineer,Chennai,Startup,Product Company,1020000
10.2,Bachelor's,Machine Learning Engineer,Chennai,SMB,Healthcare,2702000
8.4,Bachelor's,DevOps Engineer,Chennai,SMB,EdTech,1593000
8.0,Bachelor's,Business Analyst,Delhi NCR,SMB,IT Services,1291000
2.4,Bachelor's,Civil Engineer,Remote,Mid-size,Fintech,696000
5.2,Master's,Chartered Accountant,Kolkata,Mid-size,Product Company,2162000
10.8,Master's,QA Engineer,Kolkata,SMB,IT Services,1215000
8.0,Master's,DevOps Engineer,Jaipur,Mid-size,EdTech,1797000
6.2,Master's,Data Engineer,Bangalore,Mid-size,E-commerce,2571000
4.3,Master's,Mechanical Engineer,Mumbai,Mid-size,E-commerce,1039000
3.3,Bachelor's,QA Engineer,Jaipur,Enterprise,Product Company,823000
2.2,Bachelor's,Chartered Accountant,Bangalore,Enterprise,Healthcare,1246000
4.7,Bachelor's,Software Engineer,Mumbai,Enterprise,Fintech,1845000
13.2,Bachelor's,QA Engineer,Hyderabad,Startup,Healthcare,1314000
3.5,Master's,Software Engineer,Ahmedabad,Enterprise,Manufacturing,957000
5.1,Bachelor's,Cybersecurity Analyst,Jaipur,SMB,Manufacturing,971000
10.2,Master's,Cybersecurity Analyst,Pune,Mid-size,Consulting,3001000
11.8,Master's,Cloud Architect,Kolkata,MNC,Healthcare,4500000
6.7,Bachelor's,Mechanical Engineer,Ahmedabad,SMB,E-commerce,761000
5.7,PhD,HR Manager,Remote,SMB,Healthcare,1243000
10.0,Bachelor's,UI/UX Designer,Remote,Startup,Healthcare,1182000
7.5,Master's,Business Analyst,Delhi NCR,MNC,Fintech,2091000
8.0,Bachelor's,Machine Learning Engineer,Bangalore,SMB,IT Services,2365000
5.7,Bachelor's,Software Engineer,Ahmedabad,Enterprise,Manufacturing,840000
10.0,Bachelor's,Business Analyst,Chennai,Startup,E-commerce,1682000
9.6,Bachelor's,Business Analyst,Delhi NCR,Startup,Fintech,1592000
12.3,Bachelor's,Marketing Specialist,Chennai,Startup,EdTech,1584000
11.1,PhD,Civil Engineer,Kolkata,Enterprise,Manufacturing,1309000
8.1,Master's,Senior Software Engineer,Pune,Startup,Manufacturing,2183000
5.7,Bachelor's,Data Scientist,Mumbai,MNC,E-commerce,2243000
7.1,Bachelor's,Data Engineer,Mumbai,Mid-size,Consulting,2318000
7.4,Bachelor's,Product Manager,Delhi NCR,MNC,EdTech,3084000
4.8,Bachelor's,Sales Manager,Kolkata,SMB,Consulting,1126000
9.9,PhD,Cloud Architect,Bangalore,Mid-size,Manufacturing,4500000
1.0,Bachelor's,Business Analyst,Pune,Startup,Manufacturing,543000
10.0,Bachelor's,Business Analyst,Ahmedabad,SMB,Manufacturing,1020000
14.3,Bachelor's,Data Engineer,Bangalore,Mid-size,Consulting,4500000
8.8,Bachelor's,Senior Software Engineer,Ahmedabad,Startup,IT Services,1857000
7.7,Bachelor's,Civil Engineer,Ahmedabad,MNC,IT Services,861000
10.4,Master's,Product Manager,Mumbai,Startup,Manufacturing,3754000
3.9,Master's,Machine Learning Engineer,Kolkata,SMB,E-commerce,1418000
8.4,PhD,Cybersecurity Analyst,Delhi NCR,Mid-size,Fintech,2934000
14.1,Master's,Data Scientist,Pune,SMB,Fintech,4276000
5.2,Bachelor's,Data Engineer,Hyderabad,SMB,Consulting,1367000
13.5,Master's,Senior Software Engineer,Remote,MNC,EdTech,4500000
17.4,PhD,DevOps Engineer,Jaipur,Startup,E-commerce,3236000
11.7,Master's,Marketing Specialist,Jaipur,Mid-size,Healthcare,1393000
11.2,PhD,Product Manager,Hyderabad,Startup,IT Services,3846000
2.0,Master's,Chartered Accountant,Remote,Startup,E-commerce,1186000
6.5,Master's,Product Manager,Kolkata,SMB,E-commerce,1976000
14.0,Bachelor's,Sales Manager,Chennai,Enterprise,IT Services,2855000
6.2,Master's,Software Engineer,Mumbai,Mid-size,Manufacturing,1534000
1.9,Bachelor's,HR Manager,Pune,SMB,EdTech,855000
13.4,Bachelor's,Cybersecurity Analyst,Mumbai,Startup,IT Services,2633000
1.1,Master's,Sales Manager,Hyderabad,MNC,IT Services,1186000
12.0,PhD,Cloud Architect,Ahmedabad,SMB,Product Company,4500000
7.6,PhD,Cloud Architect,Remote,Mid-size,Manufacturing,3371000
14.0,Bachelor's,Business Analyst,Remote,Startup,Healthcare,1832000
1.6,Master's,DevOps Engineer,Jaipur,Startup,Manufacturing,632000
3.3,Master's,Software Engineer,Hyderabad,Startup,Consulting,994000
7.6,Bachelor's,Sales Manager,Ahmedabad,Startup,EdTech,1202000
4.8,Bachelor's,Sales Manager,Jaipur,Mid-size,Fintech,1010000
11.2,Bachelor's,Sales Manager,Chennai,SMB,IT Services,1712000
5.7,Master's,QA Engineer,Chennai,Enterprise,E-commerce,1214000
11.2,Bachelor's,QA Engineer,Mumbai,Startup,Manufacturing,1186000
7.9,PhD,HR Manager,Jaipur,SMB,Fintech,1548000
9.3,Bachelor's,QA Engineer,Ahmedabad,SMB,IT Services,711000
8.1,PhD,Sales Manager,Kolkata,SMB,Product Company,1746000
2.1,Bachelor's,Business Analyst,Bangalore,Startup,EdTech,768000
5.1,Master's,Software Engineer,Remote,Startup,E-commerce,1216000
14.7,Bachelor's,Product Manager,Chennai,Startup,Product Company,4500000
6.8,Bachelor's,Sales Manager,Remote,SMB,Fintech,1356000
12.0,Master's,Cybersecurity Analyst,Kolkata,Startup,Consulting,2427000
15.0,PhD,Sales Manager,Chennai,SMB,E-commerce,3906000
0.6,Master's,Marketing Specialist,Ahmedabad,SMB,Consulting,528000
11.0,Bachelor's,Machine Learning Engineer,Pune,SMB,Product Company,3944000
1.5,Bachelor's,Mechanical Engineer,Delhi NCR,Startup,EdTech,527000
2.1,Bachelor's,Sales Manager,Bangalore,SMB,Manufacturing,744000
2.9,Bachelor's,Cloud Architect,Ahmedabad,SMB,Fintech,1961000
11.7,Master's,QA Engineer,Mumbai,MNC,IT Services,2047000
2.4,Master's,Civil Engineer,Bangalore,Startup,Product Company,811000
3.9,Master's,Machine Learning Engineer,Ahmedabad,Startup,Fintech,1384000
10.0,Master's,Cloud Architect,Pune,Enterprise,Manufacturing,4017000
3.8,Master's,Machine Learning Engineer,Pune,SMB,Product Company,2035000
3.7,Master's,Cloud Architect,Hyderabad,Startup,IT Services,1866000
11.6,Bachelor's,Machine Learning Engineer,Kolkata,Enterprise,EdTech,3656000
14.2,Bachelor's,Mechanical Engineer,Mumbai,Mid-size,IT Services,1652000
4.2,Master's,HR Manager,Chennai,Mid-size,Healthcare,1299000
5.2,Master's,HR Manager,Mumbai,Startup,Product Company,1332000
2.0,Bachelor's,Product Manager,Ahmedabad,SMB,Manufacturing,993000
9.2,Bachelor's,Chartered Accountant,Mumbai,SMB,EdTech,2179000
7.9,Master's,Senior Software Engineer,Ahmedabad,Enterprise,EdTech,2714000
14.9,Bachelor's,Senior Software Engineer,Delhi NCR,SMB,Healthcare,4500000
1.2,Bachelor's,Cloud Architect,Bangalore,Mid-size,EdTech,2154000
10.6,Master's,Cloud Architect,Delhi NCR,MNC,Healthcare,4500000
3.4,Master's,Chartered Accountant,Pune,MNC,E-commerce,2182000
14.6,Bachelor's,Marketing Specialist,Delhi NCR,Startup,EdTech,2192000
11.1,Master's,Marketing Specialist,Hyderabad,Mid-size,IT Services,1634000
5.5,Bachelor's,Mechanical Engineer,Ahmedabad,Mid-size,Manufacturing,693000
8.3,Master's,Marketing Specialist,Kolkata,Enterprise,EdTech,1243000
15.6,Bachelor's,QA Engineer,Hyderabad,MNC,E-commerce,2844000
6.4,Bachelor's,Senior Software Engineer,Remote,Enterprise,Fintech,2752000
9.1,Bachelor's,Software Engineer,Mumbai,Mid-size,Fintech,2281000
7.0,Bachelor's,HR Manager,Pune,Startup,Consulting,1333000
1.8,Master's,QA Engineer,Bangalore,Mid-size,Healthcare,795000
4.5,Bachelor's,HR Manager,Pune,Mid-size,Consulting,1092000
4.5,Bachelor's,Software Engineer,Bangalore,Mid-size,Healthcare,1003000
6.9,Bachelor's,Cybersecurity Analyst,Delhi NCR,Mid-size,Product Company,2255000
5.6,Master's,Cloud Architect,Kolkata,SMB,Product Company,3443000
11.4,Master's,Product Manager,Mumbai,SMB,IT Services,3944000
10.2,PhD,Cybersecurity Analyst,Jaipur,MNC,EdTech,2849000
9.8,Bachelor's,UI/UX Designer,Remote,SMB,Consulting,1134000
13.6,Bachelor's,Data Scientist,Mumbai,Enterprise,IT Services,3675000
6.6,Bachelor's,HR Manager,Kolkata,Mid-size,Healthcare,1046000
14.2,Bachelor's,Sales Manager,Delhi NCR,SMB,E-commerce,2615000
2.5,PhD,Product Manager,Pune,SMB,Fintech,1777000
7.4,Master's,Cybersecurity Analyst,Pune,Mid-size,Consulting,2210000
15.4,Bachelor's,Data Scientist,Chennai,Enterprise,Healthcare,4047000
9.7,Bachelor's,Business Analyst,Hyderabad,Startup,EdTech,1345000
11.2,PhD,Business Analyst,Kolkata,MNC,IT Services,2005000
8.3,Bachelor's,Product Manager,Jaipur,Enterprise,Fintech,2442000
10.8,Bachelor's,UI/UX Designer,Mumbai,SMB,Manufacturing,1317000
3.3,Bachelor's,Chartered Accountant,Chennai,Startup,IT Services,1049000
3.7,Bachelor's,Software Engineer,Remote,Startup,Fintech,891000
6.7,Bachelor's,QA Engineer,Ahmedabad,Startup,Consulting,719000
5.8,Bachelor's,Chartered Accountant,Delhi NCR,Startup,Product Company,1894000
10.6,Bachelor's,Chartered Accountant,Jaipur,Startup,EdTech,1992000
9.1,Master's,Chartered Accountant,Bangalore,MNC,Manufacturing,3077000
7.4,Bachelor's,Business Analyst,Chennai,Mid-size,E-commerce,1076000
16.9,Bachelor's,Data Engineer,Pune,Enterprise,Consulting,4500000
9.0,PhD,Data Engineer,Hyderabad,Mid-size,E-commerce,3506000
7.4,Master's,Civil Engineer,Chennai,Mid-size,E-commerce,960000
3.0,Bachelor's,HR Manager,Ahmedabad,Enterprise,EdTech,809000
8.9,Bachelor's,DevOps Engineer,Ahmedabad,SMB,Healthcare,1650000
12.9,Master's,Data Scientist,Ahmedabad,Mid-size,Healthcare,3225000
6.4,Bachelor's,DevOps Engineer,Pune,Enterprise,EdTech,1313000
13.6,Bachelor's,DevOps Engineer,Delhi NCR,MNC,Fintech,4500000
11.6,PhD,Cloud Architect,Hyderabad,SMB,EdTech,4500000
17.1,Bachelor's,Chartered Accountant,Kolkata,Enterprise,Fintech,4500000
4.7,Master's,Machine Learning Engineer,Jaipur,Mid-size,IT Services,1479000
4.1,Bachelor's,Business Analyst,Delhi NCR,SMB,Healthcare,950000
7.2,Master's,Product Manager,Mumbai,SMB,Fintech,3225000
1.7,Bachelor's,DevOps Engineer,Mumbai,SMB,E-commerce,895000
6.4,Bachelor's,Machine Learning Engineer,Kolkata,SMB,IT Services,1554000
8.9,Bachelor's,HR Manager,Kolkata,Startup,Product Company,1231000
4.2,Bachelor's,Cybersecurity Analyst,Delhi NCR,Startup,Fintech,1553000
10.2,Master's,Senior Software Engineer,Pune,Enterprise,E-commerce,4450000
6.3,Bachelor's,Cybersecurity Analyst,Delhi NCR,Enterprise,Product Company,2120000
6.5,Bachelor's,Cybersecurity Analyst,Mumbai,Enterprise,EdTech,1696000
13.1,Master's,Product Manager,Bangalore,Mid-size,E-commerce,4500000
4.4,Master's,Mechanical Engineer,Delhi NCR,MNC,Healthcare,1215000
13.6,Bachelor's,Mechanical Engineer,Jaipur,SMB,Fintech,1401000
2.8,Bachelor's,Mechanical Engineer,Kolkata,SMB,Consulting,662000
12.1,PhD,Cybersecurity Analyst,Hyderabad,SMB,Product Company,4010000
3.4,Master's,Business Analyst,Jaipur,SMB,Fintech,833000
7.8,Master's,Machine Learning Engineer,Pune,Mid-size,Healthcare,2536000
12.3,PhD,Software Engineer,Kolkata,SMB,IT Services,2608000
2.5,Master's,Chartered Accountant,Chennai,MNC,EdTech,1804000
4.9,Bachelor's,Civil Engineer,Ahmedabad,Startup,EdTech,544000
7.3,Bachelor's,Machine Learning Engineer,Ahmedabad,Startup,Fintech,2151000
9.2,Bachelor's,Mechanical Engineer,Pune,SMB,Healthcare,1142000
1.2,Master's,Software Engineer,Ahmedabad,SMB,Manufacturing,578000
10.8,PhD,DevOps Engineer,Chennai,MNC,IT Services,2324000
13.5,Bachelor's,Data Scientist,Mumbai,Mid-size,Manufacturing,2974000
7.3,Bachelor's,Product Manager,Hyderabad,SMB,Healthcare,2764000
6.3,Bachelor's,Cloud Architect,Chennai,Mid-size,IT Services,2976000
3.8,PhD,QA Engineer,Delhi NCR,SMB,Product Company,1101000
2.8,Bachelor's,UI/UX Designer,Delhi NCR,SMB,E-commerce,681000
8.4,Bachelor's,Data Scientist,Kolkata,SMB,IT Services,1593000
5.9,Bachelor's,Data Scientist,Ahmedabad,SMB,Consulting,1339000
4.2,Bachelor's,Mechanical Engineer,Hyderabad,Mid-size,Fintech,1048000
5.6,Bachelor's,QA Engineer,Pune,Enterprise,IT Services,772000
4.4,Bachelor's,Chartered Accountant,Remote,SMB,EdTech,1198000
4.2,Bachelor's,Data Scientist,Chennai,Mid-size,Manufacturing,1220000
5.2,Bachelor's,Cloud Architect,Delhi NCR,Mid-size,Healthcare,3280000
6.1,Bachelor's,Data Scientist,Remote,SMB,IT Services,1204000
5.0,Bachelor's,Chartered Accountant,Kolkata,SMB,E-commerce,1228000
12.2,Bachelor's,Data Scientist,Jaipur,SMB,IT Services,2279000
4.9,Master's,Mechanical Engineer,Delhi NCR,SMB,E-commerce,929000
8.1,Bachelor's,Machine Learning Engineer,Hyderabad,SMB,Consulting,2411000
3.0,Bachelor's,Marketing Specialist,Ahmedabad,SMB,Manufacturing,520000
4.0,Bachelor's,UI/UX Designer,Jaipur,SMB,Manufacturing,630000
4.2,Bachelor's,HR Manager,Chennai,Enterprise,Fintech,1149000
20.9,Bachelor's,Senior Software Engineer,Delhi NCR,SMB,EdTech,4500000
6.4,Bachelor's,Cloud Architect,Hyderabad,MNC,Product Company,4500000
10.3,Master's,Marketing Specialist,Pune,SMB,Product Company,1824000
8.2,Bachelor's,Chartered Accountant,Remote,SMB,Manufacturing,1335000
1.5,Bachelor's,QA Engineer,Hyderabad,Mid-size,IT Services,608000
6.1,Bachelor's,Senior Software Engineer,Kolkata,Mid-size,Manufacturing,1711000
15.3,Bachelor's,Cybersecurity Analyst,Kolkata,MNC,Product Company,4500000
5.1,Bachelor's,UI/UX Designer,Delhi NCR,SMB,Fintech,1035000
2.1,Master's,Marketing Specialist,Remote,SMB,Manufacturing,670000
5.4,Master's,QA Engineer,Kolkata,Mid-size,Fintech,889000
14.1,Bachelor's,Chartered Accountant,Remote,Mid-size,Consulting,3472000
4.4,Bachelor's,Data Scientist,Pune,Enterprise,Healthcare,1691000
7.9,Bachelor's,Cybersecurity Analyst,Ahmedabad,Enterprise,IT Services,1191000
9.3,Bachelor's,Marketing Specialist,Ahmedabad,Startup,Fintech,1124000
4.5,Master's,Business Analyst,Remote,Enterprise,Manufacturing,945000
5.3,Bachelor's,UI/UX Designer,Delhi NCR,Mid-size,Consulting,1094000
7.7,Bachelor's,Sales Manager,Mumbai,Mid-size,EdTech,1437000
9.6,PhD,UI/UX Designer,Jaipur,SMB,Healthcare,1103000
12.4,Bachelor's,Business Analyst,Ahmedabad,MNC,Healthcare,2058000
13.8,Bachelor's,Data Engineer,Pune,Enterprise,Consulting,4500000
16.7,Master's,Mechanical Engineer,Mumbai,SMB,Healthcare,2165000
15.3,Bachelor's,Data Scientist,Ahmedabad,SMB,E-commerce,3193000
6.8,Bachelor's,Civil Engineer,Chennai,Mid-size,EdTech,655000
11.7,Bachelor's,Machine Learning Engineer,Remote,MNC,Manufacturing,3878000
11.3,PhD,Senior Software Engineer,Kolkata,SMB,Fintech,4500000
5.3,Bachelor's,Machine Learning Engineer,Remote,Enterprise,EdTech,1369000
15.9,Bachelor's,Senior Software Engineer,Mumbai,SMB,Fintech,4500000
4.5,Bachelor's,HR Manager,Ahmedabad,SMB,Healthcare,786000
11.1,Bachelor's,Cloud Architect,Hyderabad,Mid-size,EdTech,4500000
1.7,Master's,Marketing Specialist,Ahmedabad,Startup,E-commerce,582000
6.2,Bachelor's,Machine Learning Engineer,Delhi NCR,Startup,Fintech,2210000
5.1,Bachelor's,QA Engineer,Chennai,Enterprise,EdTech,822000
3.1,Bachelor's,Business Analyst,Jaipur,SMB,Manufacturing,539000
14.4,Master's,Cybersecurity Analyst,Hyderabad,Startup,E-commerce,3549000
12.4,Bachelor's,HR Manager,Pune,Startup,EdTech,1879000
5.8,Master's,Cybersecurity Analyst,Chennai,SMB,Product Company,1672000
4.3,Master's,Sales Manager,Delhi NCR,SMB,Consulting,1316000
3.2,Bachelor's,DevOps Engineer,Chennai,SMB,Fintech,948000
7.3,Master's,Data Scientist,Delhi NCR,MNC,Fintech,3093000
14.4,Master's,Senior Software Engineer,Bangalore,Mid-size,IT Services,4500000
12.6,Bachelor's,Cloud Architect,Remote,Mid-size,Consulting,4500000
10.0,PhD,QA Engineer,Kolkata,Startup,Fintech,1304000
12.4,Bachelor's,Senior Software Engineer,Kolkata,Startup,Consulting,3838000
6.1,Master's,DevOps Engineer,Hyderabad,Enterprise,Manufacturing,1788000
3.4,PhD,Cybersecurity Analyst,Hyderabad,Mid-size,Fintech,2004000
9.0,Bachelor's,Civil Engineer,Chennai,Enterprise,Product Company,1490000
10.5,Master's,HR Manager,Bangalore,SMB,Healthcare,2051000
16.1,Bachelor's,DevOps Engineer,Delhi NCR,Mid-size,E-commerce,3581000
1.7,Master's,Senior Software Engineer,Jaipur,Mid-size,Fintech,1494000
1.3,Master's,Data Engineer,Jaipur,SMB,EdTech,913000
13.4,Bachelor's,Chartered Accountant,Chennai,Enterprise,E-commerce,4500000
1.9,Bachelor's,Business Analyst,Pune,SMB,Product Company,777000
9.3,Bachelor's,Chartered Accountant,Bangalore,SMB,IT Services,2305000
12.5,Bachelor's,Marketing Specialist,Hyderabad,Startup,Consulting,1703000
6.5,Bachelor's,Chartered Accountant,Pune,Mid-size,IT Services,1679000
7.6,Bachelor's,HR Manager,Chennai,Enterprise,EdTech,1418000
9.9,Bachelor's,Senior Software Engineer,Ahmedabad,SMB,Healthcare,2514000
7.6,Bachelor's,Business Analyst,Delhi NCR,MNC,Product Company,2318000
10.3,Master's,Software Engineer,Jaipur,SMB,IT Services,1554000
4.4,Master's,Software Engineer,Hyderabad,Enterprise,IT Services,1235000
6.1,Master's,UI/UX Designer,Delhi NCR,Enterprise,Fintech,1462000
5.6,Bachelor's,Cybersecurity Analyst,Kolkata,MNC,Product Company,1721000
13.7,Master's,Civil Engineer,Bangalore,Enterprise,Product Company,2148000
3.2,Bachelor's,Data Scientist,Remote,SMB,Healthcare,1007000
16.7,Bachelor's,Software Engineer,Remote,SMB,Fintech,2503000
7.2,Bachelor's,Senior Software Engineer,Ahmedabad,Enterprise,E-commerce,2436000
4.9,Master's,Chartered Accountant,Ahmedabad,Enterprise,Fintech,1860000
10.3,Bachelor's,Cybersecurity Analyst,Pune,Mid-size,EdTech,2028000
5.9,Bachelor's,UI/UX Designer,Hyderabad,Mid-size,EdTech,981000
6.0,PhD,Senior Software Engineer,Pune,SMB,Healthcare,2838000
12.0,Bachelor's,Product Manager,Hyderabad,SMB,IT Services,3974000
7.7,Bachelor's,Data Scientist,Chennai,Startup,Consulting,1742000
6.6,PhD,Software Engineer,Remote,Mid-size,E-commerce,1758000
13.5,Bachelor's,Business Analyst,Kolkata,Mid-size,EdTech,1571000
9.4,Bachelor's,QA Engineer,Jaipur,Mid-size,Consulting,1003000
9.6,Master's,UI/UX Designer,Remote,Mid-size,Fintech,1712000
4.4,Master's,Civil Engineer,Kolkata,SMB,Product Company,840000
1.6,Bachelor's,Chartered Accountant,Hyderabad,SMB,Manufacturing,1066000
6.7,Master's,Data Scientist,Remote,Startup,Healthcare,1582000
4.5,Bachelor's,DevOps Engineer,Chennai,Startup,Healthcare,937000
8.8,Bachelor's,QA Engineer,Chennai,Mid-size,IT Services,1106000
7.5,Bachelor's,Business Analyst,Remote,Enterprise,Healthcare,1180000
12.8,Bachelor's,Business Analyst,Kolkata,MNC,IT Services,1987000
1.5,Master's,Sales Manager,Hyderabad,Startup,Healthcare,867000
11.0,Master's,Machine Learning Engineer,Ahmedabad,Enterprise,IT Services,3863000
12.6,Bachelor's,Mechanical Engineer,Remote,Mid-size,Product Company,1694000
9.3,Bachelor's,DevOps Engineer,Pune,SMB,Manufacturing,1737000
6.2,Bachelor's,Product Manager,Delhi NCR,Enterprise,Manufacturing,2214000
10.9,Master's,Machine Learning Engineer,Hyderabad,MNC,Manufacturing,4464000
2.6,Bachelor's,Cybersecurity Analyst,Ahmedabad,SMB,Healthcare,894000
11.0,Master's,Sales Manager,Hyderabad,Mid-size,Healthcare,2021000
4.5,Bachelor's,Cybersecurity Analyst,Delhi NCR,SMB,Manufacturing,1080000
5.7,Bachelor's,UI/UX Designer,Kolkata,SMB,Consulting,781000
1.6,Master's,Cloud Architect,Jaipur,Startup,EdTech,1548000
9.7,Master's,Sales Manager,Mumbai,Startup,Manufacturing,1900000
7.0,Bachelor's,Data Scientist,Remote,Enterprise,Consulting,1922000
9.8,Master's,Cloud Architect,Bangalore,Startup,Consulting,4500000
15.1,PhD,Sales Manager,Hyderabad,Mid-size,EdTech,4155000
7.6,Bachelor's,Sales Manager,Hyderabad,Enterprise,Consulting,1740000
4.0,Bachelor's,DevOps Engineer,Ahmedabad,Enterprise,Product Company,1339000
8.5,Bachelor's,Product Manager,Mumbai,SMB,Manufacturing,2267000
2.8,Master's,Cloud Architect,Bangalore,Startup,Product Company,3073000
2.5,Bachelor's,Civil Engineer,Ahmedabad,SMB,Fintech,463000
3.9,Bachelor's,Data Engineer,Pune,Startup,IT Services,1062000
7.4,Bachelor's,Data Scientist,Kolkata,SMB,Product Company,1665000
8.4,Master's,Data Scientist,Chennai,Mid-size,Fintech,2591000
4.6,Bachelor's,Senior Software Engineer,Hyderabad,Mid-size,Fintech,2683000
9.3,Master's,DevOps Engineer,Kolkata,SMB,Consulting,2109000
2.7,Bachelor's,DevOps Engineer,Jaipur,SMB,EdTech,725000
11.7,PhD,UI/UX Designer,Mumbai,Enterprise,IT Services,2188000
15.5,Bachelor's,Marketing Specialist,Jaipur,MNC,E-commerce,2544000
10.1,Bachelor's,Civil Engineer,Pune,Mid-size,Healthcare,928000
0.5,Master's,Data Engineer,Pune,Mid-size,Healthcare,1089000
11.8,PhD,Marketing Specialist,Hyderabad,Mid-size,EdTech,2068000
5.5,Bachelor's,Cybersecurity Analyst,Pune,Startup,Consulting,1369000
10.8,Bachelor's,Cloud Architect,Pune,Enterprise,Manufacturing,4500000
5.0,Master's,Cybersecurity Analyst,Kolkata,SMB,Manufacturing,978000
6.5,Master's,Cloud Architect,Hyderabad,Mid-size,E-commerce,4340000
11.2,Bachelor's,Cloud Architect,Chennai,SMB,Manufacturing,4500000
8.3,Bachelor's,HR Manager,Pune,Mid-size,EdTech,1554000
3.0,Master's,Chartered Accountant,Hyderabad,Enterprise,Product Company,2039000
1.3,Master's,Cybersecurity Analyst,Jaipur,Enterprise,Manufacturing,874000
8.1,Master's,Data Engineer,Chennai,SMB,Consulting,2120000
14.7,Bachelor's,Sales Manager,Pune,Mid-size,Manufacturing,3062000
4.1,Bachelor's,Marketing Specialist,Kolkata,Mid-size,Consulting,739000
8.5,PhD,Software Engineer,Remote,Enterprise,Fintech,2840000
1.9,Master's,Product Manager,Pune,SMB,E-commerce,1529000
5.9,Master's,Senior Software Engineer,Pune,Mid-size,Healthcare,2644000
7.1,Bachelor's,QA Engineer,Kolkata,Mid-size,EdTech,691000
13.2,Bachelor's,Cloud Architect,Delhi NCR,Startup,Product Company,4500000
14.4,Master's,Cloud Architect,Kolkata,Mid-size,Fintech,4500000
5.4,Bachelor's,Civil Engineer,Hyderabad,Startup,Fintech,682000
12.6,PhD,Machine Learning Engineer,Remote,Enterprise,Consulting,4500000
15.1,Bachelor's,Chartered Accountant,Bangalore,SMB,Product Company,4500000
1.3,Master's,Business Analyst,Pune,Enterprise,EdTech,833000
9.1,Master's,Machine Learning Engineer,Kolkata,Startup,Healthcare,2133000
6.9,Bachelor's,Data Scientist,Chennai,SMB,EdTech,1733000
6.9,Bachelor's,Sales Manager,Mumbai,Startup,Product Company,1821000
5.1,Master's,Chartered Accountant,Remote,Enterprise,IT Services,1870000
5.3,Bachelor's,Civil Engineer,Mumbai,Startup,E-commerce,699000
6.6,Bachelor's,Machine Learning Engineer,Kolkata,SMB,Manufacturing,1640000
4.0,Master's,Civil Engineer,Delhi NCR,Startup,Healthcare,632000
11.6,PhD,DevOps Engineer,Delhi NCR,Enterprise,E-commerce,3611000
4.0,Bachelor's,UI/UX Designer,Ahmedabad,SMB,IT Services,550000
10.7,Bachelor's,Software Engineer,Mumbai,Mid-size,IT Services,1887000
12.1,Bachelor's,DevOps Engineer,Mumbai,Startup,IT Services,2224000
6.1,Bachelor's,Cloud Architect,Ahmedabad,SMB,Healthcare,2047000
15.8,Bachelor's,HR Manager,Bangalore,Startup,Manufacturing,2394000
10.6,Bachelor's,Cloud Architect,Delhi NCR,Mid-size,E-commerce,4107000
8.4,Master's,DevOps Engineer,Pune,Startup,EdTech,1845000
1.3,Bachelor's,DevOps Engineer,Delhi NCR,MNC,IT Services,971000
10.5,PhD,DevOps Engineer,Chennai,SMB,Manufacturing,2029000
7.4,Bachelor's,QA Engineer,Delhi NCR,Mid-size,Product Company,1191000
15.1,Bachelor's,Machine Learning Engineer,Remote,SMB,Healthcare,4500000
4.1,Master's,Cloud Architect,Remote,SMB,EdTech,2435000
8.3,Master's,QA Engineer,Hyderabad,Enterprise,IT Services,1251000
5.3,Bachelor's,Marketing Specialist,Kolkata,Enterprise,Healthcare,786000
1.9,Bachelor's,Senior Software Engineer,Mumbai,Mid-size,Product Company,2134000
14.4,Bachelor's,Product Manager,Ahmedabad,Enterprise,Manufacturing,4500000
8.0,Bachelor's,Data Engineer,Delhi NCR,Startup,E-commerce,2076000
8.8,Bachelor's,Chartered Accountant,Remote,MNC,E-commerce,2329000
2.5,Bachelor's,Chartered Accountant,Remote,SMB,EdTech,979000
10.5,Bachelor's,Civil Engineer,Bangalore,Enterprise,EdTech,1370000
5.9,Bachelor's,QA Engineer,Hyderabad,Enterprise,Fintech,1099000
15.0,PhD,Senior Software Engineer,Bangalore,SMB,EdTech,4500000
11.5,Master's,HR Manager,Ahmedabad,Mid-size,Fintech,1989000
7.0,Bachelor's,Cybersecurity Analyst,Pune,MNC,Manufacturing,1744000
17.2,Bachelor's,Chartered Accountant,Ahmedabad,Startup,Manufacturing,2376000
5.9,Bachelor's,Chartered Accountant,Mumbai,SMB,Consulting,1915000
9.3,Bachelor's,Mechanical Engineer,Mumbai,Mid-size,Consulting,1497000
13.2,Master's,Business Analyst,Kolkata,SMB,E-commerce,1965000
9.2,Master's,Data Engineer,Ahmedabad,SMB,E-commerce,1995000
13.2,PhD,Sales Manager,Chennai,Enterprise,Consulting,4269000
13.4,PhD,Civil Engineer,Chennai,MNC,Manufacturing,1528000
8.7,PhD,DevOps Engineer,Ahmedabad,Mid-size,E-commerce,2135000
16.0,PhD,QA Engineer,Hyderabad,MNC,Consulting,3633000
9.8,Bachelor's,Data Engineer,Chennai,Startup,Healthcare,2051000
14.4,Bachelor's,Machine Learning Engineer,Pune,SMB,EdTech,4500000
3.5,Bachelor's,Business Analyst,Hyderabad,Startup,Manufacturing,626000
6.8,Bachelor's,Chartered Accountant,Mumbai,SMB,IT Services,1606000
1.9,Bachelor's,Software Engineer,Hyderabad,Mid-size,Manufacturing,730000
8.4,Master's,QA Engineer,Mumbai,SMB,E-commerce,1720000
5.7,Master's,Data Engineer,Bangalore,SMB,Product Company,2422000
6.6,Bachelor's,Chartered Accountant,Ahmedabad,Mid-size,Product Company,1967000
7.4,Bachelor's,Cloud Architect,Mumbai,Mid-size,Fintech,4500000
9.2,Bachelor's,Business Analyst,Kolkata,Mid-size,IT Services,1153000
7.7,Bachelor's,Senior Software Engineer,Ahmedabad,Mid-size,E-commerce,2609000
4.6,Master's,Product Manager,Jaipur,MNC,Fintech,1960000
7.7,Bachelor's,HR Manager,Bangalore,Mid-size,Fintech,1843000
4.1,Master's,Marketing Specialist,Chennai,MNC,Product Company,1396000
12.9,Bachelor's,Business Analyst,Delhi NCR,MNC,EdTech,2824000
5.6,Bachelor's,Cybersecurity Analyst,Mumbai,Enterprise,IT Services,1377000
2.4,Bachelor's,HR Manager,Jaipur,Startup,Healthcare,525000
3.7,Master's,Business Analyst,Bangalore,Mid-size,E-commerce,1108000
6.7,Master's,Cloud Architect,Mumbai,SMB,IT Services,3471000
4.9,Bachelor's,Civil Engineer,Ahmedabad,Startup,Fintech,629000
17.5,PhD,Civil Engineer,Mumbai,Mid-size,Product Company,2439000
8.6,Bachelor's,QA Engineer,Bangalore,SMB,Product Company,1591000
2.5,Master's,Software Engineer,Hyderabad,Mid-size,Healthcare,1050000
5.0,Bachelor's,Software Engineer,Mumbai,Enterprise,E-commerce,1479000
8.0,Bachelor's,Data Scientist,Pune,SMB,EdTech,1817000
6.8,Master's,Sales Manager,Kolkata,MNC,Fintech,2108000
6.3,Bachelor's,Machine Learning Engineer,Hyderabad,Enterprise,EdTech,2404000
13.7,Bachelor's,Senior Software Engineer,Ahmedabad,Enterprise,Product Company,4500000
8.0,Bachelor's,Sales Manager,Mumbai,Startup,Healthcare,1321000
10.5,Bachelor's,UI/UX Designer,Bangalore,MNC,EdTech,1702000
6.6,Master's,QA Engineer,Bangalore,Startup,Fintech,1109000
3.1,Master's,Machine Learning Engineer,Kolkata,Enterprise,E-commerce,1755000
4.6,Master's,Machine Learning Engineer,Ahmedabad,Startup,EdTech,1356000
14.4,Bachelor's,DevOps Engineer,Hyderabad,Startup,Manufacturing,2842000
3.5,Bachelor's,Cybersecurity Analyst,Mumbai,SMB,Fintech,1287000
7.4,Bachelor's,HR Manager,Ahmedabad,Enterprise,Fintech,1569000
8.6,Bachelor's,Chartered Accountant,Jaipur,Enterprise,IT Services,1641000
8.3,Bachelor's,Data Scientist,Ahmedabad,Mid-size,E-commerce,2053000
6.2,PhD,Sales Manager,Kolkata,Enterprise,IT Services,1639000
4.0,Master's,Marketing Specialist,Ahmedabad,SMB,Product Company,836000
7.4,Master's,Software Engineer,Pune,MNC,E-commerce,2286000
9.3,Bachelor's,Cybersecurity Analyst,Bangalore,SMB,E-commerce,2337000
2.5,Bachelor's,UI/UX Designer,Chennai,MNC,IT Services,811000
5.3,Bachelor's,Machine Learning Engineer,Chennai,Enterprise,Manufacturing,1899000
10.7,Bachelor's,Mechanical Engineer,Jaipur,SMB,IT Services,1014000
3.5,Bachelor's,Chartered Accountant,Pune,SMB,EdTech,1330000
12.3,Bachelor's,Data Engineer,Jaipur,Mid-size,Product Company,3205000
11.8,Bachelor's,Machine Learning Engineer,Delhi NCR,MNC,Consulting,4500000
3.2,PhD,Business Analyst,Delhi NCR,Mid-size,EdTech,1119000
6.3,Bachelor's,QA Engineer,Remote,Enterprise,IT Services,743000
14.7,PhD,Chartered Accountant,Chennai,MNC,Healthcare,4500000
8.4,Bachelor's,Mechanical Engineer,Bangalore,SMB,Healthcare,1256000
7.0,Bachelor's,Sales Manager,Pune,Mid-size,IT Services,1364000
8.4,Bachelor's,Marketing Specialist,Chennai,Mid-size,Healthcare,896000
3.3,Bachelor's,Sales Manager,Pune,SMB,Healthcare,847000
9.2,Bachelor's,Cloud Architect,Hyderabad,Enterprise,E-commerce,4500000
13.6,Bachelor's,Data Scientist,Pune,SMB,E-commerce,3469000
10.3,PhD,Civil Engineer,Chennai,Mid-size,E-commerce,1514000
8.6,Bachelor's,QA Engineer,Bangalore,Mid-size,Fintech,1254000
10.1,Master's,HR Manager,Chennai,Enterprise,E-commerce,2338000
7.5,Bachelor's,Sales Manager,Ahmedabad,Mid-size,IT Services,1218000
8.6,Bachelor's,UI/UX Designer,Delhi NCR,Mid-size,IT Services,1319000
8.5,Bachelor's,Cybersecurity Analyst,Kolkata,Startup,Fintech,1544000
13.8,Bachelor's,Cybersecurity Analyst,Kolkata,Enterprise,Consulting,3548000
5.0,PhD,HR Manager,Delhi NCR,SMB,Product Company,1858000
5.7,Master's,Product Manager,Remote,Mid-size,Product Company,2108000
6.4,Master's,Product Manager,Kolkata,Enterprise,Fintech,2783000
7.9,Bachelor's,Product Manager,Jaipur,SMB,Consulting,1801000
7.9,Bachelor's,Senior Software Engineer,Kolkata,SMB,IT Services,1801000
4.7,PhD,UI/UX Designer,Remote,SMB,E-commerce,955000
11.9,Bachelor's,UI/UX Designer,Delhi NCR,Mid-size,Fintech,2086000
4.5,Bachelor's,Machine Learning Engineer,Hyderabad,SMB,E-commerce,1837000
6.2,Bachelor's,Mechanical Engineer,Hyderabad,SMB,E-commerce,1085000
7.8,Master's,Sales Manager,Remote,SMB,IT Services,1440000
1.7,Master's,DevOps Engineer,Ahmedabad,SMB,Product Company,1070000
9.4,Master's,Data Scientist,Mumbai,SMB,Consulting,2652000
2.6,Master's,Cybersecurity Analyst,Delhi NCR,Mid-size,Fintech,1615000
6.2,Bachelor's,Software Engineer,Bangalore,Mid-size,E-commerce,1090000
8.8,PhD,Data Scientist,Remote,Mid-size,Healthcare,2763000
14.8,Bachelor's,Business Analyst,Delhi NCR,SMB,Product Company,3249000
1.5,Master's,HR Manager,Mumbai,MNC,Healthcare,1218000
8.8,Bachelor's,Senior Software Engineer,Pune,Mid-size,IT Services,3291000
5.9,PhD,QA Engineer,Bangalore,Enterprise,Consulting,1232000
6.9,Bachelor's,Data Engineer,Ahmedabad,Mid-size,Product Company,1980000
6.0,Bachelor's,DevOps Engineer,Pune,SMB,E-commerce,1476000
6.0,Bachelor's,QA Engineer,Bangalore,Enterprise,E-commerce,1172000
3.7,Bachelor's,Cybersecurity Analyst,Remote,Startup,Fintech,982000
8.8,Bachelor's,Data Scientist,Chennai,MNC,Consulting,2909000
6.2,Master's,HR Manager,Bangalore,Mid-size,Healthcare,1538000
8.3,Bachelor's,DevOps Engineer,Pune,Startup,E-commerce,1618000
8.7,PhD,Product Manager,Chennai,SMB,Healthcare,3104000
2.6,Bachelor's,Software Engineer,Pune,Mid-size,IT Services,739000
12.2,Master's,Data Engineer,Remote,Startup,Manufacturing,2415000
14.5,Bachelor's,Data Engineer,Jaipur,SMB,IT Services,2880000
5.6,Master's,Data Scientist,Jaipur,MNC,Manufacturing,1601000
6.1,Bachelor's,Cloud Architect,Chennai,SMB,E-commerce,3083000
11.0,Bachelor's,Marketing Specialist,Remote,Startup,Consulting,1530000
12.1,PhD,Sales Manager,Mumbai,Startup,Product Company,3754000
6.9,Bachelor's,Cloud Architect,Chennai,Mid-size,Product Company,3546000
10.5,Bachelor's,Cybersecurity Analyst,Ahmedabad,Mid-size,EdTech,1950000
5.1,Master's,Marketing Specialist,Chennai,Mid-size,Product Company,1342000
10.3,Master's,Product Manager,Jaipur,MNC,Consulting,3586000
2.0,Bachelor's,Machine Learning Engineer,Hyderabad,Startup,E-commerce,1125000
10.8,Bachelor's,Software Engineer,Delhi NCR,Startup,Healthcare,1604000
4.7,Master's,HR Manager,Jaipur,SMB,Product Company,901000
3.9,Master's,Cloud Architect,Hyderabad,SMB,Fintech,2764000
3.5,PhD,Mechanical Engineer,Mumbai,Startup,IT Services,807000
12.0,Bachelor's,Cloud Architect,Remote,SMB,EdTech,4500000
2.7,Master's,Sales Manager,Kolkata,Enterprise,IT Services,908000
5.1,Bachelor's,Cloud Architect,Mumbai,Startup,Consulting,2461000
2.8,PhD,Data Engineer,Mumbai,MNC,Consulting,2266000
3.9,Bachelor's,HR Manager,Pune,MNC,E-commerce,1285000
8.5,Master's,Marketing Specialist,Ahmedabad,Mid-size,Manufacturing,958000
7.1,Bachelor's,Data Scientist,Hyderabad,Enterprise,Healthcare,1899000
8.7,Bachelor's,QA Engineer,Pune,Mid-size,E-commerce,1326000
11.8,Master's,DevOps Engineer,Hyderabad,SMB,IT Services,2201000
6.6,Bachelor's,Machine Learning Engineer,Ahmedabad,Mid-size,IT Services,1385000
7.8,PhD,Mechanical Engineer,Remote,Startup,EdTech,1142000
1.9,Bachelor's,HR Manager,Bangalore,SMB,Fintech,929000
14.6,Master's,Chartered Accountant,Remote,Enterprise,Fintech,4500000
6.1,Bachelor's,Civil Engineer,Remote,Mid-size,IT Services,646000
6.9,Bachelor's,UI/UX Designer,Chennai,SMB,Manufacturing,834000
8.1,Bachelor's,QA Engineer,Bangalore,Mid-size,Healthcare,1203000
9.5,Bachelor's,QA Engineer,Kolkata,MNC,EdTech,1011000
11.4,Bachelor's,Marketing Specialist,Chennai,Startup,Healthcare,1377000
8.2,Master's,Software Engineer,Jaipur,SMB,E-commerce,1378000
3.0,Master's,Mechanical Engineer,Pune,Startup,Product Company,992000
7.2,Master's,Mechanical Engineer,Chennai,MNC,EdTech,1281000
16.3,Bachelor's,HR Manager,Jaipur,Mid-size,Healthcare,2171000
8.8,Bachelor's,Data Engineer,Kolkata,Startup,Product Company,1948000
12.3,Bachelor's,UI/UX Designer,Kolkata,Mid-size,EdTech,1535000
4.1,Master's,UI/UX Designer,Remote,Mid-size,Consulting,954000
12.1,Master's,Cybersecurity Analyst,Delhi NCR,Startup,Consulting,3286000
4.7,Bachelor's,Cloud Architect,Hyderabad,Enterprise,IT Services,3138000
5.8,Master's,Marketing Specialist,Remote,Mid-size,IT Services,916000
3.6,Bachelor's,Business Analyst,Hyderabad,Startup,IT Services,770000
14.3,Bachelor's,Cloud Architect,Chennai,MNC,Product Company,4500000
4.4,Bachelor's,Marketing Specialist,Ahmedabad,Startup,E-commerce,706000
10.7,Bachelor's,Product Manager,Ahmedabad,Startup,Product Company,2436000
5.8,Master's,Senior Software Engineer,Ahmedabad,SMB,Consulting,2026000
7.6,PhD,QA Engineer,Delhi NCR,Startup,Fintech,1220000
0.9,Bachelor's,QA Engineer,Hyderabad,Mid-size,Consulting,706000
13.8,Bachelor's,Cloud Architect,Bangalore,SMB,IT Services,4500000
9.8,Master's,Software Engineer,Mumbai,Startup,IT Services,2015000
11.2,PhD,UI/UX Designer,Remote,MNC,Fintech,2722000
6.7,Master's,Marketing Specialist,Kolkata,SMB,E-commerce,1088000
2.3,Bachelor's,Mechanical Engineer,Delhi NCR,SMB,Product Company,738000
12.6,Master's,Machine Learning Engineer,Delhi NCR,SMB,Fintech,4500000
12.6,Bachelor's,Business Analyst,Mumbai,Enterprise,E-commerce,2869000
4.5,PhD,Chartered Accountant,Jaipur,Startup,Healthcare,1114000
8.5,Bachelor's,Product Manager,Delhi NCR,Startup,E-commerce,2761000
6.4,Master's,UI/UX Designer,Jaipur,Enterprise,Product Company,1272000
11.4,Bachelor's,Sales Manager,Bangalore,Startup,Healthcare,2123000
8.4,Bachelor's,UI/UX Designer,Delhi NCR,Enterprise,E-commerce,1759000
12.3,Master's,Civil Engineer,Kolkata,Mid-size,Healthcare,1250000
7.8,Master's,Product Manager,Kolkata,Enterprise,EdTech,2825000
10.4,Bachelor's,UI/UX Designer,Bangalore,Startup,Product Company,1884000
10.6,PhD,QA Engineer,Kolkata,MNC,EdTech,1763000
8.1,Master's,Marketing Specialist,Jaipur,SMB,EdTech,998000
6.1,Bachelor's,Product Manager,Bangalore,Startup,Consulting,2299000
11.0,Bachelor's,DevOps Engineer,Mumbai,Enterprise,Product Company,3593000
15.9,Bachelor's,Product Manager,Delhi NCR,Startup,Fintech,4500000
15.1,Master's,DevOps Engineer,Pune,SMB,Fintech,4183000
11.3,Bachelor's,Machine Learning Engineer,Delhi NCR,Mid-size,Consulting,3769000
5.4,Bachelor's,Mechanical Engineer,Jaipur,Startup,Healthcare,645000
10.4,PhD,Product Manager,Jaipur,SMB,E-commerce,3806000
13.1,PhD,DevOps Engineer,Kolkata,SMB,IT Services,2354000
1.9,Master's,Mechanical Engineer,Jaipur,SMB,Product Company,673000
12.9,PhD,Mechanical Engineer,Jaipur,Mid-size,EdTech,1560000
3.2,Master's,DevOps Engineer,Bangalore,Enterprise,EdTech,1643000
5.3,Master's,Cloud Architect,Mumbai,SMB,Product Company,4277000
8.2,Master's,Mechanical Engineer,Jaipur,SMB,IT Services,829000
12.1,Bachelor's,Cloud Architect,Delhi NCR,SMB,EdTech,3795000
4.5,Bachelor's,Civil Engineer,Kolkata,SMB,E-commerce,646000
4.1,Bachelor's,Cybersecurity Analyst,Delhi NCR,Startup,Consulting,1272000
7.8,Master's,Cybersecurity Analyst,Bangalore,Mid-size,Consulting,2494000
7.7,Bachelor's,QA Engineer,Chennai,Startup,Healthcare,902000
7.5,Bachelor's,Software Engineer,Mumbai,Mid-size,EdTech,1514000
8.9,Bachelor's,Mechanical Engineer,Ahmedabad,Startup,E-commerce,892000
9.1,Bachelor's,Data Engineer,Jaipur,Startup,Manufacturing,1347000
13.0,Bachelor's,Machine Learning Engineer,Hyderabad,SMB,E-commerce,4500000
1.2,Master's,Mechanical Engineer,Mumbai,SMB,Fintech,912000
4.2,Master's,Cloud Architect,Mumbai,Mid-size,Product Company,4210000
8.1,Bachelor's,Product Manager,Kolkata,Mid-size,Healthcare,2294000
12.1,Bachelor's,Cybersecurity Analyst,Mumbai,MNC,Consulting,3872000
16.0,Bachelor's,Cloud Architect,Chennai,SMB,Manufacturing,4500000
7.4,Master's,Software Engineer,Remote,Startup,Fintech,1415000
9.6,Master's,Cloud Architect,Chennai,Enterprise,Healthcare,4500000
12.2,Bachelor's,Sales Manager,Bangalore,Enterprise,Product Company,3594000
9.9,Master's,Business Analyst,Delhi NCR,Startup,Fintech,1891000
10.0,Bachelor's,Sales Manager,Jaipur,Startup,Consulting,1379000
8.3,Bachelor's,Senior Software Engineer,Delhi NCR,SMB,Consulting,3243000
7.1,PhD,DevOps Engineer,Remote,SMB,Consulting,1848000
14.3,Bachelor's,DevOps Engineer,Remote,Mid-size,Manufacturing,2504000
7.9,Bachelor's,Senior Software Engineer,Pune,SMB,Manufacturing,1875000
10.1,Bachelor's,Cybersecurity Analyst,Delhi NCR,MNC,Fintech,3164000
4.0,Master's,Machine Learning Engineer,Hyderabad,Mid-size,Fintech,2106000
9.9,PhD,UI/UX Designer,Hyderabad,Enterprise,Consulting,2353000
7.0,PhD,HR Manager,Mumbai,Startup,EdTech,1511000
12.3,Bachelor's,DevOps Engineer,Delhi NCR,Mid-size,Healthcare,2045000
6.6,Bachelor's,Machine Learning Engineer,Mumbai,Enterprise,Fintech,2818000
1.8,Master's,Chartered Accountant,Ahmedabad,Startup,Healthcare,817000
2.4,Bachelor's,Product Manager,Hyderabad,Mid-size,IT Services,1290000
8.4,Master's,Cloud Architect,Delhi NCR,SMB,Product Company,4500000
4.4,Master's,Sales Manager,Jaipur,SMB,Healthcare,784000
8.3,Bachelor's,Data Scientist,Ahmedabad,Enterprise,IT Services,1765000
8.7,Master's,Product Manager,Pune,Mid-size,Manufacturing,2753000
10.5,Bachelor's,Machine Learning Engineer,Pune,Enterprise,Consulting,3768000
8.1,Bachelor's,Chartered Accountant,Remote,SMB,E-commerce,1785000
17.7,Bachelor's,Cloud Architect,Chennai,Enterprise,Fintech,4500000
9.5,Bachelor's,Data Engineer,Jaipur,Mid-size,IT Services,1805000
1.7,Master's,QA Engineer,Jaipur,Startup,IT Services,371000
13.9,Master's,UI/UX Designer,Delhi NCR,Enterprise,Healthcare,2883000
8.1,PhD,Senior Software Engineer,Chennai,Startup,E-commerce,2851000
6.3,PhD,DevOps Engineer,Mumbai,Startup,Product Company,2213000
11.5,Bachelor's,Civil Engineer,Kolkata,Enterprise,Product Company,1181000
11.0,Bachelor's,QA Engineer,Kolkata,Startup,IT Services,884000
2.2,Master's,Civil Engineer,Kolkata,Startup,Consulting,482000
11.5,PhD,Data Engineer,Jaipur,Startup,IT Services,2240000
2.6,Bachelor's,Cloud Architect,Ahmedabad,Enterprise,EdTech,1845000
2.7,Bachelor's,Product Manager,Hyderabad,Startup,Fintech,1463000
15.0,Bachelor's,Marketing Specialist,Mumbai,SMB,E-commerce,2516000
9.3,Bachelor's,DevOps Engineer,Chennai,SMB,E-commerce,1979000
4.6,Master's,Data Engineer,Kolkata,SMB,IT Services,1501000
8.1,Bachelor's,Chartered Accountant,Jaipur,SMB,EdTech,1667000
4.8,Master's,Civil Engineer,Delhi NCR,Enterprise,IT Services,945000
10.2,Master's,Product Manager,Jaipur,Enterprise,Product Company,3361000
6.5,Master's,DevOps Engineer,Mumbai,Enterprise,Consulting,1856000
7.4,Bachelor's,Cybersecurity Analyst,Hyderabad,Enterprise,Healthcare,1818000
6.2,Bachelor's,Data Engineer,Delhi NCR,SMB,E-commerce,2125000
5.0,Master's,Marketing Specialist,Hyderabad,Startup,E-commerce,1261000
7.0,Master's,Senior Software Engineer,Delhi NCR,Mid-size,Manufacturing,2451000
14.6,Bachelor's,QA Engineer,Pune,SMB,IT Services,1496000
5.4,Master's,Software Engineer,Bangalore,Mid-size,Healthcare,1528000
14.0,Bachelor's,HR Manager,Kolkata,Startup,Manufacturing,1580000
5.9,Master's,Civil Engineer,Ahmedabad,Mid-size,E-commerce,772000
6.3,Bachelor's,Marketing Specialist,Hyderabad,SMB,Consulting,1163000
9.9,Bachelor's,Cloud Architect,Chennai,SMB,E-commerce,4500000
14.2,Bachelor's,Marketing Specialist,Chennai,MNC,Consulting,3030000
8.6,Bachelor's,UI/UX Designer,Hyderabad,SMB,Consulting,1583000
4.1,Bachelor's,Cybersecurity Analyst,Kolkata,Startup,Manufacturing,661000
9.6,Bachelor's,DevOps Engineer,Pune,SMB,IT Services,1912000
5.9,Bachelor's,UI/UX Designer,Jaipur,SMB,Fintech,769000
3.7,Master's,Civil Engineer,Kolkata,Mid-size,E-commerce,780000
14.4,Bachelor's,Machine Learning Engineer,Hyderabad,MNC,Consulting,4500000
10.4,Master's,Product Manager,Chennai,Enterprise,IT Services,3989000
2.3,Master's,Cloud Architect,Hyderabad,Mid-size,EdTech,2229000
14.4,Bachelor's,Machine Learning Engineer,Ahmedabad,Enterprise,Consulting,4500000
11.7,Bachelor's,Business Analyst,Pune,SMB,Manufacturing,1448000
7.6,Master's,Data Engineer,Delhi NCR,MNC,Consulting,3423000
2.6,Master's,Software Engineer,Kolkata,Mid-size,E-commerce,978000
10.0,Bachelor's,Machine Learning Engineer,Jaipur,Startup,Manufacturing,2114000
14.9,Master's,Mechanical Engineer,Chennai,MNC,Fintech,3433000
7.8,Bachelor's,DevOps Engineer,Bangalore,Mid-size,IT Services,1605000
17.0,Bachelor's,Product Manager,Pune,Startup,Manufacturing,4500000
6.1,Master's,Sales Manager,Kolkata,Enterprise,EdTech,1462000
2.0,Bachelor's,Marketing Specialist,Bangalore,SMB,IT Services,649000
8.7,Master's,HR Manager,Mumbai,Startup,Consulting,2000000
6.2,Bachelor's,Data Scientist,Mumbai,SMB,E-commerce,1876000
1.9,Master's,Marketing Specialist,Mumbai,Mid-size,Healthcare,777000
8.1,Bachelor's,Marketing Specialist,Remote,SMB,E-commerce,1095000
10.4,Bachelor's,Data Scientist,Remote,Startup,Consulting,2232000
8.1,Bachelor's,Civil Engineer,Jaipur,SMB,Healthcare,600000
10.5,Bachelor's,Cloud Architect,Jaipur,SMB,Manufacturing,2925000
2.1,Master's,Business Analyst,Jaipur,Mid-size,Fintech,712000
2.9,Bachelor's,Mechanical Engineer,Hyderabad,SMB,Healthcare,713000
9.0,Bachelor's,QA Engineer,Mumbai,Startup,Fintech,1406000
11.7,Bachelor's,DevOps Engineer,Bangalore,SMB,Product Company,3083000
9.5,Bachelor's,Cloud Architect,Ahmedabad,SMB,Healthcare,3373000
9.0,Master's,Marketing Specialist,Jaipur,SMB,E-commerce,1201000
4.2,Bachelor's,Machine Learning Engineer,Bangalore,Enterprise,Healthcare,1752000
17.2,PhD,UI/UX Designer,Hyderabad,SMB,EdTech,3366000
7.0,Bachelor's,Marketing Specialist,Hyderabad,Startup,Fintech,909000
3.7,Master's,Civil Engineer,Remote,Startup,E-commerce,644000
5.0,Bachelor's,Mechanical Engineer,Ahmedabad,Mid-size,Product Company,812000
8.9,Bachelor's,Product Manager,Pune,SMB,Manufacturing,2733000
10.4,Master's,Machine Learning Engineer,Bangalore,Mid-size,EdTech,4110000
3.5,PhD,Chartered Accountant,Delhi NCR,Mid-size,Manufacturing,1966000
5.1,Master's,Data Engineer,Chennai,Startup,EdTech,1475000
5.6,Bachelor's,Business Analyst,Bangalore,SMB,IT Services,930000
3.3,Bachelor's,Chartered Accountant,Delhi NCR,MNC,IT Services,1338000
2.7,Master's,Marketing Specialist,Chennai,SMB,Manufacturing,721000
8.9,Bachelor's,UI/UX Designer,Remote,Mid-size,Healthcare,1064000
10.5,Master's,Machine Learning Engineer,Hyderabad,Mid-size,E-commerce,4045000
16.4,Bachelor's,Senior Software Engineer,Hyderabad,SMB,Fintech,4500000
3.5,Bachelor's,QA Engineer,Delhi NCR,Enterprise,Product Company,1081000
10.3,Master's,Data Scientist,Mumbai,Startup,Product Company,3149000
8.6,Master's,Cloud Architect,Remote,SMB,Healthcare,3432000
13.3,Bachelor's,Sales Manager,Ahmedabad,Mid-size,IT Services,1715000
9.6,Bachelor's,Software Engineer,Pune,MNC,Manufacturing,1567000
9.4,Master's,HR Manager,Mumbai,Startup,Manufacturing,1643000
15.7,Bachelor's,Business Analyst,Kolkata,Mid-size,E-commerce,2504000
3.3,Bachelor's,Civil Engineer,Jaipur,Startup,IT Services,414000
8.0,Bachelor's,Machine Learning Engineer,Pune,Mid-size,Fintech,2975000
4.2,Master's,UI/UX Designer,Pune,SMB,IT Services,779000
3.0,Master's,HR Manager,Kolkata,SMB,Consulting,1029000
13.4,Bachelor's,Cybersecurity Analyst,Jaipur,MNC,Manufacturing,2149000
12.4,Bachelor's,Mechanical Engineer,Pune,Mid-size,Healthcare,1493000
10.6,Bachelor's,Sales Manager,Delhi NCR,Startup,EdTech,1930000
7.0,Bachelor's,Marketing Specialist,Kolkata,MNC,Healthcare,1080000
16.4,Bachelor's,Product Manager,Delhi NCR,SMB,Consulting,4500000
10.1,Bachelor's,UI/UX Designer,Ahmedabad,Mid-size,IT Services,1052000
3.7,Master's,Software Engineer,Chennai,Mid-size,IT Services,1065000
12.9,Bachelor's,DevOps Engineer,Jaipur,Enterprise,IT Services,1960000
14.5,Bachelor's,Senior Software Engineer,Kolkata,SMB,EdTech,3882000
10.1,Bachelor's,Cloud Architect,Remote,Mid-size,Consulting,4500000
5.1,Master's,Marketing Specialist,Jaipur,Mid-size,Fintech,933000
12.1,Master's,Machine Learning Engineer,Pune,SMB,Fintech,4500000
13.7,Bachelor's,UI/UX Designer,Jaipur,MNC,Product Company,2355000
6.3,Master's,QA Engineer,Hyderabad,SMB,Manufacturing,722000
8.7,Bachelor's,Data Scientist,Pune,SMB,Fintech,1991000
13.5,Bachelor's,Mechanical Engineer,Bangalore,Mid-size,Product Company,2363000
11.6,PhD,Marketing Specialist,Hyderabad,Startup,IT Services,1663000
2.0,Bachelor's,Machine Learning Engineer,Ahmedabad,Enterprise,E-commerce,1209000
16.8,Bachelor's,Software Engineer,Hyderabad,SMB,EdTech,3255000
3.3,Bachelor's,Software Engineer,Hyderabad,SMB,Manufacturing,739000
7.9,Bachelor's,Cloud Architect,Delhi NCR,Mid-size,Fintech,3438000
8.5,Master's,Data Scientist,Jaipur,Enterprise,Consulting,2654000
18.0,Bachelor's,Software Engineer,Jaipur,Mid-size,Manufacturing,2563000
5.1,Bachelor's,UI/UX Designer,Remote,Startup,Manufacturing,715000
15.4,Bachelor's,QA Engineer,Bangalore,SMB,E-commerce,1915000
6.8,Bachelor's,Software Engineer,Hyderabad,Enterprise,Fintech,1797000
5.1,Bachelor's,Data Engineer,Mumbai,MNC,Manufacturing,1545000
9.1,Bachelor's,Business Analyst,Pune,Mid-size,E-commerce,1587000
8.9,Master's,Machine Learning Engineer,Bangalore,Mid-size,Fintech,3903000
9.2,Bachelor's,Data Scientist,Chennai,SMB,Healthcare,1769000
8.5,Bachelor's,Marketing Specialist,Delhi NCR,SMB,EdTech,1268000
5.8,Bachelor's,Senior Software Engineer,Delhi NCR,SMB,EdTech,2095000
12.1,Bachelor's,Machine Learning Engineer,Bangalore,Startup,EdTech,4324000
7.9,Bachelor's,Sales Manager,Delhi NCR,Startup,Healthcare,1453000
1.9,Master's,Cybersecurity Analyst,Delhi NCR,Mid-size,Manufacturing,795000
5.9,Bachelor's,HR Manager,Pune,Mid-size,Fintech,1167000
7.1,Master's,Software Engineer,Ahmedabad,SMB,IT Services,1350000
9.9,PhD,Machine Learning Engineer,Jaipur,Enterprise,Fintech,3743000
13.0,Bachelor's,Cybersecurity Analyst,Remote,SMB,Product Company,3110000
15.9,Bachelor's,DevOps Engineer,Kolkata,Mid-size,Manufacturing,2560000
13.5,Bachelor's,Product Manager,Kolkata,Enterprise,E-commerce,4500000
1.2,Master's,Cloud Architect,Hyderabad,Enterprise,Consulting,2184000
5.9,Bachelor's,Mechanical Engineer,Mumbai,Enterprise,Product Company,1497000
7.2,Master's,Mechanical Engineer,Bangalore,Enterprise,Fintech,1859000
8.1,Master's,Mechanical Engineer,Chennai,SMB,Product Company,1380000
5.0,Master's,QA Engineer,Ahmedabad,Mid-size,E-commerce,852000
12.3,Bachelor's,UI/UX Designer,Kolkata,Enterprise,Consulting,1762000
11.0,PhD,Data Engineer,Bangalore,SMB,Fintech,3539000
5.5,Bachelor's,Senior Software Engineer,Chennai,Mid-size,Healthcare,2111000
2.4,Bachelor's,QA Engineer,Jaipur,Startup,Product Company,551000
3.3,Bachelor's,DevOps Engineer,Hyderabad,Mid-size,Manufacturing,1031000
5.3,PhD,Chartered Accountant,Chennai,Startup,EdTech,1795000
4.5,Bachelor's,Machine Learning Engineer,Pune,Mid-size,Healthcare,1575000
1.4,Master's,Software Engineer,Remote,SMB,Consulting,975000
9.4,Bachelor's,HR Manager,Chennai,SMB,Healthcare,1409000
3.4,PhD,Data Scientist,Ahmedabad,SMB,Fintech,1458000
14.3,Bachelor's,QA Engineer,Chennai,Mid-size,EdTech,1658000
5.2,Bachelor's,Product Manager,Jaipur,MNC,EdTech,2048000
6.4,PhD,DevOps Engineer,Pune,Startup,Healthcare,1634000
12.8,Bachelor's,UI/UX Designer,Ahmedabad,Startup,EdTech,1321000
1.8,Bachelor's,Marketing Specialist,Delhi NCR,Mid-size,IT Services,737000
13.1,Bachelor's,Data Scientist,Chennai,Mid-size,EdTech,2739000
6.2,Bachelor's,Cybersecurity Analyst,Kolkata,SMB,Product Company,1394000
6.3,Bachelor's,Chartered Accountant,Hyderabad,Mid-size,Healthcare,1708000
7.9,Bachelor's,Cloud Architect,Jaipur,Enterprise,IT Services,2927000
9.6,Bachelor's,Sales Manager,Ahmedabad,SMB,EdTech,1464000
4.7,Master's,Chartered Accountant,Delhi NCR,SMB,Consulting,1916000
9.3,Bachelor's,Chartered Accountant,Chennai,Startup,Fintech,2200000
4.4,Bachelor's,Cybersecurity Analyst,Kolkata,MNC,IT Services,1178000
9.0,Bachelor's,Chartered Accountant,Delhi NCR,Enterprise,EdTech,2731000
4.8,Bachelor's,Marketing Specialist,Kolkata,Mid-size,Manufacturing,651000
8.8,Master's,QA Engineer,Chennai,MNC,IT Services,1487000
6.2,PhD,Data Scientist,Ahmedabad,SMB,IT Services,1556000
13.2,PhD,Civil Engineer,Pune,Enterprise,Product Company,2267000
2.5,Bachelor's,Cloud Architect,Bangalore,Enterprise,Product Company,2404000
8.7,Bachelor's,Marketing Specialist,Delhi NCR,Enterprise,Product Company,1752000
8.6,Bachelor's,Cybersecurity Analyst,Jaipur,Mid-size,IT Services,1469000
2.6,Bachelor's,Product Manager,Hyderabad,Startup,Fintech,1574000
5.8,Bachelor's,Marketing Specialist,Jaipur,Startup,Product Company,847000
4.1,Master's,Cybersecurity Analyst,Delhi NCR,Startup,Manufacturing,1107000
2.0,Bachelor's,Marketing Specialist,Pune,Enterprise,EdTech,774000
14.9,Bachelor's,HR Manager,Delhi NCR,SMB,EdTech,2931000
3.5,Bachelor's,DevOps Engineer,Jaipur,Mid-size,Manufacturing,834000
7.8,Bachelor's,Marketing Specialist,Jaipur,Startup,Fintech,838000
7.7,Bachelor's,Software Engineer,Kolkata,SMB,Fintech,1163000
15.0,Bachelor's,Sales Manager,Chennai,SMB,Manufacturing,2541000
0.4,Master's,Data Scientist,Jaipur,Mid-size,Product Company,1091000
1.4,Bachelor's,Machine Learning Engineer,Remote,SMB,Manufacturing,762000
16.6,Bachelor's,Machine Learning Engineer,Ahmedabad,Startup,Fintech,4500000
13.0,Bachelor's,Mechanical Engineer,Remote,Startup,Product Company,1977000
7.6,Master's,Product Manager,Jaipur,MNC,Manufacturing,2359000
9.2,Bachelor's,Business Analyst,Bangalore,Mid-size,Healthcare,1932000
9.8,Master's,Product Manager,Bangalore,Mid-size,Product Company,4500000
10.4,PhD,Cybersecurity Analyst,Chennai,MNC,Product Company,3813000
9.9,Bachelor's,Chartered Accountant,Remote,Mid-size,EdTech,2141000
2.8,Master's,Sales Manager,Pune,Mid-size,IT Services,922000
8.7,Bachelor's,Senior Software Engineer,Remote,Mid-size,EdTech,2236000
8.2,PhD,QA Engineer,Jaipur,Startup,Consulting,1009000
3.4,Bachelor's,Senior Software Engineer,Hyderabad,SMB,EdTech,1697000
8.3,PhD,Data Scientist,Delhi NCR,Enterprise,EdTech,2783000
9.1,Bachelor's,Machine Learning Engineer,Pune,SMB,Consulting,2801000
10.9,Bachelor's,Sales Manager,Bangalore,SMB,Product Company,2984000
11.9,Bachelor's,Civil Engineer,Kolkata,Enterprise,EdTech,1209000
11.0,Master's,DevOps Engineer,Pune,Startup,IT Services,2107000
16.3,Bachelor's,Chartered Accountant,Chennai,Mid-size,IT Services,3907000
3.7,Bachelor's,DevOps Engineer,Kolkata,Mid-size,Consulting,928000
5.0,Master's,Cloud Architect,Delhi NCR,SMB,IT Services,2814000
12.1,Master's,Data Scientist,Bangalore,Startup,Healthcare,3284000
11.8,Bachelor's,Software Engineer,Bangalore,SMB,IT Services,2058000
10.6,Bachelor's,Cybersecurity Analyst,Mumbai,Enterprise,EdTech,2727000
2.9,Bachelor's,Business Analyst,Bangalore,Enterprise,Product Company,1200000
10.0,Master's,Data Scientist,Jaipur,Enterprise,E-commerce,2320000
4.5,Bachelor's,Data Engineer,Hyderabad,Startup,EdTech,1510000
9.6,Master's,Product Manager,Bangalore,SMB,Manufacturing,3488000
1.2,Bachelor's,Business Analyst,Hyderabad,Mid-size,Manufacturing,621000
3.5,Bachelor's,Chartered Accountant,Kolkata,Mid-size,Consulting,1091000
6.0,Bachelor's,Business Analyst,Chennai,Startup,Consulting,807000
2.7,Bachelor's,UI/UX Designer,Kolkata,Startup,Fintech,757000
6.0,Master's,Sales Manager,Mumbai,Startup,IT Services,1306000
14.3,Bachelor's,Chartered Accountant,Mumbai,SMB,Consulting,4500000
1.3,Bachelor's,Marketing Specialist,Kolkata,Mid-size,IT Services,465000
14.5,PhD,UI/UX Designer,Hyderabad,MNC,IT Services,3046000
8.3,PhD,Cloud Architect,Mumbai,Startup,Healthcare,4200000
6.8,Master's,Machine Learning Engineer,Hyderabad,Mid-size,Healthcare,2563000
5.9,Bachelor's,Data Scientist,Delhi NCR,SMB,E-commerce,1724000
3.2,Bachelor's,Marketing Specialist,Remote,SMB,IT Services,553000
8.9,Master's,Marketing Specialist,Jaipur,Startup,Fintech,1095000
6.6,Bachelor's,Product Manager,Kolkata,SMB,IT Services,1652000
9.1,Bachelor's,Chartered Accountant,Kolkata,SMB,IT Services,1425000
6.2,Master's,HR Manager,Mumbai,Mid-size,EdTech,1372000
8.4,Bachelor's,Cybersecurity Analyst,Ahmedabad,Mid-size,IT Services,1409000
11.1,Bachelor's,DevOps Engineer,Jaipur,Mid-size,EdTech,1887000
11.5,PhD,QA Engineer,Chennai,Mid-size,Consulting,2154000
3.8,Master's,Mechanical Engineer,Hyderabad,SMB,E-commerce,900000
15.5,Bachelor's,QA Engineer,Kolkata,SMB,IT Services,1390000
1.5,Bachelor's,UI/UX Designer,Hyderabad,Startup,Manufacturing,440000
9.6,Bachelor's,QA Engineer,Mumbai,Startup,Manufacturing,1015000
15.3,Bachelor's,Civil Engineer,Hyderabad,SMB,EdTech,1356000
9.8,Master's,Business Analyst,Bangalore,MNC,Manufacturing,1996000
10.3,Master's,Machine Learning Engineer,Ahmedabad,MNC,Product Company,4500000
4.3,Bachelor's,QA Engineer,Kolkata,Enterprise,EdTech,723000
5.6,Bachelor's,Cybersecurity Analyst,Delhi NCR,Mid-size,Consulting,1454000
1.4,Master's,Chartered Accountant,Mumbai,Mid-size,Consulting,1652000
5.9,Bachelor's,Data Scientist,Kolkata,Mid-size,IT Services,1249000
7.8,Bachelor's,Chartered Accountant,Chennai,Mid-size,Consulting,2473000
3.9,Bachelor's,Mechanical Engineer,Pune,SMB,Manufacturing,735000
7.4,Master's,Sales Manager,Delhi NCR,MNC,Consulting,2824000
8.8,Bachelor's,DevOps Engineer,Ahmedabad,Enterprise,Product Company,1791000
10.2,Master's,Machine Learning Engineer,Chennai,SMB,Manufacturing,2904000
7.2,Bachelor's,Business Analyst,Jaipur,Mid-size,Manufacturing,723000
8.0,Master's,Machine Learning Engineer,Chennai,Enterprise,Healthcare,3231000
12.4,Bachelor's,Cybersecurity Analyst,Delhi NCR,MNC,Fintech,4500000
8.0,Bachelor's,Marketing Specialist,Ahmedabad,SMB,IT Services,919000
16.4,Bachelor's,UI/UX Designer,Pune,SMB,E-commerce,2280000
4.5,Bachelor's,Sales Manager,Kolkata,SMB,Manufacturing,829000
15.0,Bachelor's,Mechanical Engineer,Kolkata,SMB,Manufacturing,1279000
2.6,Bachelor's,Chartered Accountant,Pune,SMB,Product Company,1431000
5.4,Bachelor's,Sales Manager,Pune,Startup,Product Company,1345000
9.7,Bachelor's,DevOps Engineer,Bangalore,SMB,Product Company,2080000
15.5,PhD,Data Scientist,Hyderabad,SMB,EdTech,4500000
4.5,Bachelor's,Chartered Accountant,Bangalore,Enterprise,Manufacturing,1920000
6.5,Master's,Marketing Specialist,Kolkata,Mid-size,Fintech,1163000
11.3,PhD,Civil Engineer,Hyderabad,SMB,EdTech,1411000
9.6,Bachelor's,Business Analyst,Chennai,SMB,Consulting,1510000
8.2,Master's,Data Scientist,Hyderabad,Enterprise,IT Services,2346000
3.7,Master's,Data Engineer,Ahmedabad,SMB,Healthcare,1139000
15.3,Master's,Cybersecurity Analyst,Kolkata,Mid-size,Product Company,4115000
5.4,Bachelor's,Machine Learning Engineer,Pune,Startup,Product Company,1605000
3.0,Bachelor's,UI/UX Designer,Ahmedabad,Startup,IT Services,546000
8.0,Bachelor's,Business Analyst,Pune,MNC,Consulting,2043000
2.5,Bachelor's,DevOps Engineer,Kolkata,SMB,Manufacturing,630000
8.7,PhD,Mechanical Engineer,Kolkata,SMB,Consulting,1248000
3.6,PhD,UI/UX Designer,Delhi NCR,Startup,E-commerce,1160000
6.9,Bachelor's,Chartered Accountant,Ahmedabad,Mid-size,Consulting,1631000
2.5,Master's,Software Engineer,Remote,Enterprise,Product Company,1273000
5.8,Bachelor's,Chartered Accountant,Delhi NCR,Mid-size,Healthcare,2439000
5.0,PhD,Cybersecurity Analyst,Pune,Enterprise,Manufacturing,1712000
14.7,Bachelor's,Sales Manager,Delhi NCR,SMB,E-commerce,3271000
5.5,PhD,Cloud Architect,Chennai,SMB,Healthcare,3297000
5.2,Master's,Senior Software Engineer,Hyderabad,MNC,IT Services,2937000
7.8,Bachelor's,DevOps Engineer,Remote,SMB,EdTech,1342000
14.0,Bachelor's,Business Analyst,Delhi NCR,Enterprise,Fintech,2575000
7.8,Master's,Product Manager,Remote,Mid-size,Fintech,3337000
4.0,Bachelor's,Machine Learning Engineer,Remote,Startup,EdTech,1366000
15.5,Bachelor's,Software Engineer,Bangalore,MNC,Consulting,4500000
12.8,PhD,Sales Manager,Hyderabad,SMB,E-commerce,3852000
9.5,Bachelor's,Sales Manager,Hyderabad,Mid-size,Manufacturing,1907000
4.9,Bachelor's,Data Scientist,Chennai,SMB,IT Services,1271000
5.8,Bachelor's,Mechanical Engineer,Mumbai,Mid-size,IT Services,899000
8.6,Bachelor's,HR Manager,Bangalore,Mid-size,Product Company,1650000
13.9,PhD,HR Manager,Chennai,SMB,Consulting,3021000
10.7,Bachelor's,Machine Learning Engineer,Mumbai,MNC,Manufacturing,3155000
3.8,Bachelor's,Business Analyst,Jaipur,Startup,EdTech,486000
15.3,Bachelor's,Software Engineer,Ahmedabad,SMB,Consulting,2830000
8.5,PhD,Software Engineer,Jaipur,Startup,Product Company,1902000
3.7,Bachelor's,Civil Engineer,Chennai,Mid-size,Fintech,597000
7.3,Master's,HR Manager,Kolkata,SMB,IT Services,1084000
13.6,Master's,Machine Learning Engineer,Bangalore,Mid-size,EdTech,4500000
4.4,Master's,UI/UX Designer,Ahmedabad,Mid-size,Consulting,884000
4.9,PhD,Software Engineer,Delhi NCR,Enterprise,EdTech,1430000
3.7,Master's,Mechanical Engineer,Bangalore,MNC,Manufacturing,1161000
9.6,PhD,QA Engineer,Bangalore,Enterprise,EdTech,1577000
2.1,Bachelor's,Cloud Architect,Mumbai,SMB,IT Services,1515000
2.9,Master's,HR Manager,Mumbai,Enterprise,Consulting,1185000
4.6,Bachelor's,Data Scientist,Pune,Startup,Product Company,1577000
17.4,Bachelor's,DevOps Engineer,Ahmedabad,Startup,IT Services,2350000
13.0,Master's,Marketing Specialist,Delhi NCR,SMB,IT Services,1804000
10.1,PhD,Business Analyst,Pune,SMB,Fintech,2287000
3.1,Master's,Sales Manager,Kolkata,Mid-size,Product Company,1218000
6.5,Bachelor's,DevOps Engineer,Delhi NCR,SMB,E-commerce,1270000
6.7,Bachelor's,Cybersecurity Analyst,Ahmedabad,Mid-size,Product Company,1660000
11.0,Bachelor's,Data Engineer,Chennai,MNC,Consulting,3968000
8.0,Bachelor's,Software Engineer,Ahmedabad,Startup,IT Services,1024000
13.5,Bachelor's,Cloud Architect,Jaipur,SMB,Fintech,4500000
3.9,Bachelor's,Cloud Architect,Bangalore,Startup,Product Company,3303000
14.5,Bachelor's,Data Engineer,Hyderabad,Startup,E-commerce,3660000
11.5,Master's,Business Analyst,Ahmedabad,MNC,Fintech,2353000
11.3,Bachelor's,UI/UX Designer,Chennai,Startup,Consulting,1569000
6.7,PhD,Machine Learning Engineer,Pune,SMB,EdTech,2529000
9.2,Master's,Chartered Accountant,Bangalore,SMB,Healthcare,2613000
0.3,Bachelor's,Marketing Specialist,Remote,SMB,Product Company,615000
9.4,Bachelor's,Sales Manager,Bangalore,Mid-size,Product Company,2821000
6.1,Bachelor's,DevOps Engineer,Delhi NCR,MNC,EdTech,1959000
14.4,PhD,Sales Manager,Pune,Mid-size,Manufacturing,3275000
9.1,Bachelor's,DevOps Engineer,Mumbai,SMB,IT Services,1635000
3.5,Bachelor's,UI/UX Designer,Ahmedabad,Mid-size,E-commerce,668000
14.5,PhD,DevOps Engineer,Chennai,Enterprise,E-commerce,4500000
7.6,PhD,Cloud Architect,Bangalore,SMB,Consulting,4268000
13.1,Bachelor's,Cybersecurity Analyst,Bangalore,Mid-size,Fintech,4500000
14.8,Bachelor's,Cloud Architect,Remote,Mid-size,EdTech,4500000
4.3,Bachelor's,Marketing Specialist,Pune,Enterprise,E-commerce,898000
9.8,Bachelor's,QA Engineer,Delhi NCR,Startup,Fintech,1335000
8.8,Bachelor's,HR Manager,Ahmedabad,Enterprise,IT Services,1193000
5.3,Bachelor's,Machine Learning Engineer,Jaipur,Enterprise,EdTech,1522000
9.8,PhD,HR Manager,Pune,Mid-size,IT Services,1713000
7.7,Bachelor's,Data Scientist,Pune,Startup,Manufacturing,1472000
5.0,Master's,QA Engineer,Delhi NCR,Startup,Manufacturing,601000
8.1,Bachelor's,Product Manager,Mumbai,Enterprise,EdTech,2970000
5.4,Master's,Marketing Specialist,Ahmedabad,Mid-size,Fintech,960000
5.9,Master's,Data Scientist,Ahmedabad,MNC,E-commerce,1892000
8.6,Master's,DevOps Engineer,Pune,SMB,Manufacturing,1594000
7.0,PhD,DevOps Engineer,Mumbai,SMB,Fintech,2317000
5.9,Bachelor's,Chartered Accountant,Ahmedabad,Enterprise,Product Company,2043000
13.7,Bachelor's,QA Engineer,Chennai,Enterprise,Product Company,2232000
7.9,Bachelor's,Data Scientist,Chennai,Mid-size,Product Company,2579000
11.0,Bachelor's,Mechanical Engineer,Jaipur,Enterprise,Manufacturing,1020000
7.5,PhD,Cloud Architect,Kolkata,SMB,IT Services,3209000
9.2,Bachelor's,DevOps Engineer,Kolkata,SMB,Fintech,1835000
10.8,Master's,UI/UX Designer,Delhi NCR,Startup,Healthcare,1752000
4.4,Bachelor's,Mechanical Engineer,Jaipur,SMB,IT Services,521000
10.8,Bachelor's,Civil Engineer,Bangalore,Mid-size,Fintech,1539000
7.2,Bachelor's,Software Engineer,Bangalore,SMB,EdTech,1333000
11.3,Master's,Chartered Accountant,Kolkata,Enterprise,Consulting,3223000
4.1,Master's,HR Manager,Kolkata,SMB,E-commerce,946000
15.1,Bachelor's,Cloud Architect,Pune,Mid-size,EdTech,4500000
11.2,Bachelor's,QA Engineer,Kolkata,Mid-size,Fintech,1216000
14.1,Master's,Product Manager,Hyderabad,SMB,Consulting,4500000
17.3,Bachelor's,UI/UX Designer,Kolkata,Mid-size,Manufacturing,1659000
8.8,PhD,Cybersecurity Analyst,Mumbai,MNC,Product Company,3882000
15.5,Bachelor's,Cybersecurity Analyst,Chennai,MNC,IT Services,3586000
5.2,Bachelor's,UI/UX Designer,Mumbai,SMB,Product Company,1149000
5.0,Bachelor's,UI/UX Designer,Ahmedabad,Mid-size,Consulting,814000
2.2,Bachelor's,UI/UX Designer,Hyderabad,Startup,Healthcare,663000
5.0,Bachelor's,Business Analyst,Jaipur,SMB,Fintech,857000
8.8,Bachelor's,Data Scientist,Delhi NCR,SMB,Fintech,2871000
5.2,PhD,Product Manager,Pune,MNC,E-commerce,3351000
8.3,Bachelor's,Sales Manager,Remote,Mid-size,E-commerce,1467000
3.6,Bachelor's,HR Manager,Hyderabad,Startup,Product Company,1046000
8.6,Bachelor's,Mechanical Engineer,Chennai,MNC,Healthcare,1314000
9.8,Bachelor's,Civil Engineer,Bangalore,Mid-size,Manufacturing,916000
7.8,Bachelor's,Mechanical Engineer,Jaipur,Startup,E-commerce,937000
4.3,Bachelor's,QA Engineer,Hyderabad,Enterprise,IT Services,767000
5.4,Master's,Sales Manager,Pune,Mid-size,Fintech,1589000
13.2,Bachelor's,Civil Engineer,Kolkata,SMB,IT Services,986000
8.3,PhD,DevOps Engineer,Jaipur,Startup,Consulting,1601000
8.6,Bachelor's,Data Scientist,Delhi NCR,SMB,EdTech,2244000
11.2,Master's,DevOps Engineer,Pune,Startup,Fintech,2969000
7.0,Bachelor's,QA Engineer,Mumbai,Enterprise,Manufacturing,990000
4.3,Bachelor's,Mechanical Engineer,Remote,SMB,Consulting,817000
4.9,Master's,UI/UX Designer,Remote,SMB,Consulting,928000
9.1,Master's,HR Manager,Hyderabad,MNC,IT Services,1802000
12.6,Master's,Cloud Architect,Remote,MNC,EdTech,4500000
18.3,Bachelor's,UI/UX Designer,Jaipur,Enterprise,Product Company,2434000
8.6,Master's,Chartered Accountant,Chennai,Enterprise,Fintech,2544000
13.5,Master's,Machine Learning Engineer,Pune,MNC,IT Services,4500000
2.0,Master's,Mechanical Engineer,Delhi NCR,Enterprise,Consulting,891000
10.3,Bachelor's,Data Scientist,Ahmedabad,SMB,E-commerce,1916000
5.2,Master's,Chartered Accountant,Pune,Startup,EdTech,1813000
5.4,Master's,Cloud Architect,Mumbai,SMB,Fintech,3847000
11.9,PhD,Cybersecurity Analyst,Delhi NCR,SMB,Consulting,3979000
4.5,Bachelor's,Sales Manager,Bangalore,SMB,E-commerce,1345000
8.5,Bachelor's,Product Manager,Delhi NCR,SMB,IT Services,2785000
12.0,Master's,QA Engineer,Hyderabad,Startup,Product Company,1855000
9.7,Bachelor's,Marketing Specialist,Bangalore,Mid-size,Manufacturing,1532000
8.5,Master's,Civil Engineer,Mumbai,SMB,Fintech,1101000
7.5,Bachelor's,Senior Software Engineer,Ahmedabad,SMB,Fintech,2306000
9.9,Bachelor's,UI/UX Designer,Remote,Mid-size,Consulting,1315000
4.8,Master's,Civil Engineer,Delhi NCR,SMB,Fintech,1017000
3.9,Bachelor's,Data Engineer,Ahmedabad,SMB,Healthcare,1054000
5.9,Bachelor's,Software Engineer,Pune,SMB,Healthcare,1257000
5.2,Master's,Data Scientist,Kolkata,Mid-size,Fintech,1466000
15.0,Master's,Mechanical Engineer,Kolkata,Enterprise,Product Company,2379000
5.6,Master's,Business Analyst,Mumbai,Startup,Product Company,1164000
9.9,Bachelor's,Sales Manager,Delhi NCR,Enterprise,Product Company,2798000
14.1,Bachelor's,Chartered Accountant,Kolkata,Enterprise,E-commerce,3644000
4.3,PhD,Senior Software Engineer,Mumbai,MNC,E-commerce,3637000
5.1,Bachelor's,UI/UX Designer,Kolkata,Enterprise,Manufacturing,744000
10.5,Bachelor's,Data Scientist,Pune,Mid-size,E-commerce,2303000
12.0,Bachelor's,Civil Engineer,Chennai,Startup,Healthcare,855000
10.8,Bachelor's,UI/UX Designer,Bangalore,Startup,E-commerce,1642000
6.0,Master's,Civil Engineer,Delhi NCR,Startup,E-commerce,927000
1.8,Master's,Cloud Architect,Chennai,SMB,Healthcare,1529000
7.0,Master's,Data Scientist,Jaipur,MNC,Consulting,2160000
5.1,Bachelor's,Civil Engineer,Mumbai,Startup,Consulting,691000
19.0,Bachelor's,Cybersecurity Analyst,Bangalore,Mid-size,E-commerce,4347000
4.5,Bachelor's,Machine Learning Engineer,Bangalore,MNC,Healthcare,2066000
8.3,Bachelor's,Sales Manager,Chennai,Startup,IT Services,1308000
4.9,Bachelor's,Business Analyst,Jaipur,Startup,Product Company,782000
7.5,Bachelor's,Software Engineer,Jaipur,SMB,E-commerce,957000
7.5,Bachelor's,DevOps Engineer,Jaipur,SMB,IT Services,1126000
3.6,Bachelor's,Marketing Specialist,Mumbai,SMB,EdTech,767000
5.3,Master's,Data Scientist,Delhi NCR,SMB,EdTech,1527000
2.9,Bachelor's,Product Manager,Jaipur,Mid-size,Fintech,1398000
5.9,Bachelor's,DevOps Engineer,Jaipur,Startup,E-commerce,1038000
8.7,Master's,Marketing Specialist,Delhi NCR,Mid-size,E-commerce,1677000
8.3,Master's,Civil Engineer,Delhi NCR,SMB,Fintech,1170000
4.6,Master's,Mechanical Engineer,Bangalore,SMB,Product Company,1210000
7.4,Bachelor's,Sales Manager,Hyderabad,Startup,EdTech,1371000
14.3,Master's,Senior Software Engineer,Chennai,Enterprise,Healthcare,4500000
12.5,Bachelor's,Chartered Accountant,Chennai,Mid-size,E-commerce,3867000
5.1,Bachelor's,Data Scientist,Chennai,SMB,Fintech,1530000
6.8,Bachelor's,Business Analyst,Mumbai,Mid-size,E-commerce,1304000
6.9,Bachelor's,Mechanical Engineer,Pune,SMB,IT Services,762000
8.2,Bachelor's,DevOps Engineer,Delhi NCR,Enterprise,Fintech,2521000
13.4,Bachelor's,Machine Learning Engineer,Jaipur,MNC,EdTech,3866000
7.5,Master's,Software Engineer,Remote,Startup,Healthcare,1581000
10.5,Bachelor's,Product Manager,Bangalore,SMB,IT Services,4086000
6.5,Bachelor's,UI/UX Designer,Mumbai,SMB,Fintech,1189000
12.6,Bachelor's,UI/UX Designer,Chennai,Enterprise,Manufacturing,1416000
2.8,Bachelor's,Software Engineer,Pune,Startup,Consulting,964000
6.1,Bachelor's,Machine Learning Engineer,Mumbai,Mid-size,Manufacturing,2263000
10.7,Bachelor's,Software Engineer,Hyderabad,Enterprise,Manufacturing,1766000
10.0,Bachelor's,DevOps Engineer,Delhi NCR,SMB,E-commerce,2619000
9.3,Master's,Data Engineer,Jaipur,Enterprise,Healthcare,1862000
5.0,PhD,Software Engineer,Remote,Startup,E-commerce,1094000
5.6,Bachelor's,Data Scientist,Bangalore,MNC,Product Company,2584000
7.2,Master's,QA Engineer,Kolkata,Enterprise,Product Company,1352000
1.9,Master's,Data Engineer,Remote,SMB,Product Company,1301000
12.1,PhD,Chartered Accountant,Ahmedabad,Startup,EdTech,2942000
2.3,Master's,Data Engineer,Bangalore,Mid-size,Manufacturing,1410000
9.9,Master's,Chartered Accountant,Mumbai,Mid-size,E-commerce,3743000
3.6,PhD,Marketing Specialist,Ahmedabad,Startup,EdTech,687000
3.6,Master's,QA Engineer,Remote,MNC,Healthcare,797000
5.7,Bachelor's,Product Manager,Pune,Enterprise,Fintech,2951000
2.8,Bachelor's,Data Scientist,Pune,MNC,Fintech,1713000
7.1,Bachelor's,Sales Manager,Pune,SMB,E-commerce,1584000
3.8,Bachelor's,Chartered Accountant,Jaipur,SMB,Manufacturing,847000
4.8,Bachelor's,Product Manager,Hyderabad,SMB,Healthcare,1885000
7.8,Bachelor's,Product Manager,Mumbai,SMB,E-commerce,2552000
17.0,Bachelor's,Senior Software Engineer,Hyderabad,Startup,Manufacturing,4500000
10.1,Bachelor's,Data Engineer,Remote,Startup,IT Services,1899000
4.8,Master's,Cloud Architect,Bangalore,Mid-size,EdTech,3300000
8.7,Bachelor's,Software Engineer,Chennai,Startup,Healthcare,1454000
1.8,Bachelor's,Software Engineer,Hyderabad,Startup,Healthcare,669000
8.8,Master's,Product Manager,Delhi NCR,Mid-size,Product Company,4499000
10.3,Master's,UI/UX Designer,Chennai,Mid-size,Fintech,1885000
10.7,PhD,UI/UX Designer,Kolkata,Enterprise,EdTech,1637000
8.6,Master's,Marketing Specialist,Chennai,Mid-size,Manufacturing,1065000
11.6,Master's,QA Engineer,Delhi NCR,SMB,IT Services,1704000
6.8,Bachelor's,Mechanical Engineer,Pune,Mid-size,Manufacturing,883000
17.8,Bachelor's,Cloud Architect,Jaipur,Mid-size,IT Services,4500000
6.9,Bachelor's,DevOps Engineer,Kolkata,SMB,IT Services,1013000
4.2,Master's,QA Engineer,Kolkata,Startup,IT Services,642000
8.0,PhD,Senior Software Engineer,Ahmedabad,MNC,E-commerce,4059000
11.8,Bachelor's,Marketing Specialist,Pune,Startup,Manufacturing,1406000
7.9,Bachelor's,Machine Learning Engineer,Remote,SMB,Fintech,2411000
10.5,Bachelor's,Chartered Accountant,Remote,SMB,EdTech,2392000
11.7,Bachelor's,HR Manager,Delhi NCR,Enterprise,IT Services,1981000
12.9,Bachelor's,QA Engineer,Pune,Mid-size,EdTech,1613000
0.9,Bachelor's,Cloud Architect,Mumbai,MNC,Manufacturing,1997000
8.4,PhD,Product Manager,Mumbai,Enterprise,Consulting,4500000
1.0,Bachelor's,Business Analyst,Remote,Enterprise,Product Company,706000
5.1,Master's,UI/UX Designer,Pune,Startup,Consulting,1214000
5.4,Master's,Senior Software Engineer,Remote,SMB,Manufacturing,2055000
6.6,Bachelor's,Machine Learning Engineer,Pune,Enterprise,EdTech,2092000
14.8,Bachelor's,Mechanical Engineer,Remote,MNC,Product Company,2716000
4.9,Master's,Software Engineer,Remote,Enterprise,Healthcare,1083000
10.6,Bachelor's,UI/UX Designer,Kolkata,MNC,IT Services,1433000
8.9,PhD,Civil Engineer,Hyderabad,Mid-size,Healthcare,982000
8.8,Bachelor's,Senior Software Engineer,Kolkata,SMB,Consulting,2508000
1.9,Master's,Chartered Accountant,Remote,Mid-size,Manufacturing,1025000
0.9,Master's,UI/UX Designer,Remote,SMB,Product Company,811000
5.6,Bachelor's,Business Analyst,Delhi NCR,Startup,Consulting,1264000
7.0,Bachelor's,Sales Manager,Delhi NCR,SMB,Healthcare,1605000
2.6,PhD,Marketing Specialist,Mumbai,Startup,E-commerce,1050000
3.5,Bachelor's,UI/UX Designer,Pune,Startup,IT Services,656000
19.5,Bachelor's,Senior Software Engineer,Kolkata,SMB,IT Services,4443000
5.5,Bachelor's,HR Manager,Remote,Mid-size,Healthcare,1049000
3.7,Bachelor's,Software Engineer,Pune,Mid-size,Fintech,1056000
11.6,Master's,Civil Engineer,Jaipur,Mid-size,EdTech,1165000
8.0,Master's,Business Analyst,Bangalore,Enterprise,Fintech,2241000
5.9,Bachelor's,QA Engineer,Bangalore,SMB,E-commerce,1028000
5.9,Master's,Marketing Specialist,Remote,SMB,EdTech,750000
13.5,Bachelor's,Chartered Accountant,Hyderabad,Mid-size,Product Company,4500000
12.3,Bachelor's,Data Scientist,Delhi NCR,Startup,IT Services,2931000
14.7,Bachelor's,Mechanical Engineer,Jaipur,Mid-size,Manufacturing,1320000
8.4,PhD,Cybersecurity Analyst,Mumbai,Enterprise,IT Services,2446000
5.4,Bachelor's,Product Manager,Mumbai,SMB,IT Services,1640000
11.7,Bachelor's,Business Analyst,Bangalore,Enterprise,Product Company,2350000
7.4,Bachelor's,Marketing Specialist,Kolkata,SMB,Fintech,1048000
12.9,Master's,Data Scientist,Mumbai,Mid-size,Fintech,4500000
10.0,Bachelor's,QA Engineer,Hyderabad,Enterprise,EdTech,1354000
2.7,Bachelor's,Sales Manager,Delhi NCR,Enterprise,Consulting,1428000
3.4,Master's,QA Engineer,Hyderabad,Mid-size,Fintech,854000
11.1,Bachelor's,UI/UX Designer,Jaipur,Mid-size,Manufacturing,1057000
18.2,Bachelor's,QA Engineer,Ahmedabad,Startup,Consulting,1906000
5.2,Bachelor's,QA Engineer,Remote,Mid-size,IT Services,667000
2.8,Bachelor's,Mechanical Engineer,Remote,Mid-size,IT Services,616000
19.7,Bachelor's,Mechanical Engineer,Jaipur,Startup,Fintech,1726000
8.5,Master's,Chartered Accountant,Chennai,Startup,Healthcare,2201000
8.2,Master's,Senior Software Engineer,Hyderabad,MNC,Healthcare,3135000
4.5,Master's,Cloud Architect,Bangalore,Startup,Healthcare,2683000
5.6,PhD,Civil Engineer,Bangalore,Enterprise,E-commerce,1244000
11.9,Bachelor's,Cybersecurity Analyst,Pune,SMB,Consulting,2524000
11.0,Bachelor's,Product Manager,Jaipur,SMB,EdTech,2718000
10.8,PhD,Cybersecurity Analyst,Pune,Mid-size,Consulting,3621000
15.7,Bachelor's,UI/UX Designer,Bangalore,Mid-size,Consulting,2947000
8.2,Master's,Civil Engineer,Remote,SMB,Fintech,1190000
12.7,Master's,Data Engineer,Delhi NCR,SMB,E-commerce,3837000
14.0,Bachelor's,UI/UX Designer,Delhi NCR,SMB,Product Company,2559000
5.7,Bachelor's,Cybersecurity Analyst,Mumbai,Mid-size,E-commerce,1747000
3.3,Bachelor's,Machine Learning Engineer,Remote,SMB,Manufacturing,1079000
13.9,Bachelor's,Marketing Specialist,Mumbai,Mid-size,Healthcare,2353000
4.7,Bachelor's,Machine Learning Engineer,Jaipur,SMB,EdTech,1288000
4.3,Bachelor's,Software Engineer,Remote,SMB,IT Services,742000
2.4,Master's,Software Engineer,Delhi NCR,SMB,Manufacturing,919000
8.9,PhD,Senior Software Engineer,Ahmedabad,SMB,Healthcare,2659000
2.0,Master's,Senior Software Engineer,Bangalore,Enterprise,Healthcare,1999000
15.8,Bachelor's,Software Engineer,Ahmedabad,MNC,Manufacturing,2694000
4.3,Bachelor's,Cloud Architect,Remote,Startup,E-commerce,2318000
7.3,Bachelor's,HR Manager,Hyderabad,Startup,IT Services,1245000
15.6,Bachelor's,Senior Software Engineer,Bangalore,MNC,Consulting,4500000
7.0,PhD,Sales Manager,Bangalore,SMB,E-commerce,2016000
1.9,Bachelor's,Civil Engineer,Jaipur,SMB,Healthcare,325000
16.5,Bachelor's,Mechanical Engineer,Pune,Mid-size,Manufacturing,1676000
2.4,Master's,Product Manager,Delhi NCR,SMB,Product Company,1842000
1.9,Bachelor's,Software Engineer,Mumbai,SMB,Consulting,960000
6.0,Bachelor's,Product Manager,Mumbai,MNC,E-commerce,3021000
2.9,Bachelor's,Data Engineer,Hyderabad,Mid-size,Product Company,1431000
7.5,Master's,Marketing Specialist,Delhi NCR,Mid-size,Fintech,1627000
4.8,Master's,Data Scientist,Remote,SMB,Manufacturing,1199000
7.3,Bachelor's,Cloud Architect,Mumbai,SMB,IT Services,2382000
6.6,PhD,Data Engineer,Jaipur,Enterprise,Product Company,2591000
10.8,Master's,Sales Manager,Kolkata,MNC,Healthcare,2589000
8.7,Master's,Cloud Architect,Ahmedabad,Enterprise,Fintech,4500000
8.3,Bachelor's,Mechanical Engineer,Chennai,Startup,IT Services,916000
3.4,Bachelor's,Mechanical Engineer,Mumbai,Enterprise,Fintech,1016000
10.5,Master's,Product Manager,Pune,Startup,Healthcare,2911000
8.2,Bachelor's,QA Engineer,Pune,Mid-size,EdTech,1261000
5.3,Master's,UI/UX Designer,Chennai,Mid-size,EdTech,1084000
9.0,Master's,Sales Manager,Delhi NCR,SMB,Product Company,2606000
3.7,Bachelor's,Cloud Architect,Delhi NCR,SMB,EdTech,2215000
6.4,Master's,Cloud Architect,Mumbai,Enterprise,Healthcare,4401000
11.3,PhD,Business Analyst,Remote,Enterprise,Manufacturing,1709000
12.7,Master's,Machine Learning Engineer,Kolkata,Startup,Product Company,4178000
8.8,Bachelor's,Data Engineer,Jaipur,Startup,Manufacturing,1440000
10.6,Master's,HR Manager,Remote,Mid-size,IT Services,1646000
4.2,Bachelor's,Product Manager,Kolkata,SMB,E-commerce,1653000
5.7,Master's,Civil Engineer,Bangalore,Startup,EdTech,850000
12.9,Master's,UI/UX Designer,Remote,SMB,Healthcare,1779000
1.9,Master's,Data Scientist,Delhi NCR,Startup,Consulting,1172000
9.1,Bachelor's,UI/UX Designer,Mumbai,SMB,Healthcare,1326000
3.0,Bachelor's,UI/UX Designer,Delhi NCR,MNC,IT Services,1047000
8.0,Bachelor's,Software Engineer,Bangalore,Enterprise,EdTech,1875000
3.8,Bachelor's,UI/UX Designer,Kolkata,Mid-size,Product Company,881000
5.8,Bachelor's,Data Scientist,Bangalore,Startup,Consulting,1835000
9.6,Bachelor's,Mechanical Engineer,Ahmedabad,Mid-size,Product Company,1140000
3.7,Bachelor's,QA Engineer,Jaipur,SMB,E-commerce,562000
14.1,Master's,Cloud Architect,Delhi NCR,Enterprise,Consulting,4500000
16.6,PhD,Software Engineer,Mumbai,SMB,Manufacturing,2872000
1.0,Bachelor's,Data Engineer,Kolkata,Mid-size,EdTech,918000
7.7,Master's,Sales Manager,Jaipur,SMB,Healthcare,1160000
2.2,Master's,Business Analyst,Bangalore,Enterprise,EdTech,1124000
0.9,Bachelor's,Chartered Accountant,Delhi NCR,Enterprise,Product Company,1400000
8.6,Bachelor's,Machine Learning Engineer,Mumbai,SMB,Consulting,3499000
5.2,Master's,Marketing Specialist,Bangalore,MNC,Consulting,1532000
11.9,PhD,UI/UX Designer,Bangalore,Startup,Product Company,2971000
10.2,Master's,Cloud Architect,Chennai,Startup,Consulting,4500000
10.8,PhD,Cloud Architect,Ahmedabad,Enterprise,Product Company,4500000
3.5,PhD,UI/UX Designer,Chennai,Mid-size,Healthcare,1067000
12.4,Bachelor's,Senior Software Engineer,Pune,Startup,Fintech,3938000
4.4,Master's,Cybersecurity Analyst,Delhi NCR,Startup,EdTech,1326000
14.4,Bachelor's,Business Analyst,Remote,Startup,IT Services,1827000
8.5,PhD,Sales Manager,Jaipur,Startup,Consulting,1709000
12.9,Bachelor's,QA Engineer,Hyderabad,SMB,Consulting,1705000
5.5,Bachelor's,HR Manager,Kolkata,Startup,Manufacturing,737000
9.0,Master's,Senior Software Engineer,Kolkata,Mid-size,IT Services,2873000
19.1,Bachelor's,UI/UX Designer,Mumbai,Mid-size,IT Services,2507000
3.7,Master's,QA Engineer,Mumbai,Enterprise,Healthcare,1014000
14.7,Bachelor's,DevOps Engineer,Ahmedabad,MNC,Product Company,4111000
11.7,PhD,Sales Manager,Remote,Startup,Consulting,2744000
4.7,Master's,Product Manager,Mumbai,Startup,E-commerce,2445000
14.6,Bachelor's,Marketing Specialist,Remote,Startup,EdTech,1683000
10.4,Master's,Chartered Accountant,Jaipur,SMB,Consulting,2707000
4.7,Bachelor's,Civil Engineer,Bangalore,Mid-size,Manufacturing,665000
7.4,Master's,Cybersecurity Analyst,Pune,Startup,Manufacturing,1311000
3.8,Master's,Sales Manager,Delhi NCR,Mid-size,Fintech,1472000
5.3,Master's,Civil Engineer,Kolkata,MNC,Healthcare,770000
11.9,Bachelor's,HR Manager,Pune,SMB,Healthcare,1918000
8.9,Bachelor's,Marketing Specialist,Delhi NCR,Startup,E-commerce,1279000
11.1,Master's,Chartered Accountant,Bangalore,Enterprise,Fintech,4500000
4.9,Bachelor's,HR Manager,Hyderabad,Enterprise,E-commerce,1458000
16.1,Bachelor's,Machine Learning Engineer,Delhi NCR,Startup,Product Company,4500000
3.3,Bachelor's,QA Engineer,Kolkata,Mid-size,EdTech,595000
3.5,Bachelor's,Product Manager,Delhi NCR,SMB,Product Company,2175000
10.6,Master's,HR Manager,Mumbai,Mid-size,Fintech,2557000
10.0,Bachelor's,Marketing Specialist,Delhi NCR,Enterprise,Fintech,1659000
5.3,Bachelor's,Civil Engineer,Kolkata,SMB,Fintech,596000
5.1,PhD,Product Manager,Ahmedabad,SMB,Fintech,2175000
5.1,Bachelor's,Civil Engineer,Chennai,Mid-size,Healthcare,720000
8.7,Master's,Senior Software Engineer,Bangalore,Mid-size,Product Company,4384000
5.4,Bachelor's,Chartered Accountant,Bangalore,Enterprise,Healthcare,2136000
16.9,Master's,DevOps Engineer,Mumbai,Mid-size,E-commerce,4500000
6.4,Master's,QA Engineer,Pune,Enterprise,E-commerce,1137000
2.9,Master's,Sales Manager,Chennai,Enterprise,Consulting,1579000
12.1,Bachelor's,Marketing Specialist,Ahmedabad,Mid-size,Product Company,1485000
17.2,Bachelor's,Machine Learning Engineer,Pune,Startup,Consulting,4500000
10.8,Master's,QA Engineer,Delhi NCR,SMB,Consulting,1641000
9.7,Bachelor's,QA Engineer,Pune,Mid-size,Healthcare,1153000
9.3,Bachelor's,Marketing Specialist,Delhi NCR,Startup,Fintech,1457000
8.4,Bachelor's,Cloud Architect,Mumbai,Startup,Product Company,3997000
6.7,PhD,Marketing Specialist,Bangalore,Startup,Product Company,1794000
1.9,Master's,Cybersecurity Analyst,Kolkata,MNC,EdTech,1056000
4.5,Master's,Marketing Specialist,Mumbai,Mid-size,IT Services,935000
3.1,Master's,Civil Engineer,Ahmedabad,Enterprise,Fintech,648000
8.2,Bachelor's,Business Analyst,Kolkata,MNC,Fintech,1485000
12.1,Bachelor's,Business Analyst,Hyderabad,Mid-size,IT Services,1712000
2.1,Bachelor's,Mechanical Engineer,Jaipur,Mid-size,E-commerce,548000
2.9,Master's,Mechanical Engineer,Bangalore,SMB,EdTech,834000
6.6,Bachelor's,Civil Engineer,Chennai,Enterprise,Manufacturing,667000
12.1,Master's,QA Engineer,Jaipur,Enterprise,Manufacturing,1449000
8.1,Master's,Cybersecurity Analyst,Chennai,Enterprise,Product Company,2606000
3.5,Bachelor's,Senior Software Engineer,Chennai,SMB,Consulting,1825000
7.5,Bachelor's,UI/UX Designer,Delhi NCR,Enterprise,E-commerce,1547000
9.5,Bachelor's,DevOps Engineer,Bangalore,SMB,Fintech,2824000
13.6,PhD,Civil Engineer,Kolkata,SMB,E-commerce,1607000
7.5,PhD,Data Scientist,Remote,SMB,Consulting,2208000
14.9,PhD,Mechanical Engineer,Ahmedabad,Startup,Product Company,1960000
8.7,Bachelor's,Civil Engineer,Bangalore,SMB,EdTech,992000
16.1,Bachelor's,UI/UX Designer,Pune,Enterprise,Healthcare,2717000
12.6,Bachelor's,Sales Manager,Jaipur,Startup,EdTech,1738000
1.1,Bachelor's,Data Engineer,Ahmedabad,MNC,Product Company,1255000
9.8,Bachelor's,Sales Manager,Mumbai,Startup,Product Company,2242000
14.4,Bachelor's,Sales Manager,Pune,Startup,EdTech,2170000
17.1,PhD,DevOps Engineer,Delhi NCR,SMB,EdTech,4411000
11.1,Bachelor's,Sales Manager,Bangalore,SMB,Healthcare,2295000
14.9,Bachelor's,Chartered Accountant,Bangalore,Startup,Fintech,4500000
11.7,Master's,Cloud Architect,Bangalore,Startup,IT Services,4500000
10.5,Bachelor's,Cloud Architect,Jaipur,Mid-size,Manufacturing,3515000
2.9,Master's,Cloud Architect,Bangalore,SMB,EdTech,2387000
7.2,Master's,Chartered Accountant,Chennai,Mid-size,Healthcare,2161000
10.2,Master's,Civil Engineer,Pune,Startup,E-commerce,1177000
2.1,Master's,Product Manager,Ahmedabad,Startup,Manufacturing,853000
13.7,Bachelor's,Chartered Accountant,Hyderabad,Startup,IT Services,3006000
2.9,Master's,Marketing Specialist,Remote,Startup,Fintech,729000
9.6,Bachelor's,Business Analyst,Bangalore,Enterprise,E-commerce,2022000
9.1,Bachelor's,Mechanical Engineer,Jaipur,SMB,E-commerce,1024000
10.2,Bachelor's,Chartered Accountant,Hyderabad,Mid-size,Consulting,2955000
5.7,Bachelor's,Civil Engineer,Bangalore,Enterprise,Healthcare,812000
5.9,Master's,UI/UX Designer,Bangalore,SMB,Healthcare,1143000
4.5,Bachelor's,Machine Learning Engineer,Ahmedabad,Enterprise,Fintech,2182000
9.2,Bachelor's,Machine Learning Engineer,Mumbai,Enterprise,Healthcare,2605000
5.9,Bachelor's,Mechanical Engineer,Delhi NCR,Enterprise,Product Company,1340000
8.4,Master's,Marketing Specialist,Jaipur,Enterprise,EdTech,1147000
13.3,Bachelor's,Sales Manager,Pune,Startup,E-commerce,2481000
0.4,Master's,Software Engineer,Chennai,Mid-size,EdTech,777000
0.9,Master's,HR Manager,Pune,SMB,Manufacturing,680000
16.3,Bachelor's,Data Scientist,Bangalore,Mid-size,Fintech,4500000
12.5,Master's,Data Engineer,Remote,SMB,Product Company,3691000
3.9,Bachelor's,Chartered Accountant,Mumbai,Startup,EdTech,1078000
1.4,Bachelor's,DevOps Engineer,Jaipur,MNC,E-commerce,1065000
1.1,Master's,QA Engineer,Delhi NCR,SMB,Product Company,854000
13.4,PhD,Civil Engineer,Jaipur,SMB,Consulting,1323000
3.6,Bachelor's,DevOps Engineer,Hyderabad,Startup,EdTech,1037000
6.5,Bachelor's,Senior Software Engineer,Chennai,Mid-size,Consulting,2817000
15.1,Bachelor's,UI/UX Designer,Mumbai,Startup,IT Services,2160000
13.7,Bachelor's,Mechanical Engineer,Remote,Startup,IT Services,1471000
2.9,Master's,Data Engineer,Mumbai,MNC,IT Services,1742000
7.5,Master's,Business Analyst,Ahmedabad,Startup,Consulting,1244000
4.5,Master's,Cybersecurity Analyst,Delhi NCR,Startup,E-commerce,1649000
3.3,Bachelor's,Software Engineer,Delhi NCR,Mid-size,IT Services,912000
3.0,Master's,Product Manager,Kolkata,SMB,Fintech,1712000
2.3,Master's,Civil Engineer,Kolkata,Startup,Product Company,482000
7.4,Master's,Product Manager,Delhi NCR,Mid-size,Manufacturing,2263000
11.4,Bachelor's,HR Manager,Bangalore,Mid-size,Manufacturing,1972000
6.2,Bachelor's,QA Engineer,Bangalore,SMB,Product Company,1169000
6.5,Bachelor's,Chartered Accountant,Chennai,Enterprise,Fintech,2158000
5.9,Bachelor's,Cybersecurity Analyst,Bangalore,Enterprise,E-commerce,1813000
8.5,Bachelor's,Business Analyst,Kolkata,Mid-size,Consulting,1259000
10.3,Bachelor's,Chartered Accountant,Jaipur,Mid-size,EdTech,2085000
13.8,Master's,DevOps Engineer,Ahmedabad,Enterprise,Healthcare,2389000
8.2,Bachelor's,Business Analyst,Kolkata,Startup,Healthcare,1008000
0.2,Master's,Marketing Specialist,Pune,Mid-size,Healthcare,660000
6.6,Bachelor's,Civil Engineer,Kolkata,Startup,Consulting,686000
5.2,Master's,Machine Learning Engineer,Hyderabad,SMB,EdTech,1969000
18.4,Bachelor's,HR Manager,Remote,MNC,EdTech,2796000
15.2,Bachelor's,Business Analyst,Bangalore,Startup,E-commerce,2377000
15.0,Master's,Product Manager,Chennai,SMB,Product Company,4500000
4.3,PhD,Data Scientist,Delhi NCR,Startup,EdTech,1486000
13.6,Bachelor's,Software Engineer,Bangalore,Mid-size,IT Services,2953000
13.5,Bachelor's,Data Engineer,Hyderabad,Enterprise,IT Services,3365000
10.2,Master's,Data Engineer,Ahmedabad,SMB,Fintech,2602000
5.9,Master's,Senior Software Engineer,Chennai,Enterprise,Manufacturing,2244000
8.0,Bachelor's,Chartered Accountant,Hyderabad,SMB,Fintech,2300000
6.2,Bachelor's,QA Engineer,Hyderabad,MNC,EdTech,1066000
15.4,Bachelor's,Software Engineer,Kolkata,Enterprise,Fintech,3817000
15.0,PhD,Civil Engineer,Kolkata,Startup,Product Company,2059000
12.4,Bachelor's,Machine Learning Engineer,Delhi NCR,Enterprise,Healthcare,4500000
1.7,Bachelor's,Sales Manager,Bangalore,Startup,Fintech,965000
4.0,PhD,Sales Manager,Bangalore,SMB,IT Services,1153000
4.1,Bachelor's,Mechanical Engineer,Hyderabad,Startup,Product Company,783000
15.1,Bachelor's,Mechanical Engineer,Bangalore,SMB,Healthcare,2214000
6.6,Bachelor's,HR Manager,Chennai,MNC,Fintech,1479000
13.6,Bachelor's,Senior Software Engineer,Mumbai,Enterprise,Healthcare,4500000
7.7,Bachelor's,Product Manager,Pune,Mid-size,IT Services,2440000
12.2,Bachelor's,Product Manager,Chennai,MNC,E-commerce,3983000
4.4,Master's,Product Manager,Ahmedabad,SMB,E-commerce,1542000
7.2,Master's,DevOps Engineer,Hyderabad,Startup,Consulting,1645000
5.5,Bachelor's,DevOps Engineer,Kolkata,Enterprise,Manufacturing,1039000
10.8,Bachelor's,HR Manager,Hyderabad,Startup,Fintech,2014000
2.2,Bachelor's,Chartered Accountant,Chennai,Enterprise,Fintech,1622000
9.2,PhD,Sales Manager,Mumbai,Startup,Manufacturing,1772000
12.8,Bachelor's,QA Engineer,Hyderabad,SMB,Manufacturing,1263000
1.5,Master's,UI/UX Designer,Jaipur,SMB,E-commerce,593000
11.6,Bachelor's,Sales Manager,Hyderabad,SMB,Product Company,2459000
9.2,Master's,Civil Engineer,Ahmedabad,SMB,Manufacturing,781000
13.7,Bachelor's,Business Analyst,Mumbai,Startup,Consulting,2428000
12.6,Master's,QA Engineer,Kolkata,Startup,Consulting,1103000
4.0,Bachelor's,Chartered Accountant,Ahmedabad,Enterprise,E-commerce,1496000
7.4,PhD,Chartered Accountant,Delhi NCR,SMB,Healthcare,2412000
11.0,Bachelor's,DevOps Engineer,Kolkata,Startup,IT Services,1623000
13.4,Master's,DevOps Engineer,Delhi NCR,Startup,IT Services,3143000
3.7,Master's,Machine Learning Engineer,Kolkata,SMB,Manufacturing,1020000
8.5,PhD,Software Engineer,Pune,SMB,IT Services,1563000
7.5,Bachelor's,Sales Manager,Delhi NCR,SMB,EdTech,1481000
4.7,Bachelor's,Business Analyst,Hyderabad,Startup,E-commerce,766000
10.1,Bachelor's,Software Engineer,Delhi NCR,MNC,Consulting,2653000
4.4,Bachelor's,Machine Learning Engineer,Bangalore,SMB,Healthcare,1798000
7.8,Bachelor's,QA Engineer,Delhi NCR,SMB,Healthcare,1004000
11.4,PhD,Civil Engineer,Jaipur,Mid-size,Consulting,1305000
4.9,PhD,Cybersecurity Analyst,Mumbai,SMB,IT Services,1499000
1.2,Bachelor's,QA Engineer,Delhi NCR,Startup,Manufacturing,451000
12.1,Master's,Machine Learning Engineer,Jaipur,SMB,Healthcare,3003000
12.3,Master's,Cloud Architect,Bangalore,Mid-size,Product Company,4500000
13.2,PhD,Mechanical Engineer,Kolkata,Enterprise,Healthcare,1652000
13.3,Bachelor's,Marketing Specialist,Chennai,SMB,EdTech,1930000
7.6,Bachelor's,Civil Engineer,Mumbai,Enterprise,Consulting,1070000
9.7,Master's,QA Engineer,Pune,Mid-size,EdTech,1438000
6.7,Bachelor's,DevOps Engineer,Chennai,Mid-size,E-commerce,1615000
9.8,Bachelor's,QA Engineer,Delhi NCR,Startup,Fintech,1177000
6.0,PhD,Chartered Accountant,Mumbai,Enterprise,E-commerce,3135000
9.1,PhD,Machine Learning Engineer,Kolkata,SMB,Product Company,3686000
3.4,PhD,Civil Engineer,Mumbai,SMB,Product Company,826000
5.0,Master's,HR Manager,Jaipur,Mid-size,Consulting,1089000
13.2,Bachelor's,Mechanical Engineer,Pune,MNC,Product Company,2551000
2.9,Bachelor's,Cybersecurity Analyst,Ahmedabad,SMB,Product Company,818000
11.2,Bachelor's,Business Analyst,Chennai,SMB,E-commerce,1377000
4.4,Bachelor's,Civil Engineer,Jaipur,MNC,Fintech,697000
9.4,Bachelor's,Data Scientist,Delhi NCR,Enterprise,Fintech,2747000
7.2,Master's,Marketing Specialist,Pune,Mid-size,Consulting,1295000
4.6,Bachelor's,Business Analyst,Mumbai,SMB,IT Services,783000
2.9,Master's,QA Engineer,Kolkata,SMB,Consulting,659000
2.0,Bachelor's,UI/UX Designer,Delhi NCR,MNC,E-commerce,883000
4.4,Bachelor's,Software Engineer,Jaipur,Startup,Fintech,958000
4.8,Bachelor's,HR Manager,Hyderabad,Enterprise,Healthcare,1201000
11.0,Bachelor's,Sales Manager,Mumbai,Mid-size,EdTech,2452000
6.9,Master's,Data Engineer,Remote,MNC,Healthcare,1902000
5.8,Bachelor's,Senior Software Engineer,Ahmedabad,Mid-size,Fintech,2010000
12.8,Bachelor's,Mechanical Engineer,Bangalore,SMB,Consulting,1902000
2.4,Master's,HR Manager,Remote,Enterprise,Fintech,1191000
7.0,Bachelor's,Mechanical Engineer,Delhi NCR,MNC,Product Company,1490000
6.0,Bachelor's,DevOps Engineer,Kolkata,MNC,Fintech,1626000
14.3,Bachelor's,Machine Learning Engineer,Bangalore,SMB,Manufacturing,4262000
2.5,Bachelor's,Product Manager,Hyderabad,SMB,EdTech,1392000
7.2,Master's,Software Engineer,Kolkata,Enterprise,Consulting,2003000
8.6,Bachelor's,QA Engineer,Pune,Mid-size,EdTech,1123000
4.2,Bachelor's,UI/UX Designer,Hyderabad,Startup,E-commerce,844000
8.8,Bachelor's,QA Engineer,Kolkata,Startup,Product Company,890000
13.0,Bachelor's,HR Manager,Pune,Startup,EdTech,1765000
9.1,Bachelor's,Cybersecurity Analyst,Jaipur,Startup,Healthcare,1327000
5.1,Master's,Business Analyst,Hyderabad,SMB,Healthcare,1185000
7.2,Bachelor's,Mechanical Engineer,Bangalore,MNC,Product Company,1651000
4.5,Master's,Product Manager,Mumbai,Mid-size,EdTech,2218000
2.4,Bachelor's,Marketing Specialist,Mumbai,Startup,Product Company,771000
8.2,Bachelor's,Chartered Accountant,Kolkata,Mid-size,Product Company,1860000
13.1,Bachelor's,Chartered Accountant,Pune,SMB,Product Company,4041000
6.5,Master's,QA Engineer,Remote,Enterprise,EdTech,1004000
6.0,Master's,UI/UX Designer,Delhi NCR,Enterprise,Manufacturing,1194000
7.1,Bachelor's,Business Analyst,Ahmedabad,Startup,Product Company,1085000
7.7,Bachelor's,QA Engineer,Ahmedabad,MNC,E-commerce,999000
6.3,PhD,Chartered Accountant,Jaipur,Startup,Consulting,1785000
7.7,Bachelor's,Civil Engineer,Chennai,Enterprise,Consulting,911000
14.5,Bachelor's,Data Engineer,Pune,MNC,Fintech,4500000
2.4,Bachelor's,Cloud Architect,Chennai,Enterprise,Product Company,2609000
7.7,Master's,Product Manager,Delhi NCR,Startup,Product Company,3787000
5.3,Master's,DevOps Engineer,Kolkata,SMB,EdTech,1094000
12.2,Bachelor's,Machine Learning Engineer,Pune,Startup,Consulting,3431000
5.2,PhD,Software Engineer,Chennai,Startup,EdTech,1185000
15.7,Bachelor's,Marketing Specialist,Remote,Startup,Manufacturing,1699000
18.5,Bachelor's,Marketing Specialist,Kolkata,Startup,Fintech,1590000
9.8,Bachelor's,Machine Learning Engineer,Remote,Mid-size,Product Company,3619000
5.1,Bachelor's,Sales Manager,Hyderabad,Startup,Healthcare,1064000
13.3,Bachelor's,Data Scientist,Kolkata,SMB,Fintech,2847000
7.0,Bachelor's,DevOps Engineer,Bangalore,Mid-size,Healthcare,1638000
0.6,Bachelor's,DevOps Engineer,Pune,Startup,EdTech,704000
1.1,Master's,Data Scientist,Jaipur,Mid-size,EdTech,771000
9.3,Bachelor's,Marketing Specialist,Hyderabad,Enterprise,IT Services,1162000
7.4,Bachelor's,Software Engineer,Delhi NCR,Mid-size,E-commerce,1781000
6.9,Master's,Business Analyst,Bangalore,SMB,Healthcare,1281000
2.9,Master's,UI/UX Designer,Pune,Enterprise,Fintech,1064000
8.7,Master's,Data Engineer,Hyderabad,Mid-size,Consulting,3138000
5.6,Master's,Machine Learning Engineer,Delhi NCR,Mid-size,IT Services,2141000
11.3,Master's,UI/UX Designer,Kolkata,Enterprise,Consulting,1632000
17.3,Bachelor's,Mechanical Engineer,Kolkata,Enterprise,Healthcare,1965000
3.9,Bachelor's,Product Manager,Remote,SMB,EdTech,1650000
7.2,Master's,HR Manager,Hyderabad,SMB,E-commerce,1662000
4.9,Bachelor's,Business Analyst,Delhi NCR,Enterprise,IT Services,976000
18.1,Bachelor's,Marketing Specialist,Chennai,Mid-size,Product Company,2457000
7.3,Bachelor's,Data Scientist,Bangalore,Mid-size,Healthcare,1834000
11.4,Bachelor's,Civil Engineer,Hyderabad,Startup,Manufacturing,941000
14.8,Bachelor's,UI/UX Designer,Mumbai,Startup,E-commerce,2576000
4.7,Bachelor's,HR Manager,Jaipur,Mid-size,Manufacturing,683000
10.7,Master's,Sales Manager,Chennai,Enterprise,E-commerce,2557000
6.7,PhD,Marketing Specialist,Chennai,SMB,E-commerce,1415000
9.7,Bachelor's,Data Scientist,Chennai,MNC,Product Company,3223000
6.7,PhD,Data Engineer,Jaipur,Enterprise,Consulting,2527000
8.5,Bachelor's,Marketing Specialist,Chennai,Enterprise,Consulting,1448000
6.3,PhD,Mechanical Engineer,Ahmedabad,Enterprise,E-commerce,1323000
8.4,PhD,Product Manager,Mumbai,SMB,Consulting,4034000
8.7,Bachelor's,Data Engineer,Jaipur,SMB,Consulting,1913000
6.0,Master's,Machine Learning Engineer,Bangalore,Startup,Healthcare,2120000
3.0,PhD,Business Analyst,Mumbai,SMB,Product Company,1261000
9.5,PhD,UI/UX Designer,Pune,Startup,Consulting,1776000
5.8,PhD,Software Engineer,Hyderabad,Enterprise,E-commerce,2064000
12.5,Bachelor's,Chartered Accountant,Chennai,Enterprise,IT Services,3285000
8.2,Bachelor's,Cybersecurity Analyst,Jaipur,SMB,E-commerce,1226000
2.8,Master's,Machine Learning Engineer,Hyderabad,SMB,Healthcare,1538000
7.6,Master's,Chartered Accountant,Jaipur,Mid-size,EdTech,1699000
2.7,Master's,Sales Manager,Jaipur,Enterprise,Fintech,1058000
12.8,Bachelor's,Sales Manager,Jaipur,MNC,Product Company,3054000
10.3,Bachelor's,Chartered Accountant,Bangalore,SMB,IT Services,2857000
8.0,Bachelor's,Business Analyst,Remote,SMB,IT Services,1005000
5.1,Master's,Product Manager,Delhi NCR,Enterprise,Product Company,3709000
5.7,Bachelor's,Cybersecurity Analyst,Chennai,Startup,E-commerce,1186000
1.0,Master's,Civil Engineer,Mumbai,Enterprise,Consulting,873000
9.8,Master's,Mechanical Engineer,Chennai,Startup,Manufacturing,1126000
8.3,Bachelor's,Mechanical Engineer,Chennai,SMB,Healthcare,1003000
8.1,Bachelor's,Marketing Specialist,Ahmedabad,Mid-size,E-commerce,1220000
7.5,Bachelor's,Software Engineer,Mumbai,Enterprise,Healthcare,1581000
11.4,PhD,UI/UX Designer,Hyderabad,Startup,IT Services,1927000
14.2,Master's,Product Manager,Chennai,Enterprise,Fintech,4500000
11.0,Bachelor's,Product Manager,Ahmedabad,Enterprise,Consulting,3466000
9.8,Bachelor's,Civil Engineer,Bangalore,Enterprise,E-commerce,1195000
8.1,Bachelor's,Business Analyst,Jaipur,MNC,IT Services,1327000
4.8,Bachelor's,Civil Engineer,Jaipur,Enterprise,EdTech,661000
7.0,PhD,Chartered Accountant,Chennai,Enterprise,Consulting,2710000
6.0,Master's,UI/UX Designer,Remote,Mid-size,Consulting,1216000
8.4,Bachelor's,Machine Learning Engineer,Mumbai,Enterprise,Healthcare,3002000
5.8,Master's,Sales Manager,Hyderabad,MNC,IT Services,1663000
14.1,Bachelor's,Civil Engineer,Kolkata,Mid-size,Consulting,1477000
6.8,Master's,Business Analyst,Kolkata,SMB,EdTech,984000
10.0,Bachelor's,Machine Learning Engineer,Remote,SMB,Consulting,2344000
6.8,Master's,QA Engineer,Pune,Enterprise,Manufacturing,1052000
10.1,PhD,HR Manager,Hyderabad,MNC,Product Company,3338000
13.0,Bachelor's,QA Engineer,Kolkata,SMB,Healthcare,1149000
13.8,Master's,UI/UX Designer,Mumbai,MNC,Healthcare,2670000
5.3,PhD,Business Analyst,Hyderabad,SMB,EdTech,1062000
18.9,Bachelor's,Marketing Specialist,Kolkata,SMB,EdTech,1856000
7.8,Bachelor's,Product Manager,Hyderabad,MNC,Fintech,3503000
7.6,Master's,Marketing Specialist,Jaipur,MNC,E-commerce,1474000
10.4,Bachelor's,HR Manager,Mumbai,Mid-size,EdTech,1991000
6.6,Bachelor's,Marketing Specialist,Kolkata,MNC,Manufacturing,896000
17.7,Bachelor's,Chartered Accountant,Chennai,Enterprise,Product Company,4500000
10.9,Master's,Mechanical Engineer,Chennai,Enterprise,Consulting,1864000
17.9,Bachelor's,Civil Engineer,Mumbai,Enterprise,IT Services,1729000
7.1,Bachelor's,Software Engineer,Bangalore,SMB,Healthcare,1395000
11.4,Master's,Product Manager,Kolkata,Startup,Consulting,4176000
5.0,Bachelor's,DevOps Engineer,Delhi NCR,Startup,IT Services,1184000
10.2,Master's,Civil Engineer,Remote,Startup,E-commerce,1033000
7.1,Bachelor's,DevOps Engineer,Jaipur,SMB,EdTech,1245000
11.3,PhD,HR Manager,Bangalore,Startup,IT Services,2357000
9.2,Master's,Sales Manager,Mumbai,SMB,Fintech,2449000
9.4,Bachelor's,Data Scientist,Delhi NCR,Mid-size,Product Company,2883000
2.3,Master's,Sales Manager,Mumbai,Startup,Fintech,1136000
7.0,Bachelor's,Product Manager,Ahmedabad,SMB,Product Company,2016000
10.0,Bachelor's,Cloud Architect,Mumbai,SMB,Product Company,4500000
7.2,Bachelor's,HR Manager,Hyderabad,Startup,Consulting,1286000
5.8,Master's,Mechanical Engineer,Mumbai,Mid-size,Consulting,1223000
8.3,Bachelor's,Marketing Specialist,Ahmedabad,Enterprise,Manufacturing,1024000
12.0,Bachelor's,Cloud Architect,Delhi NCR,Mid-size,Consulting,4500000
11.6,Bachelor's,Cybersecurity Analyst,Pune,Mid-size,Fintech,3135000
11.1,Bachelor's,Product Manager,Ahmedabad,MNC,Healthcare,3527000
17.3,Bachelor's,Data Engineer,Bangalore,Enterprise,E-commerce,4500000
6.6,Bachelor's,Business Analyst,Delhi NCR,Startup,Fintech,1384000
8.3,Bachelor's,Data Engineer,Hyderabad,SMB,Healthcare,2048000
3.4,Bachelor's,Marketing Specialist,Kolkata,Mid-size,Healthcare,658000
6.3,Master's,Cloud Architect,Jaipur,Mid-size,E-commerce,3040000
8.4,Bachelor's,Software Engineer,Delhi NCR,Enterprise,Fintech,1884000
2.5,Master's,Senior Software Engineer,Remote,Startup,Product Company,1858000
6.5,Bachelor's,Chartered Accountant,Jaipur,MNC,Manufacturing,1396000
4.0,Bachelor's,HR Manager,Ahmedabad,Mid-size,Fintech,996000
11.5,Bachelor's,Sales Manager,Hyderabad,MNC,IT Services,2423000
9.2,Bachelor's,Senior Software Engineer,Bangalore,Mid-size,Healthcare,3458000
20.5,Bachelor's,Data Engineer,Hyderabad,Startup,E-commerce,4500000
7.8,Master's,Business Analyst,Mumbai,SMB,Manufacturing,1151000
16.2,Bachelor's,DevOps Engineer,Delhi NCR,SMB,IT Services,3065000
1.9,Bachelor's,Product Manager,Pune,SMB,EdTech,1565000
10.8,Bachelor's,Mechanical Engineer,Remote,Enterprise,IT Services,1022000
7.3,Bachelor's,HR Manager,Ahmedabad,SMB,Product Company,1270000
1.9,Bachelor's,Civil Engineer,Kolkata,Startup,Healthcare,369000
5.1,Bachelor's,Machine Learning Engineer,Kolkata,SMB,Healthcare,1551000
7.2,Bachelor's,QA Engineer,Kolkata,Mid-size,EdTech,871000
17.2,Bachelor's,QA Engineer,Jaipur,SMB,Product Company,1794000
6.4,Master's,Cloud Architect,Mumbai,Startup,Consulting,4005000
5.9,PhD,Business Analyst,Hyderabad,Enterprise,Healthcare,1542000
7.2,Bachelor's,Product Manager,Pune,SMB,E-commerce,2494000
4.1,Master's,Senior Software Engineer,Pune,MNC,IT Services,2274000
5.6,Master's,Business Analyst,Remote,Startup,IT Services,865000
6.9,Bachelor's,Product Manager,Chennai,Mid-size,Product Company,2658000
1.1,Master's,Cloud Architect,Delhi NCR,Mid-size,Consulting,2436000
9.9,Master's,Cybersecurity Analyst,Bangalore,Startup,Manufacturing,1749000
8.4,PhD,Sales Manager,Ahmedabad,Mid-size,E-commerce,2073000
10.3,PhD,Software Engineer,Kolkata,SMB,Product Company,2733000
1.7,Bachelor's,Product Manager,Jaipur,SMB,Manufacturing,847000
5.3,Bachelor's,Software Engineer,Hyderabad,Enterprise,EdTech,1464000
7.3,Bachelor's,Mechanical Engineer,Kolkata,MNC,Consulting,1179000
11.9,Bachelor's,Chartered Accountant,Mumbai,Startup,Product Company,3324000
3.0,Bachelor's,UI/UX Designer,Pune,Mid-size,E-commerce,805000
14.5,PhD,HR Manager,Pune,Startup,Consulting,3258000
8.8,Bachelor's,Cybersecurity Analyst,Pune,Startup,EdTech,1603000
11.9,Bachelor's,Civil Engineer,Ahmedabad,Startup,E-commerce,1013000
10.4,Master's,HR Manager,Bangalore,Mid-size,Product Company,2601000
3.5,Bachelor's,Data Engineer,Remote,Enterprise,Healthcare,1149000
11.1,Bachelor's,UI/UX Designer,Remote,Mid-size,Healthcare,1402000
6.7,PhD,Marketing Specialist,Remote,MNC,Fintech,1608000
8.0,Bachelor's,Machine Learning Engineer,Jaipur,Enterprise,E-commerce,2261000
7.4,Bachelor's,Cloud Architect,Mumbai,Startup,Product Company,3879000
5.4,Bachelor's,QA Engineer,Delhi NCR,SMB,Product Company,867000
5.0,PhD,Machine Learning Engineer,Hyderabad,Mid-size,IT Services,2450000
5.6,Bachelor's,UI/UX Designer,Jaipur,SMB,Product Company,914000
16.1,Bachelor's,Civil Engineer,Ahmedabad,Startup,IT Services,997000
9.7,Bachelor's,Mechanical Engineer,Hyderabad,Startup,Healthcare,1130000
16.6,Bachelor's,Chartered Accountant,Remote,SMB,E-commerce,4155000
8.7,PhD,Civil Engineer,Bangalore,Mid-size,Fintech,1570000
10.6,Bachelor's,Cloud Architect,Ahmedabad,Mid-size,Consulting,4500000
6.4,PhD,Sales Manager,Hyderabad,Enterprise,Manufacturing,1692000
6.6,Bachelor's,Product Manager,Ahmedabad,MNC,Consulting,2834000
12.7,Bachelor's,HR Manager,Jaipur,Enterprise,IT Services,1537000
5.1,Master's,Machine Learning Engineer,Remote,SMB,Manufacturing,1366000
13.1,Bachelor's,DevOps Engineer,Hyderabad,Mid-size,IT Services,3113000
15.6,Bachelor's,Chartered Accountant,Hyderabad,SMB,Product Company,4500000
3.3,Master's,DevOps Engineer,Bangalore,MNC,Healthcare,1462000
9.0,Bachelor's,Cybersecurity Analyst,Jaipur,Mid-size,Healthcare,1516000
14.8,Bachelor's,Cloud Architect,Hyderabad,SMB,Fintech,4500000
13.0,PhD,Cloud Architect,Mumbai,Enterprise,E-commerce,4500000
5.3,Bachelor's,Sales Manager,Delhi NCR,SMB,Product Company,1476000
3.8,Bachelor's,Mechanical Engineer,Mumbai,MNC,E-commerce,926000
12.4,Bachelor's,DevOps Engineer,Delhi NCR,Startup,E-commerce,2558000
5.9,Bachelor's,HR Manager,Mumbai,SMB,IT Services,1188000
15.9,Bachelor's,Senior Software Engineer,Pune,MNC,Consulting,4500000
9.1,Master's,Senior Software Engineer,Mumbai,SMB,Healthcare,2961000
2.8,Bachelor's,HR Manager,Jaipur,SMB,E-commerce,661000
0.8,Master's,Software Engineer,Hyderabad,Mid-size,Manufacturing,735000
3.0,Bachelor's,Cloud Architect,Remote,Mid-size,E-commerce,2320000
6.7,Bachelor's,Data Scientist,Delhi NCR,Startup,E-commerce,1827000
2.9,Bachelor's,DevOps Engineer,Pune,SMB,Healthcare,1019000
6.0,Master's,Senior Software Engineer,Delhi NCR,SMB,Fintech,2940000
9.2,Bachelor's,Product Manager,Remote,SMB,Manufacturing,2109000
5.8,Bachelor's,Cloud Architect,Jaipur,SMB,Consulting,2191000
2.1,Master's,Data Scientist,Jaipur,SMB,IT Services,862000
2.7,Bachelor's,Sales Manager,Pune,Enterprise,Fintech,1429000
0.6,Bachelor's,Software Engineer,Jaipur,Mid-size,Manufacturing,465000
4.1,PhD,UI/UX Designer,Ahmedabad,SMB,Product Company,893000
5.5,Bachelor's,Cloud Architect,Bangalore,SMB,Product Company,3129000
0.2,Bachelor's,Cybersecurity Analyst,Delhi NCR,SMB,Consulting,971000
5.0,Bachelor's,Product Manager,Jaipur,Startup,E-commerce,1465000
10.9,Bachelor's,UI/UX Designer,Chennai,MNC,Fintech,2202000
11.2,Bachelor's,Mechanical Engineer,Chennai,Startup,E-commerce,1266000
1.6,Master's,Data Scientist,Mumbai,Enterprise,Manufacturing,1269000
13.2,Bachelor's,Business Analyst,Bangalore,Mid-size,E-commerce,2469000
6.3,Master's,Data Engineer,Jaipur,Enterprise,Consulting,1639000
9.9,PhD,Marketing Specialist,Ahmedabad,Enterprise,Product Company,2126000
11.4,Master's,QA Engineer,Pune,Enterprise,Healthcare,1692000
5.9,Master's,Marketing Specialist,Pune,Mid-size,Fintech,1288000
4.1,Master's,Mechanical Engineer,Chennai,SMB,Fintech,980000
7.8,PhD,Mechanical Engineer,Ahmedabad,Mid-size,IT Services,914000
7.9,Bachelor's,Cybersecurity Analyst,Bangalore,Startup,E-commerce,1958000
12.7,Bachelor's,Chartered Accountant,Kolkata,SMB,IT Services,2256000
2.8,Bachelor's,Software Engineer,Jaipur,Enterprise,Manufacturing,681000
8.9,Bachelor's,UI/UX Designer,Delhi NCR,Mid-size,E-commerce,1645000
11.5,Bachelor's,Mechanical Engineer,Bangalore,SMB,Product Company,1943000
2.0,Master's,Senior Software Engineer,Bangalore,Enterprise,E-commerce,2270000
5.8,Bachelor's,Mechanical Engineer,Hyderabad,Startup,Product Company,1020000
10.2,PhD,Software Engineer,Jaipur,Enterprise,Fintech,1870000
11.7,Bachelor's,Mechanical Engineer,Delhi NCR,Enterprise,Consulting,1795000
8.7,Bachelor's,Machine Learning Engineer,Hyderabad,Startup,Consulting,2779000
7.2,Bachelor's,Sales Manager,Remote,Startup,Healthcare,1085000
1.3,Bachelor's,Mechanical Engineer,Jaipur,MNC,E-commerce,585000
12.5,Bachelor's,Mechanical Engineer,Hyderabad,Startup,Manufacturing,1335000
13.1,Bachelor's,Data Engineer,Kolkata,MNC,Product Company,4500000
7.1,Bachelor's,Chartered Accountant,Mumbai,SMB,E-commerce,1962000
13.6,Bachelor's,Data Scientist,Bangalore,SMB,Fintech,4500000
4.6,Bachelor's,DevOps Engineer,Bangalore,Mid-size,Product Company,1795000
12.8,Bachelor's,Data Scientist,Chennai,SMB,Consulting,2992000
6.6,Bachelor's,Sales Manager,Jaipur,SMB,Product Company,1168000
11.1,Bachelor's,Chartered Accountant,Remote,Mid-size,Consulting,3358000
4.4,Bachelor's,Chartered Accountant,Ahmedabad,SMB,Manufacturing,900000
5.4,Bachelor's,QA Engineer,Remote,Startup,Manufacturing,550000
2.2,Bachelor's,Data Scientist,Pune,Enterprise,Healthcare,1376000
11.3,Master's,Machine Learning Engineer,Hyderabad,Mid-size,Fintech,4500000
7.3,PhD,Cybersecurity Analyst,Hyderabad,Mid-size,Healthcare,2392000
5.4,PhD,Chartered Accountant,Hyderabad,Mid-size,Consulting,2182000
7.1,Bachelor's,HR Manager,Ahmedabad,Mid-size,E-commerce,1204000
17.7,Bachelor's,Sales Manager,Hyderabad,SMB,E-commerce,3854000
2.1,Bachelor's,Civil Engineer,Delhi NCR,MNC,Fintech,812000
1.2,Master's,UI/UX Designer,Ahmedabad,SMB,Manufacturing,496000
12.1,Master's,Machine Learning Engineer,Remote,MNC,Manufacturing,4500000
3.9,Master's,UI/UX Designer,Hyderabad,Enterprise,Healthcare,951000
8.1,Master's,Senior Software Engineer,Hyderabad,Enterprise,Consulting,4500000
1.6,Bachelor's,Sales Manager,Bangalore,SMB,Fintech,1142000
5.3,Master's,Cloud Architect,Hyderabad,Startup,Healthcare,2690000
8.6,Master's,Product Manager,Mumbai,SMB,EdTech,3128000
15.3,Bachelor's,Software Engineer,Mumbai,Mid-size,Fintech,4500000
6.0,PhD,HR Manager,Remote,SMB,IT Services,1139000
13.0,Bachelor's,Business Analyst,Delhi NCR,Startup,EdTech,1826000
4.0,PhD,Mechanical Engineer,Mumbai,Mid-size,EdTech,1188000
8.3,Master's,QA Engineer,Delhi NCR,Startup,E-commerce,1073000
6.8,Bachelor's,Cybersecurity Analyst,Ahmedabad,SMB,IT Services,1120000
7.1,Master's,UI/UX Designer,Mumbai,Mid-size,IT Services,1257000
2.0,Bachelor's,Sales Manager,Hyderabad,Startup,E-commerce,847000
6.8,Master's,Machine Learning Engineer,Delhi NCR,Startup,IT Services,1834000
1.8,Master's,HR Manager,Kolkata,SMB,Consulting,820000
12.5,Master's,Business Analyst,Mumbai,Mid-size,Product Company,3130000
7.3,Master's,Software Engineer,Chennai,MNC,Product Company,2163000
4.8,Bachelor's,HR Manager,Mumbai,SMB,Product Company,1161000
5.9,Bachelor's,Software Engineer,Remote,Mid-size,Healthcare,1235000
8.4,Bachelor's,UI/UX Designer,Jaipur,Startup,EdTech,892000
9.8,Bachelor's,Mechanical Engineer,Ahmedabad,Mid-size,Product Company,1249000
3.6,Bachelor's,Product Manager,Jaipur,Startup,EdTech,1253000
14.2,Bachelor's,Machine Learning Engineer,Hyderabad,Enterprise,Fintech,4500000
7.3,Bachelor's,DevOps Engineer,Kolkata,Enterprise,Product Company,2115000
5.2,Bachelor's,Sales Manager,Delhi NCR,Mid-size,IT Services,1276000
13.4,Master's,Data Engineer,Ahmedabad,Startup,IT Services,2360000
4.8,Bachelor's,QA Engineer,Bangalore,Enterprise,EdTech,886000
1.8,Master's,QA Engineer,Hyderabad,Startup,Product Company,726000
2.2,Bachelor's,Cloud Architect,Pune,Mid-size,EdTech,2073000
13.3,Bachelor's,Chartered Accountant,Chennai,Enterprise,Manufacturing,3119000
3.0,Bachelor's,DevOps Engineer,Remote,Mid-size,E-commerce,962000
7.1,Bachelor's,Civil Engineer,Jaipur,Enterprise,Healthcare,739000
12.7,Bachelor's,Marketing Specialist,Delhi NCR,Mid-size,Consulting,2358000
2.0,Bachelor's,Software Engineer,Bangalore,Enterprise,EdTech,1005000
7.0,Bachelor's,Machine Learning Engineer,Jaipur,SMB,Fintech,1933000
8.0,Bachelor's,QA Engineer,Chennai,SMB,EdTech,835000
6.7,Bachelor's,Data Scientist,Bangalore,Mid-size,E-commerce,2001000
11.6,Bachelor's,Civil Engineer,Kolkata,Mid-size,EdTech,951000
2.4,Master's,Business Analyst,Jaipur,Mid-size,EdTech,740000
4.8,Bachelor's,Civil Engineer,Jaipur,Mid-size,Manufacturing,496000
8.2,PhD,Data Scientist,Jaipur,Mid-size,Manufacturing,1720000
1.4,Master's,Software Engineer,Remote,Startup,E-commerce,769000
7.7,PhD,Cybersecurity Analyst,Kolkata,SMB,Healthcare,1378000
9.5,Master's,Mechanical Engineer,Kolkata,MNC,Fintech,1944000
6.9,Bachelor's,HR Manager,Hyderabad,SMB,IT Services,935000
13.1,Bachelor's,Mechanical Engineer,Kolkata,Startup,Healthcare,1263000
11.5,Bachelor's,Marketing Specialist,Jaipur,Enterprise,Manufacturing,1241000
13.6,Master's,Senior Software Engineer,Jaipur,Startup,IT Services,3311000
6.8,Bachelor's,Data Engineer,Jaipur,SMB,EdTech,1318000
10.2,Bachelor's,Sales Manager,Hyderabad,Mid-size,Healthcare,1885000
8.4,PhD,Business Analyst,Pune,SMB,EdTech,1684000
3.1,Bachelor's,HR Manager,Jaipur,MNC,E-commerce,837000
8.3,Bachelor's,HR Manager,Remote,Enterprise,Consulting,1691000
9.2,Master's,Civil Engineer,Chennai,Mid-size,Healthcare,986000
8.5,Bachelor's,Civil Engineer,Jaipur,MNC,Fintech,994000
19.6,Bachelor's,Data Engineer,Kolkata,SMB,IT Services,3248000
9.1,Master's,Mechanical Engineer,Pune,SMB,EdTech,1263000
2.4,Bachelor's,Senior Software Engineer,Chennai,Mid-size,Healthcare,1561000
13.7,Bachelor's,DevOps Engineer,Mumbai,Mid-size,Consulting,3582000
11.1,Bachelor's,Cybersecurity Analyst,Ahmedabad,SMB,Product Company,2471000
3.2,Master's,Data Scientist,Mumbai,SMB,Product Company,1829000
1.6,Bachelor's,Mechanical Engineer,Hyderabad,SMB,Consulting,727000
6.5,PhD,Machine Learning Engineer,Delhi NCR,SMB,Product Company,3358000
8.2,Master's,Product Manager,Delhi NCR,SMB,Fintech,4186000
8.3,Bachelor's,DevOps Engineer,Jaipur,MNC,Consulting,1652000
14.4,Bachelor's,QA Engineer,Bangalore,Enterprise,EdTech,2363000
8.9,Bachelor's,Senior Software Engineer,Jaipur,Mid-size,Manufacturing,2332000
5.0,Master's,Mechanical Engineer,Pune,SMB,E-commerce,1047000
14.6,Bachelor's,Civil Engineer,Hyderabad,Startup,EdTech,1584000
10.2,Bachelor's,Marketing Specialist,Delhi NCR,SMB,Consulting,1851000
7.4,Bachelor's,Machine Learning Engineer,Chennai,Mid-size,EdTech,2151000
8.5,PhD,Cloud Architect,Remote,Enterprise,Fintech,4500000
0.8,Bachelor's,DevOps Engineer,Chennai,SMB,Consulting,910000
7.3,Master's,Data Engineer,Hyderabad,MNC,EdTech,2555000
11.9,Bachelor's,Civil Engineer,Delhi NCR,Enterprise,EdTech,1729000
12.2,PhD,Civil Engineer,Remote,Startup,Manufacturing,1177000
10.6,Bachelor's,HR Manager,Ahmedabad,MNC,Fintech,2115000
16.9,Bachelor's,Sales Manager,Pune,SMB,Consulting,3000000
5.1,PhD,Machine Learning Engineer,Kolkata,MNC,Product Company,2889000
9.7,PhD,Business Analyst,Ahmedabad,Mid-size,E-commerce,1553000
15.5,Bachelor's,Cloud Architect,Pune,SMB,Product Company,4500000
5.9,Bachelor's,Senior Software Engineer,Chennai,SMB,Manufacturing,1346000
12.0,Bachelor's,Mechanical Engineer,Mumbai,Mid-size,Manufacturing,1629000
8.4,Bachelor's,Data Engineer,Hyderabad,Enterprise,Product Company,2836000
5.8,Bachelor's,HR Manager,Jaipur,Enterprise,EdTech,850000
3.6,Master's,Civil Engineer,Mumbai,SMB,Manufacturing,636000
8.6,Bachelor's,Cybersecurity Analyst,Mumbai,Enterprise,Manufacturing,1968000
2.8,Master's,Software Engineer,Hyderabad,SMB,E-commerce,1088000
9.1,Bachelor's,Business Analyst,Delhi NCR,SMB,EdTech,1584000
5.5,Bachelor's,UI/UX Designer,Kolkata,SMB,EdTech,765000
4.6,Master's,Sales Manager,Remote,Enterprise,Consulting,1587000
11.2,Bachelor's,Data Engineer,Ahmedabad,Mid-size,E-commerce,2489000
6.8,Master's,Mechanical Engineer,Jaipur,SMB,Manufacturing,761000
9.2,Bachelor's,Software Engineer,Remote,Mid-size,Product Company,1701000
11.9,PhD,Data Scientist,Kolkata,Enterprise,IT Services,3302000
13.7,Master's,HR Manager,Jaipur,Startup,Product Company,2152000
0.7,Master's,Business Analyst,Mumbai,SMB,Manufacturing,753000
15.5,Bachelor's,Mechanical Engineer,Ahmedabad,SMB,Product Company,1859000
8.3,Bachelor's,Civil Engineer,Kolkata,Startup,Manufacturing,634000
3.1,Bachelor's,Data Scientist,Delhi NCR,SMB,Consulting,1342000
10.5,Bachelor's,Sales Manager,Kolkata,Enterprise,E-commerce,2391000
10.6,Bachelor's,Machine Learning Engineer,Ahmedabad,SMB,Healthcare,2109000
5.8,Bachelor's,Data Scientist,Delhi NCR,Enterprise,Product Company,2206000
8.4,Bachelor's,DevOps Engineer,Jaipur,MNC,Manufacturing,1366000
3.6,Bachelor's,Marketing Specialist,Bangalore,SMB,IT Services,618000
6.7,Bachelor's,Senior Software Engineer,Mumbai,SMB,Manufacturing,1906000
5.5,Bachelor's,Sales Manager,Mumbai,Startup,EdTech,1317000
7.0,Bachelor's,Product Manager,Jaipur,Mid-size,Consulting,2109000
4.2,Master's,DevOps Engineer,Chennai,SMB,Consulting,1342000
10.7,Bachelor's,DevOps Engineer,Remote,Mid-size,EdTech,2173000
16.5,Bachelor's,Product Manager,Remote,Enterprise,E-commerce,4500000
2.8,Bachelor's,Product Manager,Delhi NCR,Enterprise,E-commerce,2055000
11.6,Master's,Cloud Architect,Ahmedabad,Mid-size,EdTech,4500000
18.2,Bachelor's,QA Engineer,Pune,Enterprise,E-commerce,2562000
8.5,Bachelor's,HR Manager,Hyderabad,MNC,IT Services,1661000
4.6,PhD,UI/UX Designer,Delhi NCR,Mid-size,Product Company,1554000
4.6,Bachelor's,Machine Learning Engineer,Mumbai,Startup,IT Services,1337000
7.2,PhD,Cybersecurity Analyst,Ahmedabad,Enterprise,Fintech,2187000
3.1,Master's,Mechanical Engineer,Chennai,Enterprise,Manufacturing,856000
14.7,Bachelor's,Data Engineer,Hyderabad,Mid-size,Consulting,4500000
14.4,Bachelor's,QA Engineer,Delhi NCR,Mid-size,IT Services,1689000
10.6,Master's,Sales Manager,Delhi NCR,SMB,EdTech,2754000
9.7,PhD,Civil Engineer,Bangalore,Mid-size,E-commerce,1751000
16.9,Bachelor's,Senior Software Engineer,Chennai,Enterprise,E-commerce,4500000
15.9,Bachelor's,HR Manager,Remote,Enterprise,Healthcare,2446000
2.0,Bachelor's,Chartered Accountant,Jaipur,Startup,IT Services,622000
9.8,Bachelor's,HR Manager,Remote,Startup,E-commerce,1570000
12.3,Master's,UI/UX Designer,Jaipur,SMB,Healthcare,1590000
8.8,Bachelor's,Civil Engineer,Remote,SMB,IT Services,773000
4.7,Master's,Senior Software Engineer,Bangalore,Enterprise,E-commerce,2524000
11.7,Master's,Business Analyst,Delhi NCR,Startup,Product Company,2402000
6.2,Master's,Civil Engineer,Chennai,Enterprise,Manufacturing,784000
6.5,Master's,DevOps Engineer,Jaipur,Mid-size,Manufacturing,1199000
5.9,Master's,Marketing Specialist,Mumbai,Mid-size,Healthcare,1384000
9.8,Master's,Cloud Architect,Ahmedabad,Mid-size,Consulting,4500000
8.8,Master's,Data Engineer,Ahmedabad,Enterprise,EdTech,2391000
14.3,Bachelor's,Cybersecurity Analyst,Chennai,SMB,Manufacturing,2616000
8.3,Bachelor's,Civil Engineer,Pune,SMB,E-commerce,970000
9.8,Bachelor's,Product Manager,Bangalore,Mid-size,Consulting,3713000
9.4,Master's,Mechanical Engineer,Delhi NCR,SMB,EdTech,1446000
9.7,Master's,Business Analyst,Hyderabad,SMB,Fintech,1926000
4.4,Bachelor's,Business Analyst,Kolkata,MNC,Manufacturing,782000
14.2,Bachelor's,Senior Software Engineer,Pune,Enterprise,IT Services,4500000
0.6,Bachelor's,Senior Software Engineer,Jaipur,Startup,Product Company,906000
9.3,Master's,Marketing Specialist,Jaipur,Enterprise,E-commerce,1366000
6.8,Bachelor's,Senior Software Engineer,Jaipur,SMB,Consulting,2093000
3.9,Bachelor's,Data Scientist,Kolkata,SMB,Healthcare,1101000
12.7,Master's,Machine Learning Engineer,Hyderabad,SMB,Fintech,4500000
4.4,Master's,Product Manager,Remote,Startup,Consulting,1759000
9.0,Bachelor's,Data Scientist,Bangalore,SMB,Healthcare,2196000
2.8,Bachelor's,Data Engineer,Chennai,Mid-size,Healthcare,1173000
17.0,PhD,Mechanical Engineer,Jaipur,SMB,Manufacturing,1880000
3.5,Master's,QA Engineer,Bangalore,Startup,Manufacturing,738000
3.7,Master's,Cybersecurity Analyst,Delhi NCR,SMB,E-commerce,1541000
3.3,Bachelor's,Chartered Accountant,Delhi NCR,SMB,IT Services,1224000
5.5,Bachelor's,Chartered Accountant,Hyderabad,Mid-size,EdTech,1544000
10.9,Bachelor's,Cybersecurity Analyst,Hyderabad,SMB,EdTech,2000000
7.9,Master's,Senior Software Engineer,Remote,Mid-size,Fintech,3189000
9.9,Bachelor's,Mechanical Engineer,Remote,SMB,E-commerce,1268000
8.5,Bachelor's,Marketing Specialist,Bangalore,SMB,Manufacturing,1069000
5.4,Master's,Cloud Architect,Pune,Enterprise,Healthcare,3565000
3.2,PhD,Data Scientist,Mumbai,Mid-size,Manufacturing,1334000
5.8,Master's,Data Scientist,Hyderabad,Mid-size,Fintech,2066000
7.0,Bachelor's,DevOps Engineer,Bangalore,SMB,EdTech,1803000
14.3,Bachelor's,Marketing Specialist,Chennai,SMB,Fintech,2348000
6.9,Bachelor's,HR Manager,Delhi NCR,Mid-size,Product Company,1621000
13.8,Bachelor's,Data Scientist,Jaipur,MNC,Healthcare,3123000
5.3,Bachelor's,Business Analyst,Pune,SMB,EdTech,1034000
11.0,Bachelor's,Civil Engineer,Chennai,Mid-size,IT Services,1084000
5.2,Bachelor's,Senior Software Engineer,Mumbai,SMB,Fintech,2566000
6.9,Master's,Chartered Accountant,Bangalore,MNC,EdTech,2807000
3.4,PhD,Software Engineer,Ahmedabad,SMB,Product Company,1029000
13.9,Bachelor's,Cloud Architect,Ahmedabad,SMB,Healthcare,4500000
11.4,Bachelor's,Software Engineer,Kolkata,SMB,Fintech,2228000
13.6,Bachelor's,Marketing Specialist,Bangalore,Enterprise,Healthcare,2140000
4.2,Bachelor's,Business Analyst,Kolkata,Enterprise,Product Company,1050000
5.6,Bachelor's,Business Analyst,Kolkata,Enterprise,E-commerce,1220000
4.8,Bachelor's,QA Engineer,Delhi NCR,Enterprise,E-commerce,962000
9.8,Master's,Cloud Architect,Kolkata,SMB,EdTech,3768000
2.3,Bachelor's,Marketing Specialist,Hyderabad,Startup,Healthcare,555000
14.8,PhD,Business Analyst,Pune,Enterprise,EdTech,3544000
3.3,Bachelor's,Mechanical Engineer,Hyderabad,SMB,Consulting,759000
8.2,Bachelor's,Cybersecurity Analyst,Delhi NCR,Startup,IT Services,1355000
5.7,Bachelor's,Sales Manager,Jaipur,Startup,E-commerce,893000
7.5,Bachelor's,HR Manager,Bangalore,SMB,Consulting,1597000
5.7,Bachelor's,QA Engineer,Delhi NCR,SMB,Consulting,798000
9.4,PhD,Cloud Architect,Pune,Mid-size,EdTech,4500000
5.6,Bachelor's,Marketing Specialist,Remote,Mid-size,EdTech,914000
9.4,Bachelor's,Sales Manager,Kolkata,Startup,Product Company,1653000
4.8,Bachelor's,UI/UX Designer,Pune,SMB,Manufacturing,670000
6.5,Bachelor's,Product Manager,Pune,Enterprise,IT Services,2252000
2.7,Bachelor's,Chartered Accountant,Chennai,Enterprise,Consulting,1725000
4.7,Bachelor's,DevOps Engineer,Bangalore,Enterprise,EdTech,1691000
5.9,Master's,Senior Software Engineer,Bangalore,Startup,EdTech,2428000
10.8,Bachelor's,Cybersecurity Analyst,Kolkata,MNC,E-commerce,2830000
14.6,Bachelor's,Senior Software Engineer,Jaipur,Enterprise,Product Company,4500000
6.1,Master's,Marketing Specialist,Ahmedabad,SMB,EdTech,731000
5.7,Master's,Civil Engineer,Hyderabad,Mid-size,EdTech,728000
11.6,Bachelor's,Sales Manager,Jaipur,SMB,E-commerce,1656000
13.2,Bachelor's,DevOps Engineer,Pune,Mid-size,Fintech,2876000
1.4,Bachelor's,Chartered Accountant,Jaipur,Enterprise,Consulting,1107000
6.0,Bachelor's,Senior Software Engineer,Pune,SMB,Manufacturing,1750000
3.4,Bachelor's,Senior Software Engineer,Delhi NCR,Startup,E-commerce,1848000
1.0,Master's,Cloud Architect,Remote,SMB,Product Company,2177000
5.6,Bachelor's,QA Engineer,Delhi NCR,Enterprise,E-commerce,1126000
5.3,Master's,Sales Manager,Kolkata,Mid-size,Consulting,1230000
1.0,Bachelor's,Cloud Architect,Chennai,SMB,EdTech,1651000
11.0,Master's,Chartered Accountant,Bangalore,MNC,Manufacturing,3400000
1.3,Master's,Mechanical Engineer,Ahmedabad,Startup,Healthcare,551000
4.7,Bachelor's,DevOps Engineer,Mumbai,Startup,E-commerce,1449000
6.8,Bachelor's,Senior Software Engineer,Delhi NCR,SMB,EdTech,2513000
9.3,Bachelor's,Sales Manager,Mumbai,Enterprise,Fintech,2461000
4.4,Master's,Machine Learning Engineer,Remote,Enterprise,IT Services,1854000
10.4,Bachelor's,Cloud Architect,Chennai,Enterprise,Manufacturing,3620000
4.2,Bachelor's,Marketing Specialist,Kolkata,Enterprise,EdTech,653000
14.6,Bachelor's,Machine Learning Engineer,Chennai,SMB,Manufacturing,4136000
14.0,Master's,Product Manager,Mumbai,SMB,Healthcare,4500000
15.3,Bachelor's,Chartered Accountant,Chennai,Mid-size,EdTech,3504000
17.0,Bachelor's,Sales Manager,Ahmedabad,SMB,Fintech,2948000
4.3,PhD,Cybersecurity Analyst,Bangalore,Mid-size,Healthcare,1749000
15.8,Bachelor's,HR Manager,Hyderabad,Startup,E-commerce,2589000
6.5,Master's,Marketing Specialist,Hyderabad,SMB,Consulting,1238000
7.5,Bachelor's,UI/UX Designer,Remote,SMB,Fintech,1188000
7.1,Bachelor's,Cybersecurity Analyst,Chennai,Startup,E-commerce,1528000
9.8,Master's,QA Engineer,Mumbai,MNC,Fintech,2107000
1.6,Master's,Product Manager,Hyderabad,Startup,Healthcare,1260000
10.0,Master's,HR Manager,Kolkata,MNC,EdTech,1972000
2.8,Bachelor's,Data Engineer,Chennai,Startup,Product Company,1211000
12.1,Bachelor's,Marketing Specialist,Kolkata,Enterprise,EdTech,1539000
8.3,Bachelor's,Business Analyst,Ahmedabad,Mid-size,Healthcare,1032000
17.4,Bachelor's,Machine Learning Engineer,Bangalore,Startup,Product Company,4500000
4.7,Bachelor's,Data Scientist,Kolkata,SMB,Consulting,1143000
8.6,Bachelor's,Mechanical Engineer,Ahmedabad,SMB,Fintech,1042000
6.5,Bachelor's,QA Engineer,Pune,Enterprise,Manufacturing,850000
8.2,Bachelor's,QA Engineer,Mumbai,Startup,IT Services,845000
16.3,Bachelor's,Data Scientist,Chennai,SMB,Product Company,3832000
3.7,Bachelor's,Mechanical Engineer,Mumbai,Mid-size,Manufacturing,799000
2.3,Master's,DevOps Engineer,Remote,Mid-size,Consulting,1251000
12.3,Master's,Data Engineer,Bangalore,SMB,Consulting,3820000
6.0,Bachelor's,Product Manager,Hyderabad,Startup,Manufacturing,1833000
5.5,Master's,DevOps Engineer,Jaipur,Mid-size,Consulting,1246000
11.5,Master's,Data Scientist,Kolkata,SMB,Manufacturing,2186000
7.7,Bachelor's,Mechanical Engineer,Jaipur,Mid-size,Consulting,909000
9.9,Bachelor's,Senior Software Engineer,Bangalore,SMB,Product Company,3961000
5.3,Bachelor's,Software Engineer,Hyderabad,MNC,EdTech,1543000
10.5,Bachelor's,Cloud Architect,Jaipur,Mid-size,EdTech,3478000
2.9,Master's,Civil Engineer,Jaipur,Mid-size,IT Services,488000
6.3,PhD,Sales Manager,Jaipur,Enterprise,Healthcare,1541000
6.5,Bachelor's,Mechanical Engineer,Jaipur,MNC,Product Company,1139000
8.0,Master's,Machine Learning Engineer,Pune,Enterprise,IT Services,2731000
13.1,Bachelor's,HR Manager,Bangalore,Mid-size,Consulting,2875000
2.5,Bachelor's,Data Scientist,Pune,Enterprise,IT Services,1248000
9.9,Master's,Software Engineer,Remote,Startup,EdTech,1853000
0.8,Bachelor's,UI/UX Designer,Chennai,Enterprise,Product Company,698000
6.1,Bachelor's,Business Analyst,Bangalore,Mid-size,Healthcare,1052000
8.8,Bachelor's,Cloud Architect,Ahmedabad,Mid-size,Consulting,3924000
12.0,PhD,Machine Learning Engineer,Jaipur,Enterprise,EdTech,4026000
3.1,Bachelor's,Cloud Architect,Hyderabad,Mid-size,Manufacturing,1606000
12.6,Bachelor's,Product Manager,Chennai,Mid-size,EdTech,3833000
12.9,Bachelor's,Data Engineer,Ahmedabad,MNC,Manufacturing,2803000
3.1,Bachelor's,Product Manager,Remote,Mid-size,Fintech,1654000
8.9,Bachelor's,DevOps Engineer,Kolkata,SMB,E-commerce,1722000
6.0,Master's,Data Engineer,Mumbai,Startup,Healthcare,1619000
10.8,Master's,Data Engineer,Remote,Mid-size,EdTech,3042000
3.0,Master's,Business Analyst,Mumbai,SMB,Manufacturing,851000
6.2,Master's,Senior Software Engineer,Kolkata,Mid-size,Healthcare,1903000
3.9,Bachelor's,HR Manager,Jaipur,Enterprise,Product Company,1004000
10.5,Bachelor's,QA Engineer,Chennai,SMB,E-commerce,1301000
2.2,Bachelor's,DevOps Engineer,Ahmedabad,MNC,Healthcare,969000
3.5,Bachelor's,Marketing Specialist,Jaipur,Enterprise,Manufacturing,619000
4.2,PhD,Business Analyst,Kolkata,MNC,IT Services,1044000
4.5,Master's,Data Scientist,Delhi NCR,Startup,E-commerce,1680000
8.3,PhD,Sales Manager,Kolkata,SMB,Manufacturing,1379000
3.7,Bachelor's,Senior Software Engineer,Delhi NCR,Mid-size,Manufacturing,2057000
8.0,Bachelor's,DevOps Engineer,Kolkata,Enterprise,Fintech,1648000
4.0,Bachelor's,Cybersecurity Analyst,Bangalore,MNC,IT Services,1842000
10.4,Bachelor's,Marketing Specialist,Bangalore,Enterprise,IT Services,1515000
10.8,Bachelor's,HR Manager,Delhi NCR,SMB,Healthcare,1960000
16.2,Bachelor's,Sales Manager,Hyderabad,SMB,Healthcare,3246000
6.0,Bachelor's,DevOps Engineer,Ahmedabad,Mid-size,Manufacturing,952000
5.7,PhD,Sales Manager,Hyderabad,Startup,Consulting,1753000
10.4,Bachelor's,Marketing Specialist,Delhi NCR,MNC,EdTech,1791000
14.1,Bachelor's,Sales Manager,Hyderabad,Enterprise,Product Company,4068000
4.8,Master's,Marketing Specialist,Remote,Enterprise,Consulting,1151000
1.9,Bachelor's,Mechanical Engineer,Jaipur,MNC,Fintech,723000
5.2,PhD,Data Engineer,Bangalore,Startup,Consulting,2046000
4.9,Master's,HR Manager,Mumbai,SMB,EdTech,1256000
5.5,Bachelor's,Cybersecurity Analyst,Remote,Mid-size,EdTech,1165000
9.5,Master's,Software Engineer,Delhi NCR,Enterprise,EdTech,2156000
7.5,Master's,Machine Learning Engineer,Jaipur,Enterprise,E-commerce,2732000
5.1,Master's,UI/UX Designer,Bangalore,Startup,Healthcare,1027000
9.8,Master's,Business Analyst,Delhi NCR,Mid-size,E-commerce,1792000
13.3,Master's,Mechanical Engineer,Jaipur,SMB,Product Company,1573000
14.1,Bachelor's,Sales Manager,Hyderabad,SMB,IT Services,2065000
10.1,Bachelor's,Software Engineer,Bangalore,MNC,Healthcare,2660000
6.3,Master's,UI/UX Designer,Ahmedabad,Startup,Product Company,1095000
6.2,PhD,QA Engineer,Bangalore,Startup,Healthcare,953000
6.2,Bachelor's,HR Manager,Mumbai,SMB,E-commerce,1398000
2.1,Master's,Cybersecurity Analyst,Jaipur,Enterprise,E-commerce,1257000
2.5,Bachelor's,Machine Learning Engineer,Jaipur,Startup,Healthcare,793000
4.6,Master's,Machine Learning Engineer,Hyderabad,Startup,Fintech,1969000
9.3,PhD,Cloud Architect,Delhi NCR,SMB,IT Services,4010000
6.9,Bachelor's,Business Analyst,Ahmedabad,Mid-size,Fintech,1245000
3.0,Bachelor's,Senior Software Engineer,Mumbai,Startup,Product Company,1930000
12.8,Bachelor's,Mechanical Engineer,Mumbai,Enterprise,Product Company,2263000
9.3,Bachelor's,Senior Software Engineer,Chennai,Enterprise,Product Company,4017000
7.1,Bachelor's,Senior Software Engineer,Ahmedabad,Mid-size,Healthcare,1909000
9.3,Bachelor's,Data Scientist,Bangalore,Startup,IT Services,1980000
3.4,Bachelor's,Data Scientist,Bangalore,Mid-size,IT Services,1293000
10.3,Bachelor's,Data Engineer,Hyderabad,SMB,Manufacturing,2055000
6.1,Bachelor's,Mechanical Engineer,Mumbai,SMB,Consulting,1015000
11.2,Master's,Chartered Accountant,Pune,Enterprise,Product Company,4303000
1.0,Master's,Mechanical Engineer,Delhi NCR,Startup,Consulting,749000
3.2,Master's,Sales Manager,Mumbai,Startup,Healthcare,1128000
9.5,Master's,Data Engineer,Kolkata,Startup,Consulting,2383000
11.7,Master's,Cloud Architect,Mumbai,Startup,Manufacturing,4252000
12.6,Bachelor's,Business Analyst,Jaipur,SMB,Consulting,1834000
5.8,Master's,Civil Engineer,Mumbai,SMB,Manufacturing,758000
7.8,Bachelor's,Senior Software Engineer,Pune,Enterprise,Consulting,3198000
9.0,Bachelor's,Mechanical Engineer,Jaipur,Startup,Healthcare,746000
16.1,Bachelor's,Mechanical Engineer,Kolkata,SMB,Fintech,2166000
9.8,Master's,Senior Software Engineer,Bangalore,MNC,EdTech,4500000
7.5,Master's,DevOps Engineer,Hyderabad,Mid-size,Product Company,2777000
0.8,Bachelor's,Cloud Architect,Bangalore,Enterprise,EdTech,2122000
2.1,Bachelor's,Chartered Accountant,Ahmedabad,SMB,Consulting,1059000
3.6,Bachelor's,Business Analyst,Kolkata,Startup,IT Services,687000
5.7,Master's,Marketing Specialist,Remote,Startup,E-commerce,946000
11.1,Master's,Data Engineer,Mumbai,Enterprise,Product Company,4500000
1.8,Bachelor's,Senior Software Engineer,Bangalore,Enterprise,E-commerce,2025000
5.0,Bachelor's,Sales Manager,Delhi NCR,SMB,Product Company,1688000
1.0,Bachelor's,Cybersecurity Analyst,Bangalore,SMB,E-commerce,1125000
3.4,Bachelor's,Civil Engineer,Hyderabad,SMB,Fintech,698000
3.2,Master's,Chartered Accountant,Ahmedabad,Startup,Product Company,1527000
7.1,Master's,Data Engineer,Mumbai,Startup,Healthcare,1971000
13.0,Bachelor's,Civil Engineer,Jaipur,MNC,Fintech,1389000
3.4,Bachelor's,Data Scientist,Chennai,Startup,IT Services,940000
10.9,Bachelor's,Cybersecurity Analyst,Kolkata,SMB,Healthcare,1853000
16.2,Bachelor's,Data Engineer,Jaipur,Mid-size,Consulting,3493000
7.9,Bachelor's,Machine Learning Engineer,Delhi NCR,SMB,Consulting,2565000
2.0,Bachelor's,QA Engineer,Mumbai,MNC,E-commerce,759000
7.3,PhD,Sales Manager,Ahmedabad,Startup,Consulting,1429000
10.8,Bachelor's,Business Analyst,Jaipur,Enterprise,Healthcare,1448000
3.2,Bachelor's,Cybersecurity Analyst,Pune,Startup,Fintech,1261000
6.0,Bachelor's,Marketing Specialist,Jaipur,SMB,EdTech,780000
16.1,Bachelor's,Data Engineer,Remote,Mid-size,Manufacturing,3530000
12.2,Master's,Business Analyst,Hyderabad,Enterprise,E-commerce,2335000
2.6,Bachelor's,DevOps Engineer,Jaipur,SMB,IT Services,645000
9.3,Master's,Cybersecurity Analyst,Bangalore,SMB,Healthcare,2281000
11.2,Master's,Chartered Accountant,Jaipur,SMB,Consulting,2888000
8.8,Bachelor's,UI/UX Designer,Jaipur,Startup,Manufacturing,740000
6.4,Master's,QA Engineer,Jaipur,Enterprise,E-commerce,859000
12.3,PhD,Chartered Accountant,Mumbai,MNC,E-commerce,4500000
6.7,Bachelor's,Cloud Architect,Remote,Mid-size,E-commerce,2933000
7.6,Bachelor's,Mechanical Engineer,Chennai,SMB,IT Services,793000
12.9,PhD,DevOps Engineer,Bangalore,Mid-size,Manufacturing,3440000
13.8,Master's,DevOps Engineer,Jaipur,Mid-size,Manufacturing,2359000
4.6,Bachelor's,Cloud Architect,Remote,Startup,Product Company,2388000
13.5,Bachelor's,Software Engineer,Mumbai,SMB,Product Company,3234000
8.9,Bachelor's,UI/UX Designer,Pune,Mid-size,Product Company,1457000
12.4,Master's,Product Manager,Chennai,Enterprise,IT Services,4447000
11.2,Bachelor's,DevOps Engineer,Mumbai,SMB,Product Company,2841000
1.8,Bachelor's,Marketing Specialist,Kolkata,Enterprise,Consulting,574000
14.2,Master's,QA Engineer,Mumbai,Enterprise,EdTech,2553000
12.4,PhD,Machine Learning Engineer,Pune,MNC,Healthcare,4500000
11.2,Master's,Machine Learning Engineer,Pune,MNC,EdTech,4426000
0.3,Bachelor's,Mechanical Engineer,Kolkata,Startup,Fintech,560000
11.8,Bachelor's,DevOps Engineer,Delhi NCR,SMB,Healthcare,2492000
8.6,PhD,Business Analyst,Bangalore,Enterprise,Healthcare,2069000
9.6,PhD,Data Scientist,Chennai,Enterprise,E-commerce,2878000
8.6,Bachelor's,Mechanical Engineer,Ahmedabad,Startup,Healthcare,779000
3.1,Master's,Product Manager,Hyderabad,Mid-size,Product Company,2252000
2.0,Bachelor's,Sales Manager,Pune,Enterprise,Consulting,1106000
11.5,Bachelor's,Business Analyst,Mumbai,SMB,Manufacturing,1736000
12.7,Bachelor's,Mechanical Engineer,Remote,SMB,E-commerce,1768000
5.2,Bachelor's,Business Analyst,Mumbai,SMB,Fintech,1251000
12.8,Bachelor's,Chartered Accountant,Jaipur,SMB,Product Company,2809000
10.1,Master's,Marketing Specialist,Kolkata,Mid-size,IT Services,1428000
13.7,Bachelor's,UI/UX Designer,Remote,Startup,Manufacturing,1333000
5.5,Bachelor's,UI/UX Designer,Chennai,Enterprise,Manufacturing,668000
13.7,Bachelor's,Cybersecurity Analyst,Mumbai,Startup,Consulting,2985000
8.0,Bachelor's,Sales Manager,Ahmedabad,Enterprise,IT Services,1057000
12.3,Bachelor's,Sales Manager,Bangalore,Startup,IT Services,2103000
15.9,Bachelor's,Software Engineer,Ahmedabad,Enterprise,Manufacturing,2468000
3.2,Bachelor's,DevOps Engineer,Pune,SMB,Consulting,982000
4.4,Master's,Business Analyst,Kolkata,Mid-size,Manufacturing,738000
5.8,PhD,QA Engineer,Chennai,Startup,IT Services,735000
4.5,Bachelor's,Senior Software Engineer,Pune,Mid-size,Manufacturing,1704000
15.1,PhD,Machine Learning Engineer,Delhi NCR,SMB,E-commerce,4500000
10.9,PhD,UI/UX Designer,Chennai,Startup,Healthcare,1756000
4.1,Master's,UI/UX Designer,Ahmedabad,Enterprise,Manufacturing,767000
10.0,Master's,Cybersecurity Analyst,Delhi NCR,Startup,IT Services,2461000
6.4,Master's,Senior Software Engineer,Bangalore,MNC,Manufacturing,2978000
4.2,Master's,Mechanical Engineer,Bangalore,Mid-size,Healthcare,1190000
1.8,Master's,Cloud Architect,Kolkata,Startup,E-commerce,1789000
17.1,Bachelor's,QA Engineer,Jaipur,MNC,Manufacturing,1569000
9.7,PhD,HR Manager,Delhi NCR,Startup,E-commerce,2596000
7.2,Bachelor's,Product Manager,Bangalore,Enterprise,Healthcare,2403000
6.3,Master's,Cloud Architect,Hyderabad,SMB,Product Company,3841000
9.5,Bachelor's,DevOps Engineer,Remote,Mid-size,Manufacturing,1359000
8.1,Bachelor's,Cybersecurity Analyst,Ahmedabad,Enterprise,EdTech,1358000
3.7,Bachelor's,HR Manager,Bangalore,Startup,EdTech,761000
11.9,Bachelor's,Data Engineer,Pune,Mid-size,Manufacturing,2828000
10.0,Bachelor's,Machine Learning Engineer,Ahmedabad,Startup,Healthcare,1923000
8.1,Bachelor's,HR Manager,Kolkata,Mid-size,Healthcare,1162000
2.7,Bachelor's,Software Engineer,Pune,Startup,EdTech,864000
3.5,Bachelor's,Business Analyst,Kolkata,Startup,Healthcare,658000
6.0,Bachelor's,Data Scientist,Remote,Startup,IT Services,1248000
6.6,PhD,Software Engineer,Remote,Mid-size,Fintech,1996000
15.3,Bachelor's,HR Manager,Jaipur,MNC,EdTech,2934000
15.5,Bachelor's,Senior Software Engineer,Mumbai,MNC,Fintech,4500000
7.3,Bachelor's,Chartered Accountant,Bangalore,Enterprise,EdTech,2462000
2.1,Bachelor's,QA Engineer,Mumbai,Enterprise,EdTech,709000
8.1,Bachelor's,Cloud Architect,Bangalore,Enterprise,Product Company,4500000
11.2,Master's,Civil Engineer,Chennai,Mid-size,Manufacturing,952000
15.0,PhD,Software Engineer,Kolkata,SMB,Consulting,3257000
7.4,Bachelor's,Sales Manager,Mumbai,Mid-size,E-commerce,1715000
1.0,Master's,Marketing Specialist,Hyderabad,Startup,Consulting,831000
11.6,Bachelor's,Product Manager,Chennai,Enterprise,E-commerce,3973000
12.8,Bachelor's,Cloud Architect,Bangalore,SMB,Manufacturing,4085000
4.2,Bachelor's,Software Engineer,Pune,SMB,E-commerce,1073000
2.5,Bachelor's,Software Engineer,Remote,Enterprise,Fintech,919000
2.7,Master's,Software Engineer,Remote,Startup,E-commerce,894000
5.7,Master's,UI/UX Designer,Kolkata,MNC,Consulting,1333000
8.7,Master's,QA Engineer,Mumbai,MNC,E-commerce,1755000
12.3,Bachelor's,Business Analyst,Bangalore,Mid-size,Consulting,2306000
7.2,Master's,Sales Manager,Kolkata,Mid-size,EdTech,1407000
10.4,Bachelor's,Product Manager,Delhi NCR,Startup,E-commerce,3729000
10.3,Bachelor's,Mechanical Engineer,Ahmedabad,SMB,Manufacturing,803000
1.5,Bachelor's,Cybersecurity Analyst,Hyderabad,Enterprise,EdTech,1126000
3.9,Master's,Chartered Accountant,Jaipur,Startup,Manufacturing,896000
6.6,PhD,Marketing Specialist,Jaipur,SMB,Consulting,1140000
5.9,Bachelor's,Data Scientist,Delhi NCR,SMB,EdTech,1341000
3.9,Bachelor's,Data Engineer,Bangalore,Mid-size,E-commerce,1723000
3.3,Master's,Cybersecurity Analyst,Delhi NCR,Mid-size,IT Services,1241000
6.0,Master's,Software Engineer,Mumbai,Startup,Manufacturing,1203000
4.9,Bachelor's,Software Engineer,Ahmedabad,SMB,EdTech,933000
10.0,Master's,Software Engineer,Pune,Enterprise,Fintech,2556000
9.3,Master's,Machine Learning Engineer,Bangalore,Startup,IT Services,2924000
11.4,Master's,Civil Engineer,Remote,SMB,IT Services,1067000
4.0,Bachelor's,DevOps Engineer,Pune,Startup,Manufacturing,895000
12.9,PhD,Machine Learning Engineer,Bangalore,Enterprise,IT Services,4500000
9.4,Bachelor's,UI/UX Designer,Jaipur,Startup,Healthcare,941000
11.9,Master's,Business Analyst,Ahmedabad,SMB,EdTech,1535000
1.3,Bachelor's,HR Manager,Pune,Mid-size,EdTech,870000
10.7,Bachelor's,Senior Software Engineer,Delhi NCR,Startup,EdTech,3415000
5.4,Bachelor's,Civil Engineer,Kolkata,MNC,Consulting,774000
5.6,Bachelor's,DevOps Engineer,Jaipur,Enterprise,Consulting,1226000
14.9,Bachelor's,Cloud Architect,Mumbai,Mid-size,Healthcare,4500000
4.9,Bachelor's,UI/UX Designer,Pune,SMB,IT Services,809000
6.0,Bachelor's,HR Manager,Bangalore,Startup,Consulting,1041000
5.6,Bachelor's,DevOps Engineer,Jaipur,Mid-size,E-commerce,1099000
13.0,Master's,Product Manager,Jaipur,SMB,Manufacturing,3097000
5.7,Master's,Cybersecurity Analyst,Remote,Mid-size,Consulting,1448000
6.6,Master's,Sales Manager,Ahmedabad,Startup,E-commerce,1155000
18.0,Bachelor's,Product Manager,Pune,Mid-size,Consulting,4500000
4.6,Bachelor's,Data Scientist,Pune,SMB,Fintech,1460000
10.3,PhD,Mechanical Engineer,Pune,Mid-size,IT Services,1514000
9.2,Bachelor's,Chartered Accountant,Delhi NCR,Startup,Manufacturing,1683000
4.1,Bachelor's,Data Engineer,Remote,SMB,Fintech,1347000
10.7,PhD,Civil Engineer,Kolkata,SMB,Healthcare,917000
5.1,PhD,DevOps Engineer,Delhi NCR,SMB,EdTech,1820000
4.1,Bachelor's,Civil Engineer,Ahmedabad,MNC,Healthcare,745000
9.1,Master's,Mechanical Engineer,Jaipur,SMB,Healthcare,940000
1.9,Bachelor's,Chartered Accountant,Delhi NCR,Startup,Healthcare,957000
5.5,Master's,Chartered Accountant,Jaipur,Mid-size,Fintech,1873000
4.4,Bachelor's,Product Manager,Bangalore,SMB,Fintech,2301000
1.9,Bachelor's,Data Scientist,Mumbai,Enterprise,EdTech,1441000
11.2,Master's,Marketing Specialist,Hyderabad,SMB,E-commerce,2272000
5.2,Bachelor's,Sales Manager,Hyderabad,Enterprise,E-commerce,1245000
11.8,Master's,Cybersecurity Analyst,Pune,Mid-size,Fintech,3895000
1.2,Bachelor's,Cybersecurity Analyst,Mumbai,Startup,Healthcare,823000
11.6,Master's,Software Engineer,Ahmedabad,SMB,Product Company,2457000
7.1,Master's,Sales Manager,Chennai,SMB,Fintech,1872000
8.4,Bachelor's,UI/UX Designer,Delhi NCR,Mid-size,Fintech,1629000
13.3,Master's,Software Engineer,Delhi NCR,SMB,EdTech,3157000
13.7,Bachelor's,Civil Engineer,Hyderabad,Mid-size,EdTech,1362000
8.3,Bachelor's,Software Engineer,Ahmedabad,Mid-size,Product Company,1459000
2.1,Bachelor's,DevOps Engineer,Ahmedabad,Mid-size,Fintech,1055000
7.6,Master's,Cloud Architect,Chennai,Mid-size,EdTech,3460000
1.7,Master's,Mechanical Engineer,Jaipur,Enterprise,Healthcare,740000
3.9,PhD,Senior Software Engineer,Jaipur,SMB,Healthcare,1535000
10.1,Master's,Product Manager,Jaipur,SMB,Consulting,2979000
15.3,PhD,Product Manager,Hyderabad,SMB,Fintech,4500000
6.9,Bachelor's,Business Analyst,Bangalore,Startup,Healthcare,968000
16.5,PhD,Civil Engineer,Delhi NCR,SMB,Fintech,1967000
2.3,Bachelor's,Cloud Architect,Bangalore,SMB,Product Company,2740000
3.0,Bachelor's,Product Manager,Bangalore,Enterprise,Manufacturing,1412000
11.0,Bachelor's,Business Analyst,Hyderabad,SMB,E-commerce,2215000
4.2,Bachelor's,Business Analyst,Hyderabad,Mid-size,Product Company,1164000
6.1,Bachelor's,HR Manager,Mumbai,Startup,E-commerce,1129000
16.1,Bachelor's,DevOps Engineer,Mumbai,Startup,Product Company,4147000
1.1,Bachelor's,Data Scientist,Jaipur,SMB,E-commerce,601000
13.4,Bachelor's,Business Analyst,Remote,SMB,Healthcare,1710000
12.1,Master's,Senior Software Engineer,Hyderabad,Startup,IT Services,3801000
3.0,Master's,Mechanical Engineer,Mumbai,Startup,Product Company,858000
10.8,Bachelor's,Chartered Accountant,Chennai,Mid-size,EdTech,2472000
14.1,Bachelor's,Mechanical Engineer,Pune,SMB,Consulting,2169000
7.4,Bachelor's,Mechanical Engineer,Mumbai,SMB,Product Company,1301000
16.1,Bachelor's,Business Analyst,Kolkata,SMB,Consulting,2308000
2.6,Master's,Sales Manager,Delhi NCR,SMB,EdTech,990000
3.4,Bachelor's,Business Analyst,Ahmedabad,Startup,Product Company,674000
5.6,Master's,Civil Engineer,Bangalore,SMB,Manufacturing,746000
7.5,Master's,Machine Learning Engineer,Delhi NCR,Mid-size,E-commerce,2405000
11.7,Bachelor's,Data Scientist,Mumbai,Mid-size,Healthcare,2772000
5.5,Master's,HR Manager,Pune,MNC,Product Company,1706000
8.4,Bachelor's,Product Manager,Delhi NCR,Enterprise,EdTech,2597000
5.6,Master's,Cloud Architect,Mumbai,Startup,EdTech,3207000
7.2,Master's,Sales Manager,Ahmedabad,SMB,Consulting,1439000
2.6,Master's,Product Manager,Hyderabad,Enterprise,Fintech,2159000
3.6,Master's,Marketing Specialist,Jaipur,SMB,Fintech,825000
1.2,Master's,Business Analyst,Mumbai,SMB,Healthcare,667000
8.9,PhD,Mechanical Engineer,Chennai,Mid-size,Manufacturing,1113000
0.3,Bachelor's,Senior Software Engineer,Hyderabad,Mid-size,Healthcare,1453000
9.7,Master's,Marketing Specialist,Remote,Startup,E-commerce,1675000
4.7,Master's,Cloud Architect,Kolkata,SMB,Manufacturing,2145000
3.9,Bachelor's,Business Analyst,Ahmedabad,Startup,Healthcare,667000
6.3,PhD,Chartered Accountant,Jaipur,Startup,IT Services,1369000
9.5,Bachelor's,UI/UX Designer,Remote,Startup,Manufacturing,913000
13.5,Bachelor's,Senior Software Engineer,Pune,Mid-size,Fintech,4500000
18.7,Bachelor's,UI/UX Designer,Mumbai,SMB,Manufacturing,2410000
12.1,Bachelor's,DevOps Engineer,Pune,Startup,Consulting,2642000
11.8,Master's,UI/UX Designer,Chennai,Startup,Healthcare,1716000
8.0,Bachelor's,Machine Learning Engineer,Jaipur,MNC,Healthcare,2103000
2.2,Bachelor's,Cybersecurity Analyst,Ahmedabad,Startup,Product Company,940000
1.2,Bachelor's,DevOps Engineer,Chennai,SMB,Manufacturing,664000
9.3,Bachelor's,UI/UX Designer,Delhi NCR,Mid-size,Manufacturing,1259000
10.7,Master's,HR Manager,Ahmedabad,Startup,Product Company,1947000
9.8,Master's,Cybersecurity Analyst,Delhi NCR,Startup,Fintech,2535000
7.5,Bachelor's,Sales Manager,Jaipur,Startup,Manufacturing,846000
7.3,Bachelor's,Marketing Specialist,Chennai,MNC,IT Services,1237000
11.4,Bachelor's,Chartered Accountant,Kolkata,Mid-size,Product Company,2957000
9.5,Master's,Civil Engineer,Kolkata,Mid-size,Manufacturing,861000
12.3,Bachelor's,Civil Engineer,Ahmedabad,Enterprise,Consulting,1338000
1.1,Bachelor's,Product Manager,Delhi NCR,Mid-size,E-commerce,1668000
9.2,Bachelor's,Cybersecurity Analyst,Mumbai,SMB,Consulting,2394000
12.1,Bachelor's,Mechanical Engineer,Delhi NCR,SMB,E-commerce,1732000
2.7,Bachelor's,Data Engineer,Remote,SMB,Fintech,1140000
0.6,Bachelor's,Data Scientist,Hyderabad,SMB,Consulting,961000
3.8,Master's,QA Engineer,Ahmedabad,Enterprise,EdTech,767000
9.0,Master's,Machine Learning Engineer,Remote,Startup,EdTech,2434000
11.9,Bachelor's,Sales Manager,Bangalore,Startup,Healthcare,2297000
8.6,Master's,Civil Engineer,Kolkata,SMB,Fintech,908000
1.6,Master's,Sales Manager,Chennai,Startup,Fintech,1155000
13.2,Bachelor's,QA Engineer,Mumbai,MNC,IT Services,1975000
6.0,Bachelor's,Data Engineer,Bangalore,SMB,Product Company,2118000
4.7,Bachelor's,QA Engineer,Kolkata,Startup,Fintech,647000
5.6,Master's,UI/UX Designer,Chennai,Mid-size,Manufacturing,1080000
10.1,Bachelor's,DevOps Engineer,Ahmedabad,Enterprise,E-commerce,1848000
2.3,Master's,Sales Manager,Bangalore,SMB,Manufacturing,894000
6.0,Bachelor's,Product Manager,Remote,SMB,Product Company,2392000
7.4,Bachelor's,Data Scientist,Kolkata,Mid-size,Product Company,1970000
11.0,PhD,Mechanical Engineer,Delhi NCR,SMB,Healthcare,1612000
1.3,Bachelor's,QA Engineer,Delhi NCR,Mid-size,IT Services,540000
10.3,Master's,QA Engineer,Remote,Mid-size,Fintech,1494000
10.0,PhD,QA Engineer,Chennai,Enterprise,Healthcare,1598000
5.3,Master's,Senior Software Engineer,Chennai,Enterprise,EdTech,2851000
2.9,Bachelor's,QA Engineer,Kolkata,MNC,E-commerce,781000
4.6,Master's,QA Engineer,Mumbai,Startup,Manufacturing,797000
10.3,Bachelor's,QA Engineer,Pune,Enterprise,IT Services,1236000
7.0,Bachelor's,Software Engineer,Ahmedabad,Mid-size,Manufacturing,1056000
12.7,Master's,Marketing Specialist,Mumbai,SMB,E-commerce,1947000
4.7,Master's,Cybersecurity Analyst,Bangalore,MNC,Fintech,2326000
12.7,Bachelor's,Marketing Specialist,Delhi NCR,Enterprise,Consulting,2388000
5.9,Bachelor's,QA Engineer,Bangalore,Enterprise,IT Services,1123000
7.6,Master's,Cloud Architect,Chennai,Startup,Fintech,4431000
9.1,Master's,Mechanical Engineer,Kolkata,Startup,Fintech,1173000
2.2,Bachelor's,Product Manager,Remote,MNC,E-commerce,1612000
4.5,Master's,UI/UX Designer,Kolkata,MNC,Product Company,1139000
6.5,Bachelor's,Software Engineer,Mumbai,SMB,Product Company,1565000
9.6,Bachelor's,Data Scientist,Kolkata,SMB,Consulting,2309000
10.4,Master's,Data Scientist,Chennai,Mid-size,Product Company,3545000
14.0,PhD,Business Analyst,Ahmedabad,Startup,Manufacturing,1900000
8.0,Bachelor's,DevOps Engineer,Remote,Mid-size,EdTech,1685000
17.8,Bachelor's,Cloud Architect,Bangalore,MNC,Fintech,4500000
17.1,Bachelor's,Marketing Specialist,Ahmedabad,SMB,Product Company,2062000
8.1,Master's,Sales Manager,Jaipur,Enterprise,Fintech,1949000
14.6,Bachelor's,Mechanical Engineer,Mumbai,Mid-size,Product Company,2313000
14.7,Bachelor's,Mechanical Engineer,Delhi NCR,SMB,IT Services,1495000
5.0,PhD,DevOps Engineer,Delhi NCR,SMB,EdTech,1438000
15.0,Bachelor's,Cybersecurity Analyst,Mumbai,Mid-size,Manufacturing,3731000
13.9,Bachelor's,Civil Engineer,Jaipur,Enterprise,EdTech,1168000
4.9,Bachelor's,Cloud Architect,Mumbai,Mid-size,Manufacturing,2536000
9.4,Master's,Product Manager,Delhi NCR,MNC,Manufacturing,3549000
5.7,Bachelor's,QA Engineer,Chennai,Startup,Consulting,831000
9.3,Bachelor's,Mechanical Engineer,Pune,MNC,Fintech,1707000
10.3,Bachelor's,Data Scientist,Kolkata,Mid-size,Manufacturing,1955000
6.9,Master's,UI/UX Designer,Chennai,SMB,Healthcare,1020000
2.0,Master's,DevOps Engineer,Hyderabad,Startup,EdTech,1056000
13.8,Bachelor's,Sales Manager,Hyderabad,SMB,Healthcare,2491000
9.2,Bachelor's,DevOps Engineer,Bangalore,SMB,Consulting,2209000
8.7,Master's,Product Manager,Chennai,MNC,Manufacturing,3226000
6.6,Bachelor's,Product Manager,Jaipur,Enterprise,Healthcare,1931000
4.3,Bachelor's,Senior Software Engineer,Remote,Startup,Product Company,1917000
8.7,Bachelor's,Sales Manager,Kolkata,SMB,Consulting,1440000
5.1,Bachelor's,DevOps Engineer,Remote,SMB,E-commerce,1198000
5.0,Bachelor's,UI/UX Designer,Remote,Enterprise,Fintech,1077000
6.3,Bachelor's,Sales Manager,Kolkata,Enterprise,IT Services,1222000
3.8,Bachelor's,Mechanical Engineer,Mumbai,SMB,Manufacturing,682000
6.0,Bachelor's,Chartered Accountant,Jaipur,Startup,Healthcare,1079000
6.6,Master's,Data Scientist,Kolkata,Startup,Product Company,1793000
8.5,Bachelor's,Cybersecurity Analyst,Jaipur,Mid-size,IT Services,1459000
5.2,Bachelor's,Cloud Architect,Pune,Startup,Healthcare,2065000
6.1,Master's,Marketing Specialist,Remote,SMB,Consulting,954000
15.8,Bachelor's,Product Manager,Delhi NCR,Enterprise,Manufacturing,4500000
1.4,Master's,Software Engineer,Jaipur,SMB,Healthcare,634000
11.4,Bachelor's,Civil Engineer,Mumbai,MNC,Product Company,1475000
6.3,Master's,Marketing Specialist,Jaipur,Enterprise,Manufacturing,925000
10.6,Bachelor's,Cloud Architect,Kolkata,SMB,Consulting,4016000
8.6,Bachelor's,Civil Engineer,Pune,Startup,EdTech,653000
2.8,Bachelor's,Business Analyst,Hyderabad,Mid-size,Fintech,893000
8.9,Bachelor's,Business Analyst,Hyderabad,Mid-size,Healthcare,1400000
13.6,Bachelor's,Cloud Architect,Mumbai,SMB,Product Company,4500000
5.3,Master's,UI/UX Designer,Bangalore,MNC,Fintech,1799000
3.8,Master's,HR Manager,Chennai,Enterprise,EdTech,1182000
3.9,Bachelor's,Software Engineer,Kolkata,Mid-size,EdTech,911000
5.2,Master's,Data Engineer,Ahmedabad,Startup,EdTech,1159000
8.6,Master's,Machine Learning Engineer,Remote,SMB,Fintech,3093000
9.2,Master's,Data Scientist,Jaipur,SMB,EdTech,1757000
2.1,Master's,Senior Software Engineer,Remote,SMB,Product Company,1788000
6.2,Master's,DevOps Engineer,Kolkata,Enterprise,E-commerce,1729000
2.7,Bachelor's,Marketing Specialist,Jaipur,SMB,E-commerce,583000
9.3,Master's,Marketing Specialist,Ahmedabad,SMB,Manufacturing,1101000
9.1,PhD,Mechanical Engineer,Jaipur,Enterprise,Healthcare,1297000
6.5,Bachelor's,Data Scientist,Delhi NCR,Mid-size,IT Services,1598000
4.2,Bachelor's,Senior Software Engineer,Chennai,Startup,Fintech,2013000
10.3,Bachelor's,HR Manager,Remote,Mid-size,IT Services,1631000
7.4,PhD,Chartered Accountant,Delhi NCR,Mid-size,IT Services,2466000
6.8,Bachelor's,Sales Manager,Kolkata,SMB,Healthcare,1225000
13.6,Master's,Civil Engineer,Kolkata,SMB,Product Company,1468000
4.5,Master's,Mechanical Engineer,Hyderabad,Mid-size,E-commerce,1063000
3.3,PhD,Data Engineer,Bangalore,Mid-size,Consulting,2002000
12.2,Bachelor's,UI/UX Designer,Kolkata,Startup,Healthcare,1250000
7.3,Master's,HR Manager,Ahmedabad,SMB,Healthcare,1109000
2.3,Master's,Sales Manager,Chennai,Mid-size,IT Services,886000
1.0,Bachelor's,Civil Engineer,Kolkata,SMB,Consulting,418000
8.6,Master's,Machine Learning Engineer,Bangalore,MNC,Product Company,4500000
14.8,Bachelor's,DevOps Engineer,Hyderabad,Startup,E-commerce,3652000
10.8,Master's,Cybersecurity Analyst,Ahmedabad,Enterprise,EdTech,2606000
7.4,Bachelor's,HR Manager,Kolkata,MNC,Manufacturing,1251000
7.9,Bachelor's,Cybersecurity Analyst,Hyderabad,SMB,Consulting,2128000
10.2,Bachelor's,Business Analyst,Chennai,Mid-size,E-commerce,1682000
2.9,Bachelor's,Software Engineer,Bangalore,Startup,EdTech,814000
10.2,Bachelor's,Data Scientist,Ahmedabad,Mid-size,E-commerce,2191000
10.5,Master's,DevOps Engineer,Bangalore,MNC,Manufacturing,2905000
7.6,Bachelor's,Machine Learning Engineer,Jaipur,MNC,Consulting,2407000
9.5,Bachelor's,Sales Manager,Pune,SMB,Product Company,2226000
10.0,Master's,Sales Manager,Pune,Enterprise,Healthcare,2582000
6.7,Master's,Product Manager,Remote,Enterprise,EdTech,2214000
4.8,Bachelor's,HR Manager,Jaipur,SMB,Manufacturing,676000
4.5,PhD,Business Analyst,Mumbai,Enterprise,Consulting,1171000
4.5,Bachelor's,UI/UX Designer,Hyderabad,Startup,Product Company,957000
6.3,Master's,QA Engineer,Hyderabad,MNC,Product Company,1535000
2.0,Bachelor's,Data Engineer,Mumbai,Enterprise,Manufacturing,1348000
8.1,Master's,Machine Learning Engineer,Chennai,Mid-size,E-commerce,3395000
5.9,PhD,Cloud Architect,Delhi NCR,SMB,E-commerce,4246000
9.9,Master's,Sales Manager,Jaipur,MNC,Healthcare,1854000
6.5,Bachelor's,Civil Engineer,Jaipur,Startup,EdTech,500000
8.6,Master's,Business Analyst,Pune,SMB,E-commerce,1451000
1.6,Bachelor's,Data Scientist,Remote,SMB,Consulting,1101000
12.6,Master's,Civil Engineer,Delhi NCR,SMB,Consulting,1466000
10.9,Master's,Data Engineer,Bangalore,Startup,E-commerce,3198000
12.4,PhD,Business Analyst,Jaipur,SMB,Healthcare,1609000
13.2,Bachelor's,Data Engineer,Ahmedabad,MNC,Fintech,3556000
4.2,Bachelor's,Mechanical Engineer,Mumbai,Enterprise,IT Services,911000
12.3,Bachelor's,Software Engineer,Jaipur,Enterprise,E-commerce,2251000
8.5,Bachelor's,Product Manager,Remote,Mid-size,Consulting,2291000
12.6,Bachelor's,Chartered Accountant,Remote,Mid-size,E-commerce,2866000
2.2,Bachelor's,Cloud Architect,Remote,Mid-size,E-commerce,2050000
8.8,Master's,HR Manager,Pune,Mid-size,EdTech,1747000
7.3,Bachelor's,Cloud Architect,Chennai,Enterprise,Manufacturing,2971000
4.9,Bachelor's,UI/UX Designer,Hyderabad,SMB,EdTech,906000
7.2,Bachelor's,Senior Software Engineer,Kolkata,MNC,Consulting,2501000
11.0,Master's,Marketing Specialist,Delhi NCR,MNC,E-commerce,2345000
2.9,Master's,DevOps Engineer,Jaipur,SMB,E-commerce,1011000
6.2,Bachelor's,Civil Engineer,Remote,MNC,Manufacturing,708000
7.7,Bachelor's,Data Scientist,Mumbai,Enterprise,Healthcare,2276000
5.1,Bachelor's,Data Scientist,Mumbai,Startup,Manufacturing,1097000
8.4,Bachelor's,UI/UX Designer,Bangalore,Startup,Manufacturing,976000
16.7,Bachelor's,Senior Software Engineer,Chennai,Mid-size,EdTech,4432000
8.9,Bachelor's,Cloud Architect,Mumbai,Enterprise,Consulting,4216000
8.1,PhD,Sales Manager,Remote,SMB,IT Services,1531000
11.7,Bachelor's,QA Engineer,Jaipur,SMB,EdTech,1073000
10.2,Master's,Data Engineer,Delhi NCR,Mid-size,Fintech,3563000
3.4,Bachelor's,Senior Software Engineer,Chennai,SMB,IT Services,1596000
11.3,PhD,Sales Manager,Kolkata,Startup,EdTech,1978000
9.3,PhD,Senior Software Engineer,Remote,SMB,Healthcare,2585000
8.5,Master's,Data Engineer,Remote,Enterprise,Consulting,2832000
12.0,Bachelor's,Mechanical Engineer,Delhi NCR,Startup,Consulting,1444000
10.2,Bachelor's,Marketing Specialist,Mumbai,Mid-size,E-commerce,1729000
12.2,Master's,Product Manager,Ahmedabad,Mid-size,EdTech,3064000
6.4,Master's,Data Scientist,Pune,MNC,E-commerce,2486000
13.7,Bachelor's,Mechanical Engineer,Hyderabad,MNC,E-commerce,2556000
9.8,Bachelor's,Machine Learning Engineer,Pune,MNC,Product Company,4500000
4.4,Bachelor's,UI/UX Designer,Mumbai,Mid-size,Product Company,1102000
5.3,Master's,DevOps Engineer,Kolkata,Startup,Fintech,1321000
11.3,Master's,Software Engineer,Ahmedabad,SMB,IT Services,1650000
3.0,Master's,Business Analyst,Hyderabad,SMB,IT Services,822000
5.0,Master's,QA Engineer,Bangalore,Startup,Healthcare,911000
7.4,Bachelor's,Marketing Specialist,Hyderabad,Startup,Consulting,1077000
11.3,Bachelor's,Marketing Specialist,Remote,SMB,Product Company,1559000
10.0,Bachelor's,Mechanical Engineer,Pune,SMB,Consulting,1171000
10.4,Master's,Mechanical Engineer,Chennai,Mid-size,Product Company,1902000
15.3,Bachelor's,Business Analyst,Chennai,MNC,Consulting,3138000
3.6,Bachelor's,Product Manager,Pune,SMB,Product Company,1694000
4.8,Bachelor's,Data Engineer,Jaipur,Startup,Product Company,1351000
2.1,Bachelor's,UI/UX Designer,Bangalore,Mid-size,Manufacturing,670000
7.9,Bachelor's,Cloud Architect,Chennai,SMB,Product Company,3575000
2.1,Bachelor's,Software Engineer,Delhi NCR,MNC,EdTech,1161000
5.2,Bachelor's,UI/UX Designer,Ahmedabad,SMB,E-commerce,745000
6.4,Master's,UI/UX Designer,Hyderabad,SMB,Manufacturing,846000
9.6,Bachelor's,Chartered Accountant,Remote,Enterprise,Fintech,3087000
4.6,Bachelor's,Mechanical Engineer,Ahmedabad,SMB,E-commerce,644000
1.9,Bachelor's,DevOps Engineer,Ahmedabad,Mid-size,EdTech,1007000
7.2,Master's,Senior Software Engineer,Delhi NCR,Startup,Product Company,3107000
5.7,Bachelor's,Mechanical Engineer,Kolkata,SMB,E-commerce,638000
12.9,Master's,UI/UX Designer,Pune,Startup,Product Company,2642000
14.7,PhD,Software Engineer,Bangalore,Enterprise,IT Services,4187000
7.7,Master's,Marketing Specialist,Ahmedabad,SMB,EdTech,1024000
10.6,Bachelor's,Product Manager,Delhi NCR,Startup,Consulting,3740000
8.2,Master's,Machine Learning Engineer,Mumbai,Mid-size,IT Services,2512000
4.5,Bachelor's,Cybersecurity Analyst,Pune,Mid-size,Healthcare,995000
6.8,Bachelor's,Mechanical Engineer,Kolkata,SMB,IT Services,852000
4.5,Bachelor's,Marketing Specialist,Chennai,MNC,Product Company,1044000
13.9,Bachelor's,DevOps Engineer,Kolkata,Mid-size,Consulting,3288000
9.4,Bachelor's,Data Engineer,Remote,MNC,Healthcare,2633000
16.7,Bachelor's,UI/UX Designer,Jaipur,SMB,Fintech,2019000
12.2,Bachelor's,Civil Engineer,Mumbai,Mid-size,Fintech,1486000
4.4,Bachelor's,Machine Learning Engineer,Pune,SMB,Consulting,2110000
4.5,Bachelor's,Mechanical Engineer,Hyderabad,SMB,E-commerce,814000
2.4,PhD,Product Manager,Chennai,Startup,EdTech,1467000
18.7,Bachelor's,Cybersecurity Analyst,Jaipur,SMB,IT Services,2833000
5.4,Master's,QA Engineer,Pune,Enterprise,E-commerce,1060000
8.0,Bachelor's,Product Manager,Remote,Enterprise,Consulting,2686000
9.8,Bachelor's,DevOps Engineer,Delhi NCR,Startup,EdTech,1880000
13.9,Bachelor's,Product Manager,Ahmedabad,Startup,Healthcare,3684000
15.4,Bachelor's,Data Engineer,Pune,Startup,Healthcare,4198000
6.0,Bachelor's,Cybersecurity Analyst,Hyderabad,Mid-size,Manufacturing,1582000
6.4,Bachelor's,Cybersecurity Analyst,Chennai,SMB,Manufacturing,996000
11.4,Bachelor's,Cybersecurity Analyst,Chennai,Enterprise,Consulting,3229000
1.9,Bachelor's,Software Engineer,Delhi NCR,Startup,IT Services,653000
7.5,Bachelor's,Business Analyst,Delhi NCR,Mid-size,Fintech,1411000
7.7,Bachelor's,Cloud Architect,Kolkata,Enterprise,Consulting,3414000
11.2,Bachelor's,Business Analyst,Kolkata,Startup,Healthcare,1196000
7.4,Bachelor's,Product Manager,Hyderabad,Enterprise,IT Services,2356000
11.6,Bachelor's,Machine Learning Engineer,Kolkata,MNC,E-commerce,3204000
9.5,Bachelor's,HR Manager,Mumbai,Mid-size,E-commerce,2167000
15.0,Bachelor's,Software Engineer,Jaipur,SMB,Consulting,2723000
3.9,Bachelor's,Data Engineer,Delhi NCR,Mid-size,Manufacturing,1255000
4.8,PhD,UI/UX Designer,Pune,SMB,E-commerce,1040000
6.2,Bachelor's,Sales Manager,Hyderabad,MNC,Consulting,2097000
8.8,Bachelor's,Mechanical Engineer,Remote,Mid-size,E-commerce,1166000
13.1,Bachelor's,Cybersecurity Analyst,Ahmedabad,Enterprise,IT Services,2355000
13.6,PhD,Marketing Specialist,Pune,Mid-size,Healthcare,2080000
0.8,Master's,DevOps Engineer,Chennai,SMB,Consulting,1034000
0.7,Master's,HR Manager,Hyderabad,Mid-size,Consulting,944000
8.6,PhD,Senior Software Engineer,Jaipur,Enterprise,IT Services,2946000
1.1,Bachelor's,Sales Manager,Jaipur,SMB,Manufacturing,538000
11.2,PhD,Data Scientist,Jaipur,SMB,Manufacturing,2363000
9.0,Bachelor's,DevOps Engineer,Delhi NCR,MNC,Healthcare,2396000
10.5,Master's,Mechanical Engineer,Hyderabad,SMB,Manufacturing,1263000
7.5,Bachelor's,Sales Manager,Delhi NCR,Enterprise,E-commerce,2019000
7.8,Bachelor's,Cybersecurity Analyst,Chennai,Startup,Healthcare,1566000
8.8,PhD,Mechanical Engineer,Mumbai,Enterprise,Fintech,2324000
4.8,Bachelor's,Cloud Architect,Mumbai,Mid-size,Manufacturing,2202000
10.8,PhD,Cybersecurity Analyst,Bangalore,Startup,Product Company,3879000
9.0,Bachelor's,Machine Learning Engineer,Chennai,Startup,Consulting,2233000
3.8,Master's,UI/UX Designer,Hyderabad,SMB,Fintech,1133000
10.0,PhD,Business Analyst,Jaipur,Mid-size,Consulting,1648000
5.8,Bachelor's,Cybersecurity Analyst,Ahmedabad,SMB,IT Services,1093000
10.7,PhD,Senior Software Engineer,Kolkata,SMB,EdTech,3897000
6.1,Bachelor's,Software Engineer,Pune,Mid-size,Product Company,1589000
1.5,Master's,Software Engineer,Kolkata,MNC,Manufacturing,815000
4.7,Bachelor's,DevOps Engineer,Remote,Startup,Healthcare,980000
8.0,Bachelor's,Data Engineer,Kolkata,Mid-size,EdTech,1651000
6.0,Master's,Data Scientist,Ahmedabad,MNC,IT Services,1870000
8.0,Bachelor's,HR Manager,Remote,Mid-size,Healthcare,1260000
3.2,Bachelor's,Business Analyst,Jaipur,MNC,Product Company,788000
3.3,Bachelor's,Cloud Architect,Hyderabad,Mid-size,Healthcare,2451000
10.4,Master's,Chartered Accountant,Jaipur,Mid-size,E-commerce,2784000
3.7,Bachelor's,Machine Learning Engineer,Ahmedabad,Enterprise,Healthcare,1372000
5.6,Master's,Machine Learning Engineer,Ahmedabad,Startup,Manufacturing,1289000
5.2,PhD,Product Manager,Pune,Mid-size,E-commerce,2466000
7.5,Bachelor's,Senior Software Engineer,Delhi NCR,Mid-size,IT Services,2358000
9.6,Bachelor's,Sales Manager,Remote,Startup,Healthcare,1491000
6.3,Master's,Marketing Specialist,Remote,SMB,EdTech,816000
14.4,Bachelor's,Product Manager,Hyderabad,Enterprise,IT Services,4500000
15.9,Bachelor's,Civil Engineer,Delhi NCR,Startup,Manufacturing,1284000
14.0,Master's,Software Engineer,Kolkata,SMB,E-commerce,3044000
5.7,Bachelor's,QA Engineer,Bangalore,Startup,EdTech,871000
4.1,Bachelor's,Marketing Specialist,Pune,Startup,Healthcare,676000
3.0,Master's,Product Manager,Chennai,Mid-size,Healthcare,1428000
12.5,Bachelor's,HR Manager,Kolkata,Startup,Healthcare,1444000
10.8,Bachelor's,Business Analyst,Hyderabad,SMB,Manufacturing,1602000
11.3,Bachelor's,Chartered Accountant,Delhi NCR,Startup,Manufacturing,2409000
2.2,Master's,Cybersecurity Analyst,Kolkata,MNC,E-commerce,1342000
8.5,Master's,DevOps Engineer,Remote,Enterprise,Healthcare,1897000
14.2,Bachelor's,Mechanical Engineer,Remote,SMB,Healthcare,1579000
5.5,Bachelor's,Software Engineer,Mumbai,Startup,Consulting,1097000
6.3,Bachelor's,Machine Learning Engineer,Kolkata,SMB,Fintech,2046000
14.5,Bachelor's,Mechanical Engineer,Chennai,Startup,E-commerce,1556000
3.8,Bachelor's,Chartered Accountant,Pune,Enterprise,Fintech,1493000
4.0,PhD,Product Manager,Chennai,Mid-size,Fintech,2984000
9.5,Bachelor's,Cybersecurity Analyst,Hyderabad,Mid-size,EdTech,2176000
3.3,Master's,Sales Manager,Hyderabad,Enterprise,Healthcare,1306000
17.7,Bachelor's,Marketing Specialist,Mumbai,Enterprise,Consulting,2627000
8.9,Bachelor's,Chartered Accountant,Pune,SMB,E-commerce,2465000
10.1,Bachelor's,Senior Software Engineer,Hyderabad,Mid-size,Product Company,4500000
7.4,Bachelor's,Machine Learning Engineer,Bangalore,SMB,IT Services,2161000
1.6,Master's,Chartered Accountant,Chennai,Mid-size,Fintech,1580000
4.5,PhD,QA Engineer,Bangalore,Startup,Consulting,1160000
9.8,Master's,QA Engineer,Ahmedabad,SMB,E-commerce,1204000
9.7,Bachelor's,Business Analyst,Bangalore,SMB,EdTech,1253000
6.4,Master's,Product Manager,Kolkata,Startup,Manufacturing,1499000
9.5,Bachelor's,DevOps Engineer,Hyderabad,SMB,Consulting,2476000
12.5,PhD,Business Analyst,Kolkata,Enterprise,EdTech,2299000
4.7,Bachelor's,Senior Software Engineer,Hyderabad,SMB,IT Services,1780000
9.0,Bachelor's,Cloud Architect,Delhi NCR,MNC,Product Company,4500000
8.2,Bachelor's,HR Manager,Kolkata,SMB,Consulting,1205000
3.8,Bachelor's,Data Scientist,Hyderabad,MNC,Product Company,2167000
14.1,Bachelor's,Marketing Specialist,Hyderabad,Startup,EdTech,2135000
12.5,PhD,Software Engineer,Kolkata,SMB,Product Company,3105000
9.7,Master's,Marketing Specialist,Kolkata,Startup,Manufacturing,1086000
14.8,PhD,DevOps Engineer,Delhi NCR,SMB,Healthcare,4200000
0.8,Bachelor's,Sales Manager,Hyderabad,Startup,Fintech,858000
5.0,Bachelor's,UI/UX Designer,Mumbai,Mid-size,Consulting,976000
9.6,Bachelor's,Marketing Specialist,Pune,SMB,Consulting,1259000
8.4,Bachelor's,Sales Manager,Kolkata,Startup,Healthcare,1353000
2.2,Bachelor's,Data Engineer,Mumbai,SMB,E-commerce,1246000
3.5,Bachelor's,Marketing Specialist,Mumbai,Mid-size,Consulting,997000
11.1,Bachelor's,HR Manager,Pune,SMB,E-commerce,1969000
7.4,Bachelor's,Data Engineer,Hyderabad,Startup,Product Company,2199000
10.2,Bachelor's,Machine Learning Engineer,Jaipur,Startup,Healthcare,2194000
4.7,Master's,Data Scientist,Delhi NCR,Enterprise,IT Services,1830000
18.1,Bachelor's,QA Engineer,Chennai,Mid-size,IT Services,1677000
8.8,PhD,Business Analyst,Pune,SMB,IT Services,1700000
8.6,Bachelor's,Data Engineer,Bangalore,Mid-size,Consulting,2518000
2.3,Master's,Sales Manager,Ahmedabad,SMB,Healthcare,811000
2.8,Master's,Machine Learning Engineer,Ahmedabad,SMB,Manufacturing,962000
11.2,Master's,Marketing Specialist,Bangalore,Enterprise,Consulting,2421000
8.3,Master's,HR Manager,Jaipur,Enterprise,E-commerce,1481000
7.7,Master's,Cloud Architect,Jaipur,SMB,EdTech,2886000
6.5,Master's,Chartered Accountant,Jaipur,Mid-size,E-commerce,1904000
6.0,Bachelor's,Chartered Accountant,Delhi NCR,SMB,Fintech,2001000
7.4,Bachelor's,Business Analyst,Kolkata,Enterprise,Manufacturing,1184000
3.0,Master's,Mechanical Engineer,Bangalore,Mid-size,EdTech,988000
8.0,Bachelor's,Chartered Accountant,Chennai,Enterprise,IT Services,2001000
9.9,Bachelor's,Civil Engineer,Hyderabad,Startup,Fintech,1099000
8.5,Bachelor's,Product Manager,Remote,SMB,IT Services,2266000
17.6,Bachelor's,Cybersecurity Analyst,Remote,SMB,IT Services,3213000
6.5,Bachelor's,Data Engineer,Hyderabad,SMB,Fintech,1764000
7.3,Master's,Business Analyst,Chennai,SMB,Product Company,1607000
15.3,Master's,Cybersecurity Analyst,Chennai,Mid-size,Fintech,4154000
4.0,Master's,Chartered Accountant,Ahmedabad,Mid-size,IT Services,1313000
19.3,Bachelor's,Software Engineer,Delhi NCR,Mid-size,Fintech,4500000
8.8,Bachelor's,Chartered Accountant,Jaipur,Mid-size,Fintech,2146000
3.7,Bachelor's,Product Manager,Mumbai,SMB,EdTech,1329000
3.7,Bachelor's,Mechanical Engineer,Mumbai,SMB,Fintech,763000
12.7,Master's,Senior Software Engineer,Ahmedabad,SMB,Manufacturing,3421000
10.4,Bachelor's,Chartered Accountant,Chennai,Enterprise,Consulting,2422000
12.1,PhD,UI/UX Designer,Bangalore,Startup,E-commerce,2438000
5.1,Bachelor's,Chartered Accountant,Kolkata,SMB,Manufacturing,1192000
10.0,Master's,Business Analyst,Pune,SMB,Product Company,2248000
14.1,Bachelor's,Marketing Specialist,Jaipur,Mid-size,Healthcare,1557000
3.9,Bachelor's,Data Engineer,Jaipur,MNC,E-commerce,1466000
11.9,Master's,Machine Learning Engineer,Delhi NCR,Enterprise,Manufacturing,4460000
2.2,Bachelor's,DevOps Engineer,Jaipur,Startup,EdTech,595000
14.7,Master's,QA Engineer,Remote,Mid-size,Healthcare,1994000
3.1,Bachelor's,UI/UX Designer,Ahmedabad,Startup,Product Company,761000
14.1,Bachelor's,Cybersecurity Analyst,Kolkata,Enterprise,EdTech,3218000
2.7,Bachelor's,Mechanical Engineer,Remote,SMB,Manufacturing,509000
3.7,Master's,Marketing Specialist,Jaipur,SMB,Product Company,872000
11.9,Bachelor's,Senior Software Engineer,Delhi NCR,SMB,Fintech,4500000
2.3,Master's,UI/UX Designer,Bangalore,SMB,EdTech,910000
9.3,Master's,Data Scientist,Kolkata,MNC,Manufacturing,2538000
9.4,Master's,QA Engineer,Delhi NCR,Startup,E-commerce,1156000
11.9,Bachelor's,QA Engineer,Mumbai,MNC,EdTech,1930000
3.2,Master's,HR Manager,Hyderabad,SMB,E-commerce,1170000
17.7,PhD,Product Manager,Ahmedabad,Startup,Manufacturing,4500000
15.2,Bachelor's,UI/UX Designer,Remote,Enterprise,Consulting,2644000
13.3,Bachelor's,QA Engineer,Chennai,Mid-size,Healthcare,1743000
6.0,Bachelor's,Data Scientist,Pune,Enterprise,Product Company,1815000
10.2,Bachelor's,Senior Software Engineer,Bangalore,Mid-size,EdTech,3869000
11.3,Master's,Sales Manager,Ahmedabad,Mid-size,Fintech,2529000
11.7,Bachelor's,Cloud Architect,Hyderabad,SMB,Fintech,4500000
14.1,Bachelor's,Product Manager,Bangalore,MNC,E-commerce,4500000
1.6,Bachelor's,HR Manager,Hyderabad,Mid-size,Manufacturing,670000
3.3,Bachelor's,DevOps Engineer,Pune,Mid-size,Manufacturing,1111000
5.7,Bachelor's,Chartered Accountant,Mumbai,Enterprise,Healthcare,2076000
8.6,Master's,Cybersecurity Analyst,Mumbai,Startup,Manufacturing,1773000
8.6,Master's,DevOps Engineer,Hyderabad,Enterprise,Healthcare,2119000
7.1,Bachelor's,HR Manager,Ahmedabad,Mid-size,Fintech,1296000
2.6,Master's,Cybersecurity Analyst,Jaipur,Enterprise,Manufacturing,924000
15.7,Bachelor's,Cloud Architect,Pune,Mid-size,IT Services,4500000
9.8,Bachelor's,UI/UX Designer,Mumbai,SMB,Consulting,1479000
7.6,Bachelor's,Product Manager,Jaipur,Enterprise,Consulting,2594000
15.9,PhD,Civil Engineer,Remote,Enterprise,E-commerce,2067000
12.1,Master's,UI/UX Designer,Ahmedabad,Startup,IT Services,1472000
14.8,Master's,Software Engineer,Chennai,Mid-size,IT Services,3549000
9.7,Bachelor's,Sales Manager,Remote,Mid-size,IT Services,1480000
10.7,Bachelor's,Marketing Specialist,Ahmedabad,Enterprise,EdTech,1374000
6.9,Master's,Business Analyst,Kolkata,Enterprise,E-commerce,1483000
8.7,Bachelor's,Chartered Accountant,Bangalore,Startup,E-commerce,2442000
6.1,PhD,Business Analyst,Kolkata,Startup,Healthcare,885000
7.4,Master's,DevOps Engineer,Pune,Startup,Fintech,2084000
12.6,Bachelor's,Sales Manager,Kolkata,Enterprise,Fintech,2545000
6.3,Master's,Data Scientist,Chennai,Enterprise,Fintech,2379000
6.6,PhD,HR Manager,Hyderabad,Mid-size,Product Company,1827000
5.2,Bachelor's,Sales Manager,Delhi NCR,Enterprise,E-commerce,1662000
9.2,Master's,Cloud Architect,Chennai,Mid-size,Product Company,4500000
7.1,PhD,Senior Software Engineer,Bangalore,Mid-size,E-commerce,4100000
12.0,Bachelor's,Data Engineer,Jaipur,MNC,Consulting,3187000
1.1,Master's,Data Engineer,Remote,Startup,IT Services,835000
2.0,Bachelor's,Mechanical Engineer,Bangalore,SMB,IT Services,667000
6.4,Master's,Cloud Architect,Hyderabad,SMB,Consulting,3392000
10.6,Master's,Machine Learning Engineer,Hyderabad,Startup,Consulting,4459000
4.2,Master's,Business Analyst,Delhi NCR,Mid-size,Manufacturing,998000
5.2,Bachelor's,Mechanical Engineer,Kolkata,SMB,EdTech,651000
11.8,Master's,Chartered Accountant,Pune,SMB,Fintech,3624000
18.3,Bachelor's,Product Manager,Jaipur,Startup,IT Services,3879000
12.1,Bachelor's,Software Engineer,Mumbai,SMB,Consulting,2819000
14.6,Bachelor's,Senior Software Engineer,Mumbai,SMB,Fintech,4500000
10.3,Bachelor's,QA Engineer,Chennai,Enterprise,Healthcare,1247000
10.9,Bachelor's,Software Engineer,Jaipur,Mid-size,Product Company,1963000
13.4,Bachelor's,Marketing Specialist,Pune,Enterprise,IT Services,2261000
15.2,Master's,Software Engineer,Mumbai,SMB,EdTech,3828000
7.5,Bachelor's,Business Analyst,Mumbai,Startup,Healthcare,1321000
5.4,Bachelor's,Mechanical Engineer,Delhi NCR,Mid-size,Consulting,1064000
4.6,Bachelor's,UI/UX Designer,Delhi NCR,Startup,Product Company,1119000
11.2,Bachelor's,Sales Manager,Remote,SMB,Manufacturing,1800000
12.0,Master's,Product Manager,Hyderabad,Mid-size,E-commerce,4500000
2.1,Bachelor's,Mechanical Engineer,Delhi NCR,Enterprise,Manufacturing,742000
10.5,Bachelor's,Business Analyst,Pune,Enterprise,Manufacturing,1505000
4.5,PhD,Marketing Specialist,Chennai,SMB,EdTech,1126000
7.0,Master's,HR Manager,Ahmedabad,Mid-size,Product Company,1466000
9.2,Master's,Product Manager,Remote,SMB,Manufacturing,2674000
4.8,Master's,DevOps Engineer,Delhi NCR,Enterprise,Healthcare,1736000
8.0,PhD,Chartered Accountant,Pune,MNC,IT Services,2610000
15.1,Bachelor's,Sales Manager,Remote,Mid-size,Manufacturing,2502000
16.2,Master's,Civil Engineer,Bangalore,SMB,Consulting,2095000
2.4,Master's,Product Manager,Hyderabad,Enterprise,Healthcare,1847000
4.5,Bachelor's,Product Manager,Remote,Mid-size,EdTech,1668000
6.4,Bachelor's,Data Scientist,Jaipur,Enterprise,Consulting,1846000
10.0,Bachelor's,Marketing Specialist,Chennai,Mid-size,Healthcare,1239000
14.2,Master's,Civil Engineer,Mumbai,MNC,Manufacturing,1658000
11.6,Master's,Mechanical Engineer,Remote,Startup,Manufacturing,1130000
3.5,Master's,Cloud Architect,Remote,Enterprise,Healthcare,2707000
3.4,Bachelor's,UI/UX Designer,Jaipur,SMB,EdTech,612000
8.7,Bachelor's,UI/UX Designer,Ahmedabad,Mid-size,EdTech,1100000
10.7,Bachelor's,Data Scientist,Chennai,MNC,Consulting,3706000
7.2,Bachelor's,Software Engineer,Mumbai,Mid-size,Product Company,1905000
6.8,PhD,Product Manager,Delhi NCR,Enterprise,Healthcare,3170000
10.4,Master's,QA Engineer,Chennai,Startup,IT Services,1038000
6.6,PhD,HR Manager,Delhi NCR,Startup,Consulting,1466000
7.1,Master's,Civil Engineer,Jaipur,Mid-size,E-commerce,803000
17.8,PhD,Sales Manager,Hyderabad,SMB,IT Services,4028000
11.3,Bachelor's,HR Manager,Bangalore,Startup,EdTech,1904000
14.2,Bachelor's,Marketing Specialist,Delhi NCR,Enterprise,Fintech,2831000
3.8,Bachelor's,QA Engineer,Pune,Mid-size,Fintech,769000
11.6,Bachelor's,Chartered Accountant,Jaipur,Startup,Healthcare,2465000
7.0,Bachelor's,Chartered Accountant,Jaipur,Startup,Healthcare,1194000
9.2,Bachelor's,Machine Learning Engineer,Remote,SMB,EdTech,2400000
7.2,PhD,Cloud Architect,Mumbai,Mid-size,Product Company,4500000
3.9,Bachelor's,HR Manager,Remote,Enterprise,EdTech,981000
17.6,PhD,Software Engineer,Hyderabad,SMB,Manufacturing,3259000
6.3,Master's,QA Engineer,Remote,Startup,Fintech,1026000
5.9,Master's,Product Manager,Pune,Enterprise,Manufacturing,2069000
6.0,Master's,Marketing Specialist,Bangalore,Startup,Manufacturing,1118000
10.0,Bachelor's,HR Manager,Jaipur,Mid-size,Product Company,1688000
8.5,Master's,Cloud Architect,Chennai,SMB,Product Company,4500000
6.1,Bachelor's,Machine Learning Engineer,Delhi NCR,MNC,Healthcare,2181000
10.0,PhD,Cloud Architect,Pune,Mid-size,Consulting,4500000
8.8,Bachelor's,Sales Manager,Delhi NCR,Startup,Manufacturing,1408000
7.1,Bachelor's,Product Manager,Kolkata,SMB,EdTech,2204000
13.4,Master's,Cybersecurity Analyst,Hyderabad,Startup,Product Company,3982000
1.3,Master's,Product Manager,Remote,SMB,EdTech,1305000
9.7,Bachelor's,Marketing Specialist,Ahmedabad,SMB,Manufacturing,966000
2.7,Master's,Senior Software Engineer,Jaipur,Mid-size,Consulting,2003000
14.5,Bachelor's,Product Manager,Bangalore,Enterprise,IT Services,4500000
1.9,Master's,Cloud Architect,Jaipur,Startup,Healthcare,1715000
12.7,Bachelor's,Data Engineer,Jaipur,SMB,Consulting,2585000
12.1,Bachelor's,Cybersecurity Analyst,Mumbai,Enterprise,E-commerce,3249000
7.8,Bachelor's,Marketing Specialist,Chennai,SMB,Product Company,1259000
7.7,Bachelor's,Chartered Accountant,Chennai,Mid-size,Healthcare,1898000
1.5,Bachelor's,Mechanical Engineer,Jaipur,Enterprise,IT Services,546000
7.0,Bachelor's,Software Engineer,Pune,Mid-size,Fintech,1299000
12.0,Bachelor's,Sales Manager,Remote,Mid-size,E-commerce,2375000
15.3,Bachelor's,Software Engineer,Chennai,MNC,Product Company,4157000
13.4,Bachelor's,Business Analyst,Bangalore,Startup,E-commerce,2123000
2.1,Bachelor's,Data Engineer,Mumbai,Startup,Manufacturing,835000
11.3,Master's,Cloud Architect,Hyderabad,SMB,Healthcare,4500000
9.6,PhD,Sales Manager,Jaipur,Startup,Product Company,1899000
3.2,Bachelor's,Mechanical Engineer,Delhi NCR,SMB,IT Services,652000
9.5,PhD,Data Engineer,Delhi NCR,Startup,Healthcare,2319000
6.7,Bachelor's,QA Engineer,Mumbai,Mid-size,EdTech,998000
16.5,Bachelor's,HR Manager,Ahmedabad,SMB,E-commerce,2169000
7.5,Master's,Cybersecurity Analyst,Remote,Enterprise,EdTech,1645000
3.3,Master's,DevOps Engineer,Jaipur,SMB,Product Company,1065000
6.4,Master's,Cybersecurity Analyst,Remote,Mid-size,EdTech,1472000
2.2,Bachelor's,UI/UX Designer,Pune,SMB,Fintech,772000
8.7,Master's,Software Engineer,Kolkata,Startup,Healthcare,1294000
10.2,Bachelor's,Chartered Accountant,Kolkata,Mid-size,Product Company,2321000
7.8,Bachelor's,Mechanical Engineer,Mumbai,Startup,EdTech,943000
9.7,Bachelor's,Cybersecurity Analyst,Jaipur,Mid-size,Fintech,1655000
8.3,PhD,Sales Manager,Remote,Mid-size,IT Services,1941000
10.0,Bachelor's,Data Engineer,Remote,Mid-size,Healthcare,2488000
3.2,Master's,Product Manager,Remote,Mid-size,Product Company,2302000
7.1,Master's,Chartered Accountant,Hyderabad,Enterprise,Consulting,2646000
8.2,Master's,QA Engineer,Hyderabad,Startup,IT Services,1132000
0.7,Master's,Product Manager,Kolkata,MNC,E-commerce,1629000
10.0,Master's,Sales Manager,Ahmedabad,Startup,IT Services,1381000
3.5,Bachelor's,Data Scientist,Delhi NCR,SMB,Manufacturing,1009000
4.8,Bachelor's,Cloud Architect,Hyderabad,MNC,E-commerce,3500000
9.9,Bachelor's,Data Scientist,Pune,SMB,Manufacturing,2010000
7.8,Bachelor's,Senior Software Engineer,Hyderabad,Enterprise,Product Company,3806000
11.7,Bachelor's,Mechanical Engineer,Hyderabad,Mid-size,Healthcare,1515000
6.9,Bachelor's,Business Analyst,Hyderabad,Enterprise,E-commerce,1422000
16.6,Bachelor's,Civil Engineer,Chennai,Startup,Consulting,1685000
7.9,Bachelor's,Cybersecurity Analyst,Chennai,Mid-size,Manufacturing,1482000
13.4,Bachelor's,DevOps Engineer,Mumbai,Startup,Healthcare,2630000
6.0,PhD,Machine Learning Engineer,Chennai,Startup,IT Services,1928000
4.4,Bachelor's,UI/UX Designer,Kolkata,Mid-size,Fintech,841000
6.0,PhD,Senior Software Engineer,Bangalore,Enterprise,EdTech,2982000
5.5,PhD,Data Engineer,Pune,Enterprise,IT Services,1869000
5.4,Bachelor's,UI/UX Designer,Pune,Enterprise,Product Company,1542000
12.5,Master's,Data Scientist,Bangalore,Enterprise,IT Services,3459000
9.3,Master's,QA Engineer,Hyderabad,SMB,Product Company,1581000
5.7,Master's,Civil Engineer,Ahmedabad,SMB,Healthcare,658000
11.0,Bachelor's,Chartered Accountant,Jaipur,Enterprise,EdTech,2612000
7.2,Bachelor's,Business Analyst,Hyderabad,Mid-size,E-commerce,1427000
8.9,Bachelor's,Senior Software Engineer,Ahmedabad,SMB,Consulting,2973000
6.7,Master's,Civil Engineer,Pune,SMB,EdTech,877000
15.6,PhD,QA Engineer,Hyderabad,Startup,EdTech,2456000
4.3,Master's,Marketing Specialist,Pune,Enterprise,Product Company,1426000
9.1,Master's,Software Engineer,Remote,SMB,Product Company,2295000
5.4,PhD,Cloud Architect,Mumbai,Mid-size,E-commerce,4107000
11.0,Master's,Cloud Architect,Ahmedabad,Enterprise,IT Services,4500000
20.6,Bachelor's,Sales Manager,Delhi NCR,MNC,Fintech,4500000
4.2,Master's,Sales Manager,Delhi NCR,SMB,Fintech,1481000
10.8,Bachelor's,Marketing Specialist,Jaipur,Enterprise,Manufacturing,1183000
7.9,Bachelor's,Business Analyst,Remote,Mid-size,Fintech,1128000
11.7,Bachelor's,Cloud Architect,Kolkata,Startup,E-commerce,4162000
14.7,PhD,Machine Learning Engineer,Jaipur,SMB,Product Company,4500000
10.8,Bachelor's,DevOps Engineer,Hyderabad,SMB,Consulting,2138000
11.1,Bachelor's,Data Scientist,Remote,Startup,Healthcare,1964000
6.7,Bachelor's,Mechanical Engineer,Hyderabad,SMB,Consulting,1184000
5.9,Bachelor's,Sales Manager,Hyderabad,Startup,IT Services,1246000
2.9,Bachelor's,Sales Manager,Jaipur,Enterprise,Product Company,979000
7.5,Master's,Civil Engineer,Delhi NCR,SMB,E-commerce,1067000
6.3,Master's,Marketing Specialist,Pune,Startup,Manufacturing,900000
4.9,Bachelor's,Cloud Architect,Bangalore,Mid-size,Product Company,3921000
8.4,Bachelor's,Cloud Architect,Pune,Enterprise,Manufacturing,3438000
11.4,Bachelor's,Data Scientist,Jaipur,MNC,EdTech,2588000
15.0,Bachelor's,Sales Manager,Bangalore,Enterprise,Consulting,4500000
0.7,Bachelor's,Civil Engineer,Remote,Enterprise,Manufacturing,407000
10.2,Master's,Sales Manager,Ahmedabad,SMB,IT Services,1529000
9.9,Master's,UI/UX Designer,Pune,Mid-size,Consulting,1847000
1.5,Bachelor's,Cloud Architect,Ahmedabad,SMB,Healthcare,1590000
1.9,Bachelor's,Business Analyst,Chennai,MNC,Healthcare,758000
13.8,Bachelor's,DevOps Engineer,Mumbai,Startup,Healthcare,2598000
11.2,Bachelor's,Data Scientist,Chennai,Mid-size,Fintech,3295000
15.5,PhD,Business Analyst,Bangalore,SMB,EdTech,3424000
7.4,Master's,DevOps Engineer,Jaipur,Enterprise,Healthcare,1593000
9.5,PhD,Marketing Specialist,Ahmedabad,SMB,Product Company,1587000
4.9,PhD,Chartered Accountant,Hyderabad,Enterprise,Healthcare,2203000
3.3,Master's,Machine Learning Engineer,Bangalore,MNC,EdTech,1937000
6.1,PhD,Software Engineer,Delhi NCR,Startup,Product Company,1832000
8.0,Bachelor's,Civil Engineer,Delhi NCR,Enterprise,EdTech,1167000
6.3,Bachelor's,Cloud Architect,Ahmedabad,SMB,IT Services,1891000
11.0,Bachelor's,DevOps Engineer,Jaipur,SMB,IT Services,1446000
5.2,Bachelor's,Civil Engineer,Bangalore,SMB,E-commerce,778000
2.4,Bachelor's,Civil Engineer,Pune,Mid-size,Healthcare,556000
16.2,Bachelor's,Data Engineer,Chennai,SMB,Product Company,4500000
4.4,Master's,Data Scientist,Mumbai,Enterprise,IT Services,1557000
6.7,Master's,Sales Manager,Remote,Enterprise,Manufacturing,1272000
8.5,Bachelor's,Marketing Specialist,Kolkata,SMB,Fintech,1221000
4.4,Bachelor's,Business Analyst,Mumbai,Startup,IT Services,781000
9.1,Master's,Data Engineer,Kolkata,Startup,Healthcare,2026000
6.6,Bachelor's,QA Engineer,Delhi NCR,SMB,IT Services,816000
12.7,Bachelor's,Cybersecurity Analyst,Delhi NCR,MNC,Product Company,4500000
11.1,Bachelor's,QA Engineer,Ahmedabad,SMB,Consulting,995000
4.8,Bachelor's,HR Manager,Delhi NCR,Enterprise,Product Company,1567000
5.0,Bachelor's,Software Engineer,Kolkata,MNC,E-commerce,1291000
12.8,Master's,Software Engineer,Delhi NCR,SMB,Healthcare,2639000
14.7,Master's,Data Scientist,Chennai,Mid-size,Healthcare,3807000
3.0,Master's,Data Scientist,Delhi NCR,Enterprise,EdTech,1578000
14.6,Bachelor's,UI/UX Designer,Chennai,Mid-size,Manufacturing,1948000
12.4,Master's,Senior Software Engineer,Mumbai,Startup,Product Company,4500000
7.2,Master's,Machine Learning Engineer,Hyderabad,Enterprise,E-commerce,3059000
10.2,Bachelor's,QA Engineer,Pune,MNC,Product Company,1981000
15.2,Master's,Chartered Accountant,Mumbai,Enterprise,Manufacturing,4500000
10.9,Bachelor's,Mechanical Engineer,Mumbai,Enterprise,Product Company,2180000
4.9,Bachelor's,Machine Learning Engineer,Delhi NCR,Enterprise,Manufacturing,1829000
2.0,Bachelor's,Software Engineer,Delhi NCR,Mid-size,Product Company,1064000
6.3,Bachelor's,Marketing Specialist,Pune,SMB,Product Company,1160000
8.2,Bachelor's,Mechanical Engineer,Mumbai,MNC,EdTech,1277000
11.7,Bachelor's,Chartered Accountant,Pune,Startup,Fintech,3060000
8.1,Bachelor's,Business Analyst,Chennai,Enterprise,E-commerce,1669000
7.7,PhD,Senior Software Engineer,Delhi NCR,SMB,Consulting,3665000
1.0,Bachelor's,Chartered Accountant,Kolkata,Mid-size,Healthcare,839000
10.6,Bachelor's,Cloud Architect,Delhi NCR,Enterprise,EdTech,4500000
8.3,Bachelor's,Product Manager,Remote,Enterprise,E-commerce,2977000
5.8,Master's,Business Analyst,Delhi NCR,Startup,Consulting,1134000
3.8,Bachelor's,HR Manager,Kolkata,Mid-size,EdTech,754000
11.9,PhD,Product Manager,Delhi NCR,SMB,Product Company,4500000
10.0,Bachelor's,Data Engineer,Ahmedabad,Startup,E-commerce,1802000
18.1,Bachelor's,QA Engineer,Chennai,Mid-size,IT Services,1672000
13.8,Bachelor's,HR Manager,Bangalore,MNC,EdTech,3285000
14.7,Bachelor's,HR Manager,Ahmedabad,MNC,Consulting,2812000
9.1,Master's,Cybersecurity Analyst,Ahmedabad,Mid-size,Healthcare,1853000
9.4,Master's,Senior Software Engineer,Delhi NCR,Enterprise,Fintech,4500000
4.5,Bachelor's,Product Manager,Chennai,SMB,EdTech,1404000
10.9,PhD,Cybersecurity Analyst,Bangalore,SMB,Product Company,4020000
9.9,Bachelor's,Mechanical Engineer,Jaipur,Mid-size,E-commerce,1054000
1.2,Bachelor's,Marketing Specialist,Ahmedabad,Enterprise,Healthcare,551000
7.1,Bachelor's,UI/UX Designer,Remote,Enterprise,EdTech,1277000
8.5,Bachelor's,Sales Manager,Chennai,Startup,IT Services,1152000
8.3,Master's,Cloud Architect,Pune,SMB,IT Services,3840000
10.4,Bachelor's,Cybersecurity Analyst,Pune,Startup,Product Company,2716000
10.9,Bachelor's,UI/UX Designer,Remote,Enterprise,Healthcare,1415000
10.2,Bachelor's,Sales Manager,Bangalore,SMB,Fintech,2229000
5.0,Bachelor's,Civil Engineer,Kolkata,SMB,Consulting,604000
6.1,Bachelor's,Mechanical Engineer,Bangalore,Mid-size,Product Company,1198000
10.4,Master's,Marketing Specialist,Ahmedabad,Startup,E-commerce,1348000
7.9,Bachelor's,Marketing Specialist,Chennai,SMB,E-commerce,1239000
8.1,Bachelor's,Machine Learning Engineer,Delhi NCR,Enterprise,Consulting,3138000
19.6,Bachelor's,Machine Learning Engineer,Ahmedabad,SMB,IT Services,4500000
12.8,Bachelor's,Civil Engineer,Mumbai,Mid-size,Fintech,1839000
5.2,Bachelor's,QA Engineer,Chennai,MNC,Manufacturing,856000
1.3,Master's,Business Analyst,Jaipur,Startup,EdTech,587000
2.8,PhD,Cybersecurity Analyst,Delhi NCR,SMB,IT Services,1154000
11.2,Bachelor's,Senior Software Engineer,Bangalore,Mid-size,E-commerce,3399000
7.5,PhD,Data Scientist,Remote,Mid-size,Product Company,2791000
1.2,Bachelor's,Data Scientist,Chennai,MNC,Fintech,1421000
4.0,Master's,Data Engineer,Delhi NCR,Startup,IT Services,1379000
5.9,Master's,Senior Software Engineer,Bangalore,Enterprise,Healthcare,3231000
4.6,Master's,Software Engineer,Bangalore,SMB,Healthcare,1184000
3.6,Master's,Sales Manager,Pune,SMB,Healthcare,1148000
7.8,Bachelor's,Marketing Specialist,Remote,Mid-size,Product Company,1474000
4.0,Bachelor's,DevOps Engineer,Ahmedabad,SMB,Product Company,1168000
8.6,Bachelor's,Sales Manager,Delhi NCR,Startup,IT Services,1642000
8.9,Bachelor's,Senior Software Engineer,Ahmedabad,SMB,IT Services,2354000
2.9,Master's,Business Analyst,Mumbai,SMB,Consulting,935000
11.5,Bachelor's,Product Manager,Jaipur,Mid-size,Consulting,3601000
10.3,Bachelor's,Product Manager,Mumbai,Startup,Fintech,3528000
0.8,Bachelor's,Civil Engineer,Ahmedabad,Startup,Manufacturing,296000
2.5,Bachelor's,Senior Software Engineer,Delhi NCR,SMB,Healthcare,1496000
10.8,Master's,Cybersecurity Analyst,Kolkata,Mid-size,IT Services,2452000
8.3,Master's,DevOps Engineer,Hyderabad,MNC,Healthcare,2350000
6.8,Bachelor's,UI/UX Designer,Remote,Startup,IT Services,669000
9.8,Bachelor's,Machine Learning Engineer,Pune,MNC,Product Company,3882000
6.2,Bachelor's,Marketing Specialist,Chennai,Mid-size,Healthcare,989000
7.8,Bachelor's,Senior Software Engineer,Kolkata,MNC,Product Company,3082000
1.5,Master's,Senior Software Engineer,Kolkata,Mid-size,Fintech,1347000
6.6,Bachelor's,Cloud Architect,Chennai,SMB,IT Services,2246000
7.6,Bachelor's,Civil Engineer,Jaipur,Enterprise,EdTech,755000
7.8,Bachelor's,Software Engineer,Remote,Mid-size,Consulting,1651000
6.7,PhD,Machine Learning Engineer,Ahmedabad,Enterprise,Manufacturing,2062000
7.3,Master's,UI/UX Designer,Hyderabad,Enterprise,EdTech,1521000
0.4,Bachelor's,Software Engineer,Ahmedabad,Mid-size,EdTech,640000
14.6,Bachelor's,QA Engineer,Chennai,Mid-size,Consulting,1828000
4.6,Bachelor's,Product Manager,Chennai,SMB,IT Services,1519000
6.5,PhD,Cybersecurity Analyst,Remote,Mid-size,E-commerce,1835000
5.7,Bachelor's,Senior Software Engineer,Chennai,Mid-size,Fintech,2573000
14.7,Bachelor's,Machine Learning Engineer,Jaipur,Mid-size,Consulting,4290000
14.0,PhD,Machine Learning Engineer,Kolkata,Startup,Consulting,4458000
5.0,Master's,Marketing Specialist,Bangalore,MNC,EdTech,1375000
3.5,Bachelor's,Marketing Specialist,Ahmedabad,SMB,Fintech,780000
3.1,Bachelor's,Data Scientist,Delhi NCR,SMB,Manufacturing,1073000
10.6,Bachelor's,Business Analyst,Chennai,SMB,IT Services,1491000
5.0,Bachelor's,Sales Manager,Mumbai,Startup,Product Company,1507000
8.3,Bachelor's,Software Engineer,Hyderabad,SMB,E-commerce,1669000
9.2,PhD,Senior Software Engineer,Ahmedabad,Startup,EdTech,2627000
4.4,PhD,Cybersecurity Analyst,Pune,Startup,E-commerce,1409000
6.8,Bachelor's,Data Engineer,Bangalore,Startup,Fintech,1773000
8.3,Master's,Sales Manager,Delhi NCR,Startup,IT Services,1796000
12.9,Bachelor's,UI/UX Designer,Ahmedabad,MNC,Healthcare,1749000
3.0,Bachelor's,Chartered Accountant,Pune,Mid-size,IT Services,1032000
15.5,Master's,Data Scientist,Mumbai,Startup,Fintech,4500000
11.7,Bachelor's,Data Scientist,Delhi NCR,Mid-size,Fintech,3656000
9.6,Bachelor's,Cybersecurity Analyst,Remote,Mid-size,Product Company,2545000
5.6,Bachelor's,Civil Engineer,Hyderabad,Mid-size,Healthcare,736000
0.4,Bachelor's,Software Engineer,Remote,SMB,IT Services,523000
3.3,Bachelor's,Sales Manager,Hyderabad,Mid-size,IT Services,1026000
3.1,Master's,HR Manager,Chennai,Startup,IT Services,857000
5.7,Master's,Data Engineer,Jaipur,SMB,Healthcare,1288000
4.6,Master's,Mechanical Engineer,Remote,MNC,Manufacturing,1031000
4.7,Master's,DevOps Engineer,Chennai,SMB,Healthcare,1355000
1.0,Bachelor's,Mechanical Engineer,Delhi NCR,Startup,Consulting,685000
2.2,Master's,UI/UX Designer,Ahmedabad,SMB,Healthcare,539000
11.2,Bachelor's,Cloud Architect,Remote,Enterprise,Fintech,4500000
9.9,Bachelor's,Machine Learning Engineer,Bangalore,Startup,EdTech,3264000
11.7,PhD,Civil Engineer,Pune,SMB,Consulting,1263000
17.2,Bachelor's,Sales Manager,Pune,SMB,EdTech,3045000
8.7,Bachelor's,Mechanical Engineer,Jaipur,SMB,IT Services,802000
3.0,Bachelor's,Sales Manager,Bangalore,SMB,Fintech,1141000
9.7,Bachelor's,DevOps Engineer,Hyderabad,Startup,Healthcare,1805000
8.6,Bachelor's,Machine Learning Engineer,Bangalore,SMB,IT Services,2602000
10.0,Bachelor's,Cybersecurity Analyst,Remote,Startup,Fintech,1949000
7.6,Master's,DevOps Engineer,Bangalore,MNC,Manufacturing,2391000
7.8,Bachelor's,Cybersecurity Analyst,Pune,Mid-size,Consulting,2093000
12.8,Bachelor's,Chartered Accountant,Chennai,Startup,Manufacturing,2422000
5.1,Bachelor's,Marketing Specialist,Mumbai,Startup,Fintech,939000
4.5,Master's,UI/UX Designer,Bangalore,Enterprise,Product Company,1443000
9.5,Bachelor's,Chartered Accountant,Delhi NCR,Enterprise,E-commerce,3636000
5.8,Bachelor's,QA Engineer,Ahmedabad,SMB,EdTech,606000
6.9,Bachelor's,UI/UX Designer,Pune,Startup,Consulting,1221000
6.5,Master's,HR Manager,Chennai,Mid-size,Manufacturing,1010000
4.2,Master's,Product Manager,Delhi NCR,SMB,Manufacturing,1614000
6.2,Bachelor's,Machine Learning Engineer,Pune,Startup,EdTech,1710000
15.2,Master's,Data Scientist,Bangalore,SMB,E-commerce,4500000
8.5,Bachelor's,Cybersecurity Analyst,Jaipur,Enterprise,Fintech,1909000
9.4,Bachelor's,QA Engineer,Remote,SMB,EdTech,1096000
10.2,Bachelor's,Marketing Specialist,Chennai,Startup,Consulting,1337000
6.1,Bachelor's,Data Scientist,Jaipur,Startup,IT Services,1044000
8.0,Bachelor's,Cloud Architect,Mumbai,Mid-size,E-commerce,4091000
7.0,Bachelor's,Data Scientist,Remote,Mid-size,Manufacturing,1700000
3.4,Bachelor's,Cloud Architect,Chennai,Mid-size,IT Services,1814000
5.2,Bachelor's,HR Manager,Jaipur,Mid-size,Manufacturing,732000
9.3,Bachelor's,Chartered Accountant,Kolkata,SMB,Fintech,1986000
9.1,Master's,UI/UX Designer,Remote,SMB,IT Services,1235000
8.4,Master's,Senior Software Engineer,Chennai,MNC,Fintech,3909000
15.7,Bachelor's,HR Manager,Jaipur,Enterprise,Manufacturing,2412000
3.5,Bachelor's,Data Scientist,Remote,SMB,Manufacturing,931000
7.3,Bachelor's,Senior Software Engineer,Ahmedabad,Mid-size,Fintech,2550000
13.7,Bachelor's,Business Analyst,Mumbai,Startup,Consulting,2431000
4.0,Bachelor's,Chartered Accountant,Bangalore,Startup,Manufacturing,1221000
5.2,Bachelor's,Mechanical Engineer,Delhi NCR,SMB,Consulting,977000
9.8,Master's,Product Manager,Kolkata,Enterprise,Healthcare,3317000
7.0,Master's,UI/UX Designer,Jaipur,MNC,IT Services,1140000
10.1,Bachelor's,Senior Software Engineer,Ahmedabad,Mid-size,Product Company,3097000
9.9,Bachelor's,DevOps Engineer,Kolkata,Mid-size,EdTech,1588000
15.9,Master's,Sales Manager,Chennai,Startup,EdTech,3293000
17.7,Bachelor's,Business Analyst,Remote,MNC,EdTech,2879000
8.5,Master's,HR Manager,Pune,Startup,Product Company,1511000
8.0,Bachelor's,UI/UX Designer,Ahmedabad,MNC,Healthcare,1106000
9.1,Bachelor's,Civil Engineer,Chennai,Startup,IT Services,869000
7.2,Bachelor's,Marketing Specialist,Chennai,Startup,IT Services,855000
8.7,Bachelor's,QA Engineer,Mumbai,Mid-size,E-commerce,1229000
8.3,PhD,Civil Engineer,Kolkata,Startup,Fintech,870000
1.3,Bachelor's,Civil Engineer,Remote,Startup,Consulting,457000
14.2,PhD,Cloud Architect,Delhi NCR,Mid-size,Consulting,4500000
10.5,Bachelor's,Cloud Architect,Hyderabad,Enterprise,EdTech,4500000
4.3,Master's,Sales Manager,Hyderabad,SMB,Manufacturing,1090000
9.6,PhD,Software Engineer,Hyderabad,Mid-size,Healthcare,2224000
7.2,Bachelor's,Sales Manager,Delhi NCR,Mid-size,EdTech,1457000
14.4,Bachelor's,Business Analyst,Bangalore,Startup,E-commerce,2828000
5.6,Master's,Marketing Specialist,Pune,SMB,Product Company,1165000
5.4,Bachelor's,Data Scientist,Kolkata,Mid-size,EdTech,1197000
9.3,PhD,Data Engineer,Kolkata,Enterprise,IT Services,2462000
5.8,Bachelor's,QA Engineer,Kolkata,SMB,E-commerce,724000
11.9,Bachelor's,Software Engineer,Kolkata,Mid-size,E-commerce,2186000
11.4,Bachelor's,QA Engineer,Bangalore,Mid-size,EdTech,1650000
13.0,Master's,Cybersecurity Analyst,Remote,Mid-size,IT Services,3068000
5.3,PhD,Business Analyst,Pune,Enterprise,Healthcare,1693000
14.8,Bachelor's,Cybersecurity Analyst,Bangalore,Mid-size,Healthcare,3230000
3.3,Master's,Cloud Architect,Jaipur,Startup,Consulting,2029000
13.3,PhD,Cybersecurity Analyst,Delhi NCR,Enterprise,Consulting,4500000
7.8,Bachelor's,DevOps Engineer,Mumbai,Mid-size,Product Company,2629000
12.5,Bachelor's,Cloud Architect,Mumbai,Mid-size,EdTech,4500000
0.8,Master's,Senior Software Engineer,Chennai,Mid-size,IT Services,1135000
4.6,Master's,Senior Software Engineer,Chennai,Startup,Fintech,2303000
6.4,Bachelor's,Data Scientist,Bangalore,SMB,Fintech,2067000
12.1,Master's,Machine Learning Engineer,Hyderabad,Mid-size,E-commerce,4500000
16.9,Bachelor's,Sales Manager,Remote,SMB,Consulting,2906000
10.2,PhD,Machine Learning Engineer,Delhi NCR,Startup,Consulting,4259000
10.7,Master's,Product Manager,Remote,Enterprise,Manufacturing,3428000
10.1,Master's,Machine Learning Engineer,Kolkata,SMB,Manufacturing,2292000
13.2,Bachelor's,Business Analyst,Ahmedabad,Mid-size,IT Services,1658000
8.0,Bachelor's,DevOps Engineer,Mumbai,Startup,Manufacturing,1457000
7.6,Bachelor's,Cloud Architect,Jaipur,Mid-size,Healthcare,2898000
6.1,Bachelor's,Senior Software Engineer,Kolkata,Startup,Manufacturing,1484000
2.4,Master's,QA Engineer,Ahmedabad,Enterprise,Product Company,844000
3.7,Bachelor's,DevOps Engineer,Pune,Mid-size,Consulting,1158000
11.9,Bachelor's,Cybersecurity Analyst,Chennai,SMB,Healthcare,2585000
5.9,Bachelor's,HR Manager,Mumbai,MNC,Fintech,1665000
9.3,Bachelor's,UI/UX Designer,Remote,SMB,Healthcare,1194000
5.2,Bachelor's,QA Engineer,Remote,SMB,Healthcare,685000
2.2,Master's,Mechanical Engineer,Mumbai,Enterprise,Fintech,1095000
3.6,Master's,Product Manager,Bangalore,Mid-size,EdTech,2247000
2.2,Bachelor's,Data Scientist,Pune,Mid-size,EdTech,881000
9.3,Master's,Sales Manager,Pune,MNC,IT Services,2211000
8.3,Master's,Cybersecurity Analyst,Bangalore,Mid-size,Fintech,2907000
9.5,Bachelor's,UI/UX Designer,Remote,Startup,Fintech,1504000
1.3,Master's,Product Manager,Delhi NCR,SMB,Product Company,1791000
7.0,Bachelor's,Software Engineer,Hyderabad,Enterprise,Product Company,1501000
7.7,Bachelor's,Data Engineer,Kolkata,Startup,IT Services,1331000
11.2,Bachelor's,QA Engineer,Mumbai,Mid-size,Healthcare,1421000
10.4,Bachelor's,QA Engineer,Hyderabad,MNC,Healthcare,1703000
8.0,Master's,Cloud Architect,Delhi NCR,Enterprise,Consulting,4500000
7.0,PhD,Data Scientist,Chennai,Startup,Healthcare,1650000
11.5,Master's,Data Engineer,Kolkata,Enterprise,Fintech,3893000
1.6,Bachelor's,Cybersecurity Analyst,Pune,SMB,EdTech,925000
3.0,Bachelor's,Machine Learning Engineer,Kolkata,MNC,Fintech,1605000
9.5,PhD,Data Scientist,Ahmedabad,Mid-size,IT Services,2393000
4.7,Bachelor's,UI/UX Designer,Kolkata,Mid-size,Healthcare,692000
1.6,Bachelor's,Software Engineer,Remote,Startup,Fintech,742000
7.0,Bachelor's,Machine Learning Engineer,Remote,SMB,E-commerce,1954000
12.3,Bachelor's,Cybersecurity Analyst,Delhi NCR,SMB,EdTech,2607000
7.3,Bachelor's,Cloud Architect,Mumbai,Enterprise,Fintech,4500000
3.7,Bachelor's,UI/UX Designer,Delhi NCR,Mid-size,Consulting,802000
6.6,Bachelor's,Sales Manager,Delhi NCR,Enterprise,Consulting,2001000
9.3,Bachelor's,Machine Learning Engineer,Hyderabad,Startup,Product Company,3227000
14.6,Bachelor's,DevOps Engineer,Remote,SMB,Product Company,3225000
6.6,Bachelor's,Cloud Architect,Chennai,Mid-size,Fintech,3513000
9.4,Bachelor's,Business Analyst,Hyderabad,Mid-size,Product Company,1728000
15.2,Master's,Data Engineer,Remote,Mid-size,Consulting,4126000
13.8,Bachelor's,Senior Software Engineer,Remote,SMB,IT Services,3406000
5.5,Master's,UI/UX Designer,Chennai,Startup,Consulting,851000
2.6,Master's,Sales Manager,Remote,Mid-size,IT Services,813000
7.3,Bachelor's,Civil Engineer,Remote,MNC,IT Services,738000
5.1,Master's,QA Engineer,Remote,Enterprise,Product Company,1238000
6.2,Master's,Cybersecurity Analyst,Remote,Mid-size,Manufacturing,1210000
16.4,Bachelor's,Mechanical Engineer,Bangalore,Mid-size,Product Company,2708000
6.5,Bachelor's,Marketing Specialist,Bangalore,Enterprise,EdTech,1374000
2.5,Bachelor's,QA Engineer,Chennai,Enterprise,Fintech,851000
2.8,PhD,Data Engineer,Ahmedabad,Startup,EdTech,1081000
15.0,Master's,HR Manager,Jaipur,SMB,Healthcare,2131000
8.2,PhD,Marketing Specialist,Kolkata,Enterprise,Manufacturing,1259000
12.0,PhD,DevOps Engineer,Mumbai,Enterprise,Manufacturing,3918000
8.6,Bachelor's,UI/UX Designer,Remote,Mid-size,E-commerce,1301000
2.9,Master's,Marketing Specialist,Chennai,SMB,Fintech,943000
4.4,Bachelor's,QA Engineer,Kolkata,Enterprise,Healthcare,822000
12.8,Master's,Business Analyst,Pune,SMB,Healthcare,2156000
3.8,Bachelor's,Data Engineer,Ahmedabad,SMB,Manufacturing,998000
9.8,Bachelor's,Product Manager,Hyderabad,Mid-size,Fintech,4060000
5.7,Master's,Sales Manager,Jaipur,Mid-size,Manufacturing,1059000
8.0,Master's,Marketing Specialist,Jaipur,SMB,EdTech,900000
6.7,Master's,Chartered Accountant,Kolkata,Mid-size,Healthcare,1567000
7.5,Bachelor's,HR Manager,Remote,Mid-size,IT Services,1102000
17.4,Bachelor's,Sales Manager,Remote,Startup,Fintech,3368000
9.3,PhD,Marketing Specialist,Bangalore,SMB,Fintech,2174000
3.2,Bachelor's,Marketing Specialist,Pune,Mid-size,Manufacturing,764000
3.9,Bachelor's,Cloud Architect,Hyderabad,MNC,E-commerce,3246000
11.7,Bachelor's,Chartered Accountant,Mumbai,Enterprise,IT Services,3412000
2.9,Bachelor's,QA Engineer,Chennai,Startup,Fintech,691000
9.4,Bachelor's,Civil Engineer,Hyderabad,Mid-size,E-commerce,1120000
3.3,Bachelor's,Machine Learning Engineer,Bangalore,Enterprise,Fintech,2038000
17.6,Master's,Cloud Architect,Kolkata,SMB,Manufacturing,4500000
9.5,PhD,Cybersecurity Analyst,Kolkata,Mid-size,IT Services,2028000
10.0,PhD,Data Engineer,Mumbai,SMB,E-commerce,3400000
13.5,Bachelor's,Business Analyst,Ahmedabad,Mid-size,Healthcare,1917000
6.3,Bachelor's,Machine Learning Engineer,Chennai,Startup,Healthcare,1886000
7.5,Master's,DevOps Engineer,Delhi NCR,SMB,Product Company,2272000
1.8,Master's,Marketing Specialist,Bangalore,SMB,Product Company,1144000
5.9,Bachelor's,Software Engineer,Ahmedabad,SMB,IT Services,899000
8.0,Master's,Data Scientist,Kolkata,Startup,Healthcare,1800000
6.1,Master's,Chartered Accountant,Hyderabad,SMB,Manufacturing,1669000
4.8,Master's,HR Manager,Hyderabad,Mid-size,EdTech,1129000
4.5,Master's,Senior Software Engineer,Mumbai,Startup,IT Services,1872000
6.6,Bachelor's,Data Scientist,Hyderabad,SMB,Manufacturing,1644000
6.9,Bachelor's,Cloud Architect,Jaipur,Startup,Fintech,2544000
2.6,Bachelor's,Data Engineer,Remote,MNC,Fintech,1472000
5.2,Bachelor's,Machine Learning Engineer,Bangalore,Startup,Consulting,1991000
8.4,Master's,HR Manager,Pune,Mid-size,Product Company,2005000
12.8,Master's,UI/UX Designer,Pune,SMB,Product Company,2647000
1.9,Bachelor's,QA Engineer,Remote,SMB,EdTech,601000
3.5,Master's,Machine Learning Engineer,Kolkata,Enterprise,Manufacturing,1404000
3.9,Master's,Cloud Architect,Remote,Mid-size,Healthcare,2535000
10.1,Master's,Marketing Specialist,Pune,Mid-size,Fintech,2109000
3.3,Bachelor's,Cybersecurity Analyst,Bangalore,Startup,Product Company,1342000
10.7,Master's,DevOps Engineer,Delhi NCR,SMB,Fintech,2690000
7.8,Bachelor's,Business Analyst,Jaipur,SMB,E-commerce,987000
6.6,Bachelor's,Machine Learning Engineer,Jaipur,SMB,Manufacturing,1413000
14.8,Bachelor's,Business Analyst,Delhi NCR,MNC,Consulting,3588000
11.4,Master's,Machine Learning Engineer,Pune,SMB,Manufacturing,2813000
3.8,Master's,HR Manager,Bangalore,SMB,EdTech,1088000
2.9,Bachelor's,Cloud Architect,Delhi NCR,Startup,Healthcare,1825000
15.7,Bachelor's,UI/UX Designer,Chennai,SMB,Product Company,2676000
9.3,Master's,Cybersecurity Analyst,Bangalore,Startup,Fintech,2481000
9.7,Master's,Software Engineer,Remote,SMB,IT Services,1559000
8.0,Bachelor's,Machine Learning Engineer,Ahmedabad,MNC,Consulting,2641000
12.1,PhD,HR Manager,Mumbai,Mid-size,Manufacturing,2644000
6.1,Master's,Sales Manager,Mumbai,SMB,EdTech,1646000
10.6,PhD,DevOps Engineer,Mumbai,SMB,EdTech,2890000
10.1,PhD,Business Analyst,Jaipur,Mid-size,E-commerce,1890000
8.4,PhD,Civil Engineer,Ahmedabad,Startup,EdTech,935000
12.0,Master's,Machine Learning Engineer,Bangalore,Enterprise,EdTech,4389000
7.4,Master's,Cloud Architect,Mumbai,Mid-size,Fintech,4500000
13.4,Bachelor's,DevOps Engineer,Ahmedabad,SMB,Healthcare,2087000
7.7,Bachelor's,Cybersecurity Analyst,Mumbai,Mid-size,E-commerce,1814000
3.0,Master's,QA Engineer,Jaipur,SMB,Manufacturing,476000
14.3,Bachelor's,QA Engineer,Chennai,Startup,Manufacturing,1406000
14.0,Master's,Product Manager,Ahmedabad,Mid-size,Fintech,4500000
12.1,Bachelor's,Cloud Architect,Chennai,Startup,Consulting,4500000
6.5,Bachelor's,QA Engineer,Ahmedabad,Startup,EdTech,693000
3.6,Bachelor's,Mechanical Engineer,Delhi NCR,MNC,Healthcare,1129000
1.5,Bachelor's,Mechanical Engineer,Pune,Enterprise,Manufacturing,734000
9.2,Bachelor's,Mechanical Engineer,Jaipur,Startup,Healthcare,569000
5.5,Bachelor's,Software Engineer,Delhi NCR,Enterprise,Manufacturing,1452000
2.2,Master's,UI/UX Designer,Bangalore,Startup,Manufacturing,743000
11.4,Bachelor's,Business Analyst,Mumbai,Enterprise,EdTech,1653000
15.7,Bachelor's,Chartered Accountant,Delhi NCR,SMB,Fintech,4440000
10.2,Bachelor's,Business Analyst,Pune,Mid-size,Manufacturing,1577000
3.2,Bachelor's,DevOps Engineer,Jaipur,Mid-size,E-commerce,972000
4.9,Bachelor's,DevOps Engineer,Delhi NCR,Startup,Consulting,1273000
7.9,Master's,Machine Learning Engineer,Mumbai,MNC,Healthcare,3551000
11.9,Master's,Business Analyst,Kolkata,Startup,Healthcare,1619000
8.1,Bachelor's,DevOps Engineer,Kolkata,MNC,Fintech,1971000
13.3,Bachelor's,Data Engineer,Delhi NCR,Startup,Manufacturing,2807000
8.1,Bachelor's,DevOps Engineer,Remote,Startup,Healthcare,1478000
12.0,Bachelor's,Data Engineer,Remote,Startup,Healthcare,2242000
5.3,Master's,Cybersecurity Analyst,Delhi NCR,SMB,Consulting,1504000
3.6,Bachelor's,Sales Manager,Ahmedabad,Mid-size,Consulting,922000
3.4,Master's,Civil Engineer,Bangalore,Mid-size,IT Services,675000
5.0,Bachelor's,Senior Software Engineer,Delhi NCR,Enterprise,Consulting,2500000
13.7,Bachelor's,Software Engineer,Delhi NCR,Mid-size,IT Services,2246000
6.3,Bachelor's,UI/UX Designer,Delhi NCR,Mid-size,EdTech,1096000
9.4,Bachelor's,QA Engineer,Jaipur,SMB,Product Company,1118000
6.5,PhD,Marketing Specialist,Chennai,Mid-size,Product Company,1422000
13.8,Bachelor's,DevOps Engineer,Delhi NCR,MNC,Healthcare,3511000
5.3,Master's,UI/UX Designer,Delhi NCR,SMB,Healthcare,997000
13.3,Master's,Cybersecurity Analyst,Kolkata,SMB,Consulting,2797000
5.3,Bachelor's,Cybersecurity Analyst,Pune,SMB,Consulting,1562000
6.0,Bachelor's,QA Engineer,Pune,SMB,Product Company,911000
3.9,Bachelor's,Data Engineer,Chennai,Mid-size,Manufacturing,1093000
7.9,Bachelor's,Data Scientist,Mumbai,Startup,Manufacturing,1525000
3.8,Master's,UI/UX Designer,Kolkata,Enterprise,Fintech,1094000
5.4,Bachelor's,QA Engineer,Remote,Startup,Product Company,792000
14.1,PhD,Senior Software Engineer,Mumbai,Startup,Consulting,4500000
9.4,Master's,HR Manager,Chennai,Startup,IT Services,1495000
12.2,Bachelor's,Cybersecurity Analyst,Pune,SMB,Fintech,3293000
9.9,Master's,Sales Manager,Ahmedabad,Enterprise,Product Company,2344000
9.3,Bachelor's,QA Engineer,Pune,MNC,Healthcare,1253000
7.6,PhD,Chartered Accountant,Chennai,SMB,IT Services,2093000
9.3,Bachelor's,Software Engineer,Mumbai,SMB,Manufacturing,1437000
5.9,PhD,HR Manager,Ahmedabad,Enterprise,IT Services,1021000
5.3,Master's,Machine Learning Engineer,Pune,Mid-size,Consulting,2600000
5.7,Master's,Civil Engineer,Pune,Mid-size,IT Services,802000
7.3,Bachelor's,Senior Software Engineer,Ahmedabad,SMB,Consulting,2044000
13.3,Master's,Cloud Architect,Chennai,Mid-size,Healthcare,4500000
2.7,Bachelor's,Data Engineer,Kolkata,Startup,IT Services,835000
13.9,Master's,Cybersecurity Analyst,Ahmedabad,SMB,EdTech,3160000
11.8,Bachelor's,Software Engineer,Pune,MNC,Healthcare,2764000
9.5,Bachelor's,Product Manager,Pune,Startup,Fintech,3180000
6.3,Bachelor's,Civil Engineer,Remote,SMB,EdTech,702000
9.6,Bachelor's,Machine Learning Engineer,Hyderabad,SMB,E-commerce,3085000
4.4,Bachelor's,HR Manager,Kolkata,Startup,Healthcare,760000
8.2,Master's,Sales Manager,Mumbai,MNC,IT Services,2486000
10.5,Bachelor's,HR Manager,Hyderabad,Startup,Product Company,1786000
11.0,Master's,Chartered Accountant,Remote,SMB,Consulting,2786000
14.9,Bachelor's,DevOps Engineer,Jaipur,Enterprise,Consulting,3101000
6.0,Master's,Chartered Accountant,Pune,Startup,Healthcare,1670000
0.5,Master's,UI/UX Designer,Ahmedabad,Startup,Healthcare,538000
8.1,Bachelor's,DevOps Engineer,Ahmedabad,SMB,Healthcare,1137000
3.7,Master's,Chartered Accountant,Chennai,Startup,Consulting,1502000
6.7,PhD,UI/UX Designer,Remote,Startup,Product Company,1241000
0.7,Master's,Sales Manager,Pune,Mid-size,Consulting,1191000
7.0,Bachelor's,Data Engineer,Bangalore,Startup,EdTech,1936000
6.3,Bachelor's,Cloud Architect,Jaipur,Mid-size,EdTech,2423000
6.1,Master's,HR Manager,Mumbai,MNC,Product Company,2354000
15.9,Bachelor's,Civil Engineer,Hyderabad,SMB,Manufacturing,1162000
0.7,Master's,QA Engineer,Remote,SMB,Fintech,735000
5.0,Bachelor's,Data Engineer,Delhi NCR,Startup,Product Company,1591000
2.5,Master's,Senior Software Engineer,Jaipur,Startup,Product Company,1725000
6.8,Bachelor's,Marketing Specialist,Jaipur,SMB,Consulting,917000
8.2,Bachelor's,Chartered Accountant,Mumbai,SMB,Fintech,2555000
6.0,PhD,HR Manager,Jaipur,Startup,Consulting,1295000
5.8,Master's,Data Engineer,Delhi NCR,SMB,E-commerce,2185000
14.4,Master's,HR Manager,Kolkata,Startup,Manufacturing,1920000
8.7,PhD,Mechanical Engineer,Pune,Mid-size,Fintech,1677000
2.0,Bachelor's,QA Engineer,Bangalore,SMB,IT Services,591000
7.5,Bachelor's,Mechanical Engineer,Hyderabad,Enterprise,Consulting,1339000
14.4,Bachelor's,Data Scientist,Mumbai,Mid-size,Fintech,4500000
2.2,Bachelor's,Sales Manager,Chennai,SMB,E-commerce,980000
4.9,Bachelor's,Cybersecurity Analyst,Jaipur,Mid-size,Consulting,1212000
5.1,PhD,UI/UX Designer,Hyderabad,Startup,Consulting,1201000
5.7,Bachelor's,Cybersecurity Analyst,Ahmedabad,Mid-size,E-commerce,1211000
3.9,Bachelor's,Civil Engineer,Ahmedabad,SMB,Product Company,627000
4.0,Bachelor's,Data Engineer,Jaipur,Mid-size,IT Services,850000
5.4,Bachelor's,Product Manager,Jaipur,Mid-size,Product Company,1805000
13.9,Bachelor's,Business Analyst,Bangalore,Mid-size,EdTech,2594000
9.2,Master's,Data Engineer,Pune,Mid-size,Consulting,3218000
4.3,Bachelor's,Data Engineer,Remote,Startup,IT Services,1052000
6.7,Master's,Cloud Architect,Kolkata,SMB,IT Services,2652000
9.6,Master's,QA Engineer,Pune,Startup,Product Company,1512000
5.5,Master's,Cloud Architect,Remote,SMB,E-commerce,3121000
11.2,Master's,HR Manager,Mumbai,Startup,Product Company,2468000
4.0,Bachelor's,QA Engineer,Pune,Mid-size,Healthcare,657000
5.2,Bachelor's,Civil Engineer,Jaipur,Mid-size,Fintech,689000
17.2,Bachelor's,Product Manager,Remote,Enterprise,Product Company,4500000
7.9,PhD,Business Analyst,Delhi NCR,Mid-size,Product Company,1933000
1.4,Master's,Cloud Architect,Kolkata,Enterprise,Product Company,2355000
10.5,Bachelor's,Data Engineer,Kolkata,Enterprise,E-commerce,2562000
9.6,Bachelor's,Cybersecurity Analyst,Pune,Startup,Product Company,2770000
8.2,Master's,Data Engineer,Chennai,Enterprise,Product Company,2787000
9.6,Master's,Civil Engineer,Bangalore,SMB,Fintech,1363000
14.3,Bachelor's,QA Engineer,Jaipur,SMB,Consulting,1407000
5.7,Master's,Mechanical Engineer,Jaipur,MNC,Fintech,1030000
6.4,Master's,Senior Software Engineer,Hyderabad,SMB,E-commerce,2463000
8.1,Master's,Product Manager,Kolkata,MNC,E-commerce,3575000
5.8,Bachelor's,Sales Manager,Bangalore,Enterprise,Consulting,1876000
7.2,Bachelor's,Product Manager,Bangalore,Enterprise,Product Company,3415000
14.2,PhD,Marketing Specialist,Kolkata,Mid-size,EdTech,2497000
1.3,Bachelor's,Data Engineer,Ahmedabad,Mid-size,Product Company,843000
9.2,Bachelor's,UI/UX Designer,Jaipur,SMB,EdTech,855000
7.5,Bachelor's,Data Engineer,Mumbai,SMB,IT Services,1666000
11.5,Bachelor's,Chartered Accountant,Remote,Enterprise,E-commerce,3191000
1.7,Master's,Sales Manager,Chennai,SMB,Product Company,1045000
3.4,Bachelor's,HR Manager,Mumbai,SMB,IT Services,853000
14.6,Master's,Senior Software Engineer,Mumbai,MNC,EdTech,4500000
16.1,Bachelor's,Mechanical Engineer,Ahmedabad,SMB,Healthcare,1692000
16.5,Bachelor's,Chartered Accountant,Mumbai,Enterprise,Consulting,4500000
5.5,Bachelor's,Chartered Accountant,Mumbai,SMB,IT Services,1535000
3.1,Master's,QA Engineer,Mumbai,Startup,EdTech,722000
2.3,Bachelor's,UI/UX Designer,Mumbai,Mid-size,Manufacturing,737000
6.4,Bachelor's,Data Engineer,Mumbai,SMB,IT Services,1886000
11.8,Master's,Chartered Accountant,Bangalore,Enterprise,Consulting,4500000
14.3,Bachelor's,Civil Engineer,Jaipur,Startup,E-commerce,1053000
14.4,Bachelor's,Chartered Accountant,Pune,Startup,Fintech,4108000
14.5,Bachelor's,HR Manager,Delhi NCR,Enterprise,Healthcare,3055000
8.9,Master's,Cybersecurity Analyst,Hyderabad,SMB,E-commerce,2230000
14.5,Bachelor's,DevOps Engineer,Chennai,Mid-size,Product Company,4057000
3.3,Bachelor's,Data Scientist,Pune,SMB,Manufacturing,1024000
2.7,Bachelor's,Chartered Accountant,Hyderabad,MNC,Consulting,1961000
4.2,Bachelor's,Data Scientist,Pune,MNC,Consulting,1665000
12.5,Bachelor's,Senior Software Engineer,Remote,Mid-size,EdTech,3195000
12.7,Bachelor's,UI/UX Designer,Jaipur,SMB,Healthcare,1252000
11.3,Bachelor's,Marketing Specialist,Ahmedabad,MNC,EdTech,1593000
8.2,Bachelor's,Marketing Specialist,Pune,Enterprise,Healthcare,1093000
1.5,Master's,DevOps Engineer,Kolkata,Mid-size,Fintech,992000
2.0,Bachelor's,QA Engineer,Jaipur,Mid-size,E-commerce,592000
5.2,Bachelor's,Chartered Accountant,Kolkata,SMB,Consulting,1480000
9.8,PhD,Mechanical Engineer,Jaipur,SMB,IT Services,1105000
2.7,Master's,Chartered Accountant,Pune,Mid-size,IT Services,1222000
3.1,Master's,Marketing Specialist,Delhi NCR,Mid-size,Consulting,1148000
10.9,Bachelor's,Senior Software Engineer,Mumbai,Mid-size,E-commerce,4053000
4.5,Bachelor's,Machine Learning Engineer,Ahmedabad,Enterprise,Product Company,1879000
5.7,Bachelor's,Machine Learning Engineer,Hyderabad,SMB,Consulting,2155000
10.8,Bachelor's,Data Scientist,Mumbai,Enterprise,Consulting,3573000
9.9,Bachelor's,Civil Engineer,Ahmedabad,SMB,Manufacturing,790000
10.0,Bachelor's,Sales Manager,Bangalore,MNC,Product Company,3314000
9.5,Bachelor's,Chartered Accountant,Pune,SMB,E-commerce,2547000
4.6,Master's,Cloud Architect,Ahmedabad,Startup,EdTech,2089000
9.0,Bachelor's,HR Manager,Pune,Mid-size,IT Services,1520000
13.9,Bachelor's,Chartered Accountant,Kolkata,Startup,Healthcare,2622000
4.8,Master's,Senior Software Engineer,Delhi NCR,Startup,IT Services,2001000
13.6,Master's,Civil Engineer,Delhi NCR,Enterprise,Fintech,2059000
4.8,Bachelor's,Senior Software Engineer,Mumbai,SMB,Healthcare,1859000
7.9,Bachelor's,UI/UX Designer,Jaipur,Enterprise,Manufacturing,818000
4.3,Bachelor's,Machine Learning Engineer,Ahmedabad,Startup,EdTech,1168000
1.6,Bachelor's,Data Engineer,Ahmedabad,SMB,Healthcare,783000
4.8,Master's,Software Engineer,Ahmedabad,SMB,IT Services,1051000
7.4,Bachelor's,Civil Engineer,Delhi NCR,SMB,Healthcare,889000
20.9,Bachelor's,UI/UX Designer,Hyderabad,SMB,Product Company,2988000
8.0,Bachelor's,Civil Engineer,Bangalore,SMB,IT Services,817000
5.9,Bachelor's,Business Analyst,Delhi NCR,SMB,Fintech,1309000
4.8,Bachelor's,Data Engineer,Jaipur,Startup,Consulting,1360000
16.0,Bachelor's,Marketing Specialist,Delhi NCR,Mid-size,Healthcare,2543000
8.2,PhD,HR Manager,Remote,SMB,Consulting,1469000
3.5,Master's,Product Manager,Chennai,SMB,Fintech,2124000
6.1,Bachelor's,QA Engineer,Kolkata,SMB,E-commerce,821000
15.3,Bachelor's,Cloud Architect,Bangalore,Enterprise,Product Company,4500000
2.8,Master's,Software Engineer,Ahmedabad,SMB,Consulting,875000
7.5,Bachelor's,Civil Engineer,Jaipur,MNC,Healthcare,807000
2.3,Bachelor's,Data Engineer,Chennai,SMB,Fintech,1257000
11.4,Master's,Product Manager,Remote,MNC,Consulting,4500000
10.9,Bachelor's,Marketing Specialist,Pune,SMB,Manufacturing,1173000
3.8,Bachelor's,Mechanical Engineer,Delhi NCR,Mid-size,Product Company,1049000
2.9,Bachelor's,HR Manager,Remote,SMB,EdTech,651000
9.7,Bachelor's,Business Analyst,Kolkata,MNC,IT Services,1271000
8.3,Bachelor's,Senior Software Engineer,Kolkata,SMB,IT Services,2177000
2.0,Master's,UI/UX Designer,Delhi NCR,Enterprise,Healthcare,927000
8.2,Bachelor's,Business Analyst,Chennai,Startup,IT Services,1162000
9.7,Bachelor's,Machine Learning Engineer,Mumbai,Mid-size,E-commerce,3651000
12.4,Master's,Data Engineer,Kolkata,Enterprise,Fintech,3923000
6.2,Bachelor's,Business Analyst,Bangalore,SMB,Fintech,1487000
10.7,Bachelor's,Civil Engineer,Chennai,Mid-size,Manufacturing,895000
5.2,Bachelor's,Software Engineer,Remote,Enterprise,Product Company,1371000
13.1,Master's,Sales Manager,Bangalore,Mid-size,Fintech,3827000
11.0,Bachelor's,Data Engineer,Delhi NCR,SMB,Manufacturing,2472000
4.7,Master's,DevOps Engineer,Kolkata,SMB,Manufacturing,983000
10.3,Master's,Product Manager,Bangalore,Enterprise,Fintech,4500000
6.8,Master's,Civil Engineer,Bangalore,SMB,Manufacturing,816000
3.7,PhD,Product Manager,Hyderabad,Mid-size,Healthcare,2156000
2.3,Master's,Cybersecurity Analyst,Pune,Startup,IT Services,961000
7.6,Master's,QA Engineer,Jaipur,MNC,Product Company,1263000
9.8,Master's,Chartered Accountant,Hyderabad,Mid-size,Manufacturing,2706000
9.6,Master's,Cybersecurity Analyst,Kolkata,SMB,Healthcare,1566000
6.9,Master's,Civil Engineer,Mumbai,Enterprise,E-commerce,1250000
9.6,PhD,Chartered Accountant,Chennai,Enterprise,IT Services,3481000
14.0,Bachelor's,Data Scientist,Remote,Startup,IT Services,2620000
1.1,Master's,Civil Engineer,Jaipur,SMB,IT Services,408000
7.9,Bachelor's,HR Manager,Bangalore,SMB,EdTech,1409000
1.2,Master's,Software Engineer,Bangalore,SMB,Fintech,1042000
12.4,Bachelor's,UI/UX Designer,Mumbai,SMB,E-commerce,1754000
5.6,Master's,DevOps Engineer,Jaipur,SMB,Healthcare,1316000
10.0,Master's,HR Manager,Ahmedabad,Startup,Product Company,1791000
2.5,PhD,Product Manager,Kolkata,Startup,Consulting,1478000
7.0,Bachelor's,Machine Learning Engineer,Jaipur,SMB,Healthcare,1470000
3.6,Master's,Senior Software Engineer,Hyderabad,Startup,Consulting,2097000
7.6,Master's,Mechanical Engineer,Ahmedabad,Mid-size,Healthcare,792000
11.9,PhD,Senior Software Engineer,Remote,Startup,E-commerce,4500000
3.5,PhD,Cloud Architect,Remote,Startup,Healthcare,2154000
10.7,Bachelor's,QA Engineer,Ahmedabad,Enterprise,EdTech,1212000
10.6,Bachelor's,Software Engineer,Kolkata,Mid-size,IT Services,1622000
3.1,Bachelor's,Machine Learning Engineer,Pune,Enterprise,IT Services,1614000
3.5,PhD,HR Manager,Ahmedabad,MNC,Healthcare,1213000
12.9,Bachelor's,UI/UX Designer,Pune,Mid-size,Product Company,2438000
5.1,Master's,Cloud Architect,Delhi NCR,Enterprise,IT Services,3575000
4.2,Master's,Civil Engineer,Hyderabad,Startup,Fintech,790000
11.6,Bachelor's,Senior Software Engineer,Mumbai,Mid-size,E-commerce,4500000
3.1,Bachelor's,DevOps Engineer,Bangalore,Mid-size,Product Company,1507000
4.0,Bachelor's,Civil Engineer,Delhi NCR,Mid-size,Fintech,813000
6.1,Master's,Marketing Specialist,Bangalore,Startup,E-commerce,1121000
7.0,Bachelor's,Business Analyst,Ahmedabad,MNC,Consulting,1310000
6.2,Bachelor's,HR Manager,Kolkata,SMB,E-commerce,1076000
9.5,Master's,Data Engineer,Kolkata,Enterprise,Manufacturing,2219000
12.2,Bachelor's,Marketing Specialist,Ahmedabad,MNC,Manufacturing,1773000
2.3,Master's,HR Manager,Ahmedabad,Enterprise,Product Company,1032000
7.4,Bachelor's,QA Engineer,Kolkata,SMB,Healthcare,795000
7.3,Bachelor's,UI/UX Designer,Kolkata,SMB,Product Company,959000
4.0,Bachelor's,Cybersecurity Analyst,Hyderabad,Mid-size,Fintech,1748000
3.6,Bachelor's,Senior Software Engineer,Ahmedabad,Mid-size,Manufacturing,1157000
3.6,Bachelor's,Business Analyst,Delhi NCR,SMB,Consulting,1145000
3.2,Master's,Sales Manager,Hyderabad,Mid-size,IT Services,1100000
5.3,Bachelor's,Product Manager,Delhi NCR,MNC,Fintech,2384000
5.1,Bachelor's,Sales Manager,Mumbai,SMB,IT Services,1261000
8.1,Bachelor's,Business Analyst,Hyderabad,Startup,Manufacturing,1067000
8.7,Bachelor's,Machine Learning Engineer,Chennai,Mid-size,Consulting,2764000
10.4,PhD,Data Scientist,Jaipur,Mid-size,Fintech,3145000
14.8,Bachelor's,QA Engineer,Bangalore,MNC,E-commerce,2859000
8.5,PhD,Machine Learning Engineer,Hyderabad,Enterprise,Fintech,4500000
0.8,Bachelor's,Product Manager,Remote,SMB,Product Company,1423000
1.0,Bachelor's,QA Engineer,Kolkata,Mid-size,Product Company,596000
5.7,Bachelor's,Software Engineer,Pune,Enterprise,Manufacturing,1251000
5.1,Bachelor's,Business Analyst,Mumbai,SMB,Fintech,1119000
11.3,Master's,Cloud Architect,Bangalore,Startup,Fintech,4500000
16.0,Bachelor's,Cloud Architect,Jaipur,Mid-size,Manufacturing,4500000
9.2,Bachelor's,Chartered Accountant,Kolkata,Startup,Manufacturing,1381000
1.9,Master's,Chartered Accountant,Pune,MNC,Consulting,1789000
8.6,Master's,Cloud Architect,Hyderabad,Startup,Manufacturing,3392000
12.7,PhD,Civil Engineer,Kolkata,SMB,Product Company,1676000
12.1,PhD,DevOps Engineer,Chennai,MNC,Fintech,3789000
3.9,Master's,Product Manager,Ahmedabad,Startup,IT Services,1460000
2.1,Master's,Chartered Accountant,Pune,Startup,Manufacturing,1003000
6.6,Master's,Senior Software Engineer,Remote,Startup,Product Company,2065000
5.7,Bachelor's,Product Manager,Hyderabad,MNC,Healthcare,2269000
11.2,Master's,Mechanical Engineer,Hyderabad,MNC,Product Company,2425000
8.0,Bachelor's,Chartered Accountant,Ahmedabad,SMB,EdTech,1662000
2.6,Master's,HR Manager,Chennai,Enterprise,Fintech,1212000
3.2,PhD,Civil Engineer,Mumbai,Enterprise,Healthcare,797000
12.4,Bachelor's,HR Manager,Ahmedabad,Startup,Consulting,1615000
9.6,Master's,UI/UX Designer,Chennai,SMB,E-commerce,1362000
8.6,PhD,Cloud Architect,Delhi NCR,Enterprise,Manufacturing,4500000
7.2,Bachelor's,Product Manager,Pune,Startup,Consulting,2412000
12.0,Bachelor's,Data Scientist,Ahmedabad,Mid-size,E-commerce,2880000
6.2,PhD,Data Scientist,Chennai,SMB,Healthcare,1517000
8.3,PhD,HR Manager,Jaipur,Mid-size,IT Services,1286000
6.8,Bachelor's,Machine Learning Engineer,Delhi NCR,Startup,Healthcare,2332000
10.0,Bachelor's,Cybersecurity Analyst,Pune,SMB,Healthcare,2110000
2.9,Master's,DevOps Engineer,Bangalore,Startup,E-commerce,1253000
10.4,Bachelor's,Cybersecurity Analyst,Pune,MNC,Healthcare,2459000
10.2,Bachelor's,UI/UX Designer,Ahmedabad,Startup,Manufacturing,1020000
1.4,Bachelor's,Senior Software Engineer,Pune,SMB,Healthcare,1502000
10.4,Bachelor's,Product Manager,Chennai,SMB,IT Services,2522000
4.2,Bachelor's,Marketing Specialist,Pune,SMB,IT Services,661000
8.9,Master's,Mechanical Engineer,Remote,Enterprise,EdTech,1381000
7.7,Master's,Cloud Architect,Remote,SMB,Manufacturing,3042000
6.2,Master's,Cloud Architect,Jaipur,Mid-size,IT Services,2602000
4.5,Bachelor's,Marketing Specialist,Ahmedabad,Mid-size,Healthcare,815000
6.0,Bachelor's,Business Analyst,Chennai,Enterprise,Product Company,1276000
6.6,Bachelor's,Senior Software Engineer,Bangalore,Enterprise,Healthcare,2810000
10.7,Bachelor's,Data Scientist,Bangalore,SMB,Fintech,3367000
2.7,Bachelor's,Product Manager,Delhi NCR,Enterprise,IT Services,1739000
15.8,Bachelor's,DevOps Engineer,Ahmedabad,Enterprise,EdTech,2907000
8.2,Bachelor's,Data Scientist,Hyderabad,MNC,Fintech,2811000
11.9,Bachelor's,Mechanical Engineer,Chennai,MNC,Manufacturing,1481000
7.8,Master's,UI/UX Designer,Remote,Enterprise,E-commerce,1675000
1.2,Master's,Sales Manager,Jaipur,SMB,E-commerce,696000
7.0,PhD,Software Engineer,Chennai,SMB,E-commerce,1654000
1.6,Master's,Business Analyst,Chennai,Enterprise,EdTech,933000
2.7,Bachelor's,UI/UX Designer,Bangalore,MNC,Consulting,991000
2.8,Bachelor's,Data Engineer,Bangalore,Startup,Fintech,1419000
8.2,Bachelor's,HR Manager,Mumbai,Mid-size,Product Company,1583000
20.0,Bachelor's,UI/UX Designer,Jaipur,Startup,Fintech,2086000
14.7,Bachelor's,UI/UX Designer,Bangalore,SMB,Fintech,2632000
17.5,Bachelor's,Chartered Accountant,Ahmedabad,SMB,Fintech,3955000
8.9,Bachelor's,Business Analyst,Pune,SMB,EdTech,1218000
1.6,Bachelor's,Business Analyst,Bangalore,Mid-size,E-commerce,903000
2.1,Master's,Data Scientist,Bangalore,Startup,EdTech,1182000
5.8,Master's,Sales Manager,Kolkata,Mid-size,Consulting,1572000
12.7,Master's,Software Engineer,Bangalore,Mid-size,Fintech,3831000
8.1,Master's,Machine Learning Engineer,Chennai,Enterprise,Fintech,3051000
4.7,Bachelor's,Business Analyst,Remote,Startup,Manufacturing,633000
4.9,Bachelor's,Business Analyst,Chennai,SMB,Product Company,1013000
10.6,Master's,Software Engineer,Mumbai,Mid-size,Product Company,3029000
6.6,Bachelor's,QA Engineer,Jaipur,Mid-size,E-commerce,776000
11.0,Bachelor's,HR Manager,Bangalore,SMB,IT Services,1751000
5.3,Bachelor's,Senior Software Engineer,Pune,SMB,Fintech,2879000
8.9,PhD,UI/UX Designer,Hyderabad,MNC,Consulting,2176000
5.0,Master's,Data Engineer,Bangalore,SMB,Consulting,2236000
6.6,Bachelor's,Cloud Architect,Remote,Startup,E-commerce,2699000
1.7,Master's,Data Engineer,Pune,MNC,Consulting,1364000
13.4,Bachelor's,Product Manager,Bangalore,Enterprise,Healthcare,4500000
13.1,Bachelor's,Data Scientist,Remote,SMB,Fintech,3693000
10.1,Bachelor's,Civil Engineer,Remote,Enterprise,IT Services,1029000
13.7,Bachelor's,HR Manager,Pune,SMB,Product Company,2793000
6.5,Master's,Product Manager,Delhi NCR,Enterprise,EdTech,2981000
11.1,Bachelor's,Senior Software Engineer,Kolkata,Mid-size,Healthcare,2877000
7.2,Master's,Data Scientist,Delhi NCR,SMB,Manufacturing,1939000
14.9,Bachelor's,Chartered Accountant,Ahmedabad,MNC,Manufacturing,3400000
9.0,Master's,Civil Engineer,Pune,Enterprise,Product Company,1397000
6.1,Master's,UI/UX Designer,Jaipur,Startup,E-commerce,897000
4.3,Master's,Civil Engineer,Chennai,Mid-size,Manufacturing,630000
2.2,Master's,DevOps Engineer,Bangalore,Enterprise,Consulting,1713000
17.1,PhD,Business Analyst,Kolkata,Mid-size,Consulting,3235000
5.8,Bachelor's,Data Scientist,Bangalore,SMB,EdTech,1499000
8.7,Master's,QA Engineer,Jaipur,SMB,Healthcare,799000
4.3,Master's,Sales Manager,Remote,MNC,Manufacturing,1177000
10.4,Bachelor's,HR Manager,Hyderabad,SMB,Manufacturing,1814000
10.3,Bachelor's,Marketing Specialist,Chennai,Mid-size,IT Services,1278000
8.4,Bachelor's,Cybersecurity Analyst,Mumbai,Mid-size,EdTech,2134000
8.6,Bachelor's,Sales Manager,Bangalore,Startup,Manufacturing,1280000
13.9,Bachelor's,Cybersecurity Analyst,Kolkata,Startup,Product Company,2645000
5.5,Bachelor's,Business Analyst,Bangalore,Startup,Consulting,1119000
4.5,Master's,QA Engineer,Bangalore,Startup,Fintech,1143000
6.2,Bachelor's,Machine Learning Engineer,Jaipur,Enterprise,Consulting,1738000
7.0,Master's,Software Engineer,Pune,Startup,Manufacturing,1165000
12.5,Bachelor's,Mechanical Engineer,Remote,SMB,Healthcare,1424000
10.3,Master's,UI/UX Designer,Chennai,Mid-size,Manufacturing,1613000
9.9,Bachelor's,Civil Engineer,Chennai,Enterprise,E-commerce,1236000
12.3,Bachelor's,Data Scientist,Delhi NCR,Startup,Product Company,3752000
3.9,Bachelor's,Business Analyst,Mumbai,SMB,EdTech,823000
5.2,Master's,DevOps Engineer,Pune,Mid-size,Product Company,1636000
3.4,Bachelor's,Civil Engineer,Ahmedabad,Mid-size,Fintech,545000
9.5,PhD,Product Manager,Kolkata,Mid-size,Healthcare,2974000
10.9,Bachelor's,Cybersecurity Analyst,Bangalore,Startup,E-commerce,2595000
4.1,Bachelor's,Senior Software Engineer,Mumbai,Enterprise,E-commerce,2143000
7.5,Bachelor's,QA Engineer,Jaipur,Mid-size,Product Company,972000
2.1,Master's,Business Analyst,Delhi NCR,Enterprise,Fintech,1148000
12.3,Bachelor's,Data Engineer,Pune,MNC,Healthcare,3540000
9.0,Bachelor's,Data Engineer,Pune,Enterprise,Consulting,3023000
5.1,Bachelor's,Senior Software Engineer,Hyderabad,Startup,IT Services,1593000
8.8,Bachelor's,Software Engineer,Jaipur,Mid-size,E-commerce,1618000
14.6,Bachelor's,Data Scientist,Mumbai,Mid-size,E-commerce,4500000
3.2,PhD,Machine Learning Engineer,Pune,Startup,EdTech,1489000
8.6,Bachelor's,Marketing Specialist,Bangalore,SMB,EdTech,1419000
0.9,Bachelor's,DevOps Engineer,Jaipur,Startup,E-commerce,599000
4.0,PhD,HR Manager,Mumbai,MNC,Fintech,2120000
7.9,Bachelor's,Senior Software Engineer,Ahmedabad,Enterprise,Consulting,2807000
8.8,Bachelor's,QA Engineer,Ahmedabad,Mid-size,Product Company,957000
4.3,Master's,Sales Manager,Mumbai,Enterprise,Healthcare,1303000
4.1,PhD,Software Engineer,Delhi NCR,Mid-size,Consulting,1499000
6.1,Master's,QA Engineer,Hyderabad,Enterprise,EdTech,1216000
11.8,Bachelor's,Senior Software Engineer,Kolkata,SMB,E-commerce,3287000
8.9,PhD,Mechanical Engineer,Kolkata,SMB,Consulting,1295000
11.0,Bachelor's,UI/UX Designer,Pune,Mid-size,Product Company,1930000
5.5,PhD,Civil Engineer,Hyderabad,Enterprise,Manufacturing,760000
7.3,Master's,Cybersecurity Analyst,Mumbai,Enterprise,IT Services,2231000
8.1,PhD,Cloud Architect,Kolkata,MNC,Manufacturing,4500000
10.5,Bachelor's,Data Scientist,Chennai,Enterprise,Fintech,3403000
9.3,Bachelor's,Data Scientist,Bangalore,SMB,IT Services,2080000
3.8,Master's,Software Engineer,Chennai,SMB,IT Services,874000
3.7,Bachelor's,Cloud Architect,Ahmedabad,SMB,EdTech,1604000
4.0,Bachelor's,Marketing Specialist,Hyderabad,Mid-size,Manufacturing,678000
11.3,PhD,Product Manager,Delhi NCR,Mid-size,Healthcare,4500000
2.9,Master's,Data Scientist,Jaipur,Startup,IT Services,850000
7.5,Bachelor's,Senior Software Engineer,Mumbai,SMB,Healthcare,2723000
1.9,Bachelor's,Business Analyst,Bangalore,Enterprise,E-commerce,1069000
10.7,Bachelor's,Machine Learning Engineer,Remote,SMB,Healthcare,2776000
4.8,Bachelor's,Marketing Specialist,Bangalore,Mid-size,IT Services,836000
3.2,Bachelor's,Product Manager,Bangalore,SMB,Consulting,1933000
7.4,Master's,Data Scientist,Pune,Mid-size,EdTech,1932000
5.1,Master's,DevOps Engineer,Ahmedabad,Mid-size,Product Company,1588000
11.4,Bachelor's,Business Analyst,Kolkata,SMB,Manufacturing,1111000
3.7,Bachelor's,Software Engineer,Pune,Enterprise,Healthcare,1033000
10.6,Master's,Data Scientist,Bangalore,Mid-size,E-commerce,3454000
1.4,Master's,HR Manager,Remote,SMB,EdTech,847000
5.4,Master's,Product Manager,Bangalore,Enterprise,Healthcare,2122000
9.9,Bachelor's,Marketing Specialist,Remote,Enterprise,Consulting,1915000
6.9,Master's,Chartered Accountant,Delhi NCR,Mid-size,IT Services,1958000
14.4,Bachelor's,Data Scientist,Hyderabad,Startup,Healthcare,3420000
4.3,Bachelor's,Sales Manager,Mumbai,SMB,Product Company,1422000
5.5,Master's,Mechanical Engineer,Mumbai,SMB,IT Services,978000
5.6,Bachelor's,Software Engineer,Hyderabad,SMB,E-commerce,1366000
3.9,Bachelor's,Cloud Architect,Delhi NCR,Mid-size,Fintech,3108000
12.5,Bachelor's,Data Scientist,Kolkata,MNC,Consulting,4304000
8.1,Bachelor's,Software Engineer,Delhi NCR,Startup,Manufacturing,1350000
5.2,Bachelor's,Cloud Architect,Kolkata,Enterprise,IT Services,2297000
8.3,Master's,Machine Learning Engineer,Remote,Mid-size,E-commerce,2765000
12.5,Bachelor's,Chartered Accountant,Hyderabad,Mid-size,E-commerce,3465000
7.1,Bachelor's,DevOps Engineer,Ahmedabad,Enterprise,Healthcare,1560000
4.9,Master's,Marketing Specialist,Pune,SMB,Healthcare,1081000
3.8,Bachelor's,Software Engineer,Bangalore,Mid-size,Fintech,1425000
5.8,PhD,Cybersecurity Analyst,Mumbai,SMB,EdTech,1286000
6.3,Bachelor's,Sales Manager,Mumbai,SMB,Healthcare,1059000
6.8,Bachelor's,Data Scientist,Remote,Mid-size,EdTech,1595000
2.2,Bachelor's,Business Analyst,Mumbai,Startup,EdTech,718000
4.4,Master's,Chartered Accountant,Ahmedabad,SMB,Consulting,1460000
1.5,Bachelor's,Cybersecurity Analyst,Remote,Startup,Healthcare,816000
8.0,PhD,Mechanical Engineer,Mumbai,Startup,Healthcare,1427000
11.5,Bachelor's,Business Analyst,Hyderabad,SMB,Consulting,1970000
3.3,Bachelor's,DevOps Engineer,Remote,Startup,Consulting,859000
10.6,Bachelor's,UI/UX Designer,Delhi NCR,Startup,Fintech,1459000
9.5,Bachelor's,Business Analyst,Delhi NCR,Mid-size,IT Services,1479000
13.9,Bachelor's,HR Manager,Ahmedabad,Mid-size,Healthcare,2041000
8.1,Bachelor's,Business Analyst,Mumbai,MNC,Healthcare,1487000
6.8,Bachelor's,Cybersecurity Analyst,Chennai,MNC,E-commerce,2129000
11.5,Master's,Data Engineer,Remote,Enterprise,Product Company,3393000
5.7,Bachelor's,Product Manager,Bangalore,Mid-size,Fintech,2054000
5.0,Bachelor's,Product Manager,Ahmedabad,SMB,EdTech,1362000
5.7,Bachelor's,Civil Engineer,Mumbai,Startup,Fintech,934000
8.9,Bachelor's,Machine Learning Engineer,Chennai,MNC,IT Services,3330000
10.8,Bachelor's,Business Analyst,Remote,MNC,Product Company,1938000
7.0,Master's,Sales Manager,Kolkata,Mid-size,Fintech,1422000
1.7,Bachelor's,Senior Software Engineer,Delhi NCR,Mid-size,Manufacturing,1478000
9.8,Master's,Sales Manager,Remote,Startup,IT Services,1553000
9.6,Bachelor's,Mechanical Engineer,Kolkata,Startup,Manufacturing,925000
5.1,Bachelor's,Business Analyst,Hyderabad,Mid-size,Manufacturing,979000
10.7,Master's,Data Engineer,Bangalore,Startup,Healthcare,3139000
14.8,Bachelor's,UI/UX Designer,Mumbai,SMB,IT Services,1887000
8.3,Bachelor's,Cybersecurity Analyst,Ahmedabad,Enterprise,EdTech,1726000
4.1,PhD,Software Engineer,Delhi NCR,Enterprise,Consulting,2008000
4.1,PhD,Cybersecurity Analyst,Hyderabad,Enterprise,Manufacturing,1543000
6.9,Master's,UI/UX Designer,Remote,SMB,IT Services,958000
2.3,Bachelor's,Software Engineer,Hyderabad,SMB,Healthcare,783000
9.8,Bachelor's,Mechanical Engineer,Bangalore,Mid-size,Healthcare,1182000
3.7,PhD,Data Scientist,Mumbai,Mid-size,Consulting,1743000
13.0,PhD,Data Engineer,Hyderabad,MNC,Consulting,4500000
2.6,Bachelor's,Civil Engineer,Chennai,SMB,Healthcare,437000
3.8,Bachelor's,Chartered Accountant,Delhi NCR,Startup,EdTech,1121000
7.1,Bachelor's,Cybersecurity Analyst,Remote,SMB,Manufacturing,948000
4.4,Bachelor's,Sales Manager,Hyderabad,Mid-size,IT Services,1018000
8.3,Master's,Data Engineer,Pune,SMB,EdTech,2373000
10.7,Bachelor's,Marketing Specialist,Kolkata,SMB,IT Services,1072000
6.9,Bachelor's,HR Manager,Kolkata,SMB,Fintech,1152000
4.3,Bachelor's,UI/UX Designer,Mumbai,SMB,Fintech,1061000
8.6,Bachelor's,Business Analyst,Remote,Mid-size,Healthcare,1419000
3.5,Bachelor's,Machine Learning Engineer,Jaipur,Startup,E-commerce,1385000
9.0,Bachelor's,HR Manager,Kolkata,Enterprise,Manufacturing,1286000
0.7,Bachelor's,Chartered Accountant,Ahmedabad,Mid-size,Manufacturing,740000
9.0,PhD,Sales Manager,Chennai,Startup,Consulting,2031000
1.6,Bachelor's,Cybersecurity Analyst,Delhi NCR,Startup,Fintech,1085000
8.0,Bachelor's,Machine Learning Engineer,Chennai,Startup,Product Company,2517000
13.1,Bachelor's,Chartered Accountant,Jaipur,Startup,EdTech,2322000
8.7,Bachelor's,Senior Software Engineer,Bangalore,Mid-size,IT Services,2951000
3.6,Bachelor's,Cybersecurity Analyst,Hyderabad,MNC,Product Company,1611000
4.8,Bachelor's,DevOps Engineer,Delhi NCR,Startup,E-commerce,1023000
4.0,Bachelor's,UI/UX Designer,Chennai,SMB,Manufacturing,608000
5.2,Bachelor's,Senior Software Engineer,Hyderabad,Enterprise,Product Company,3254000
6.1,Master's,Data Scientist,Kolkata,Mid-size,Healthcare,1731000
6.2,Bachelor's,Product Manager,Bangalore,SMB,E-commerce,2668000
17.3,Bachelor's,Business Analyst,Pune,SMB,EdTech,2318000
12.4,Bachelor's,Civil Engineer,Delhi NCR,Startup,E-commerce,1186000
8.7,Bachelor's,Data Engineer,Bangalore,SMB,Consulting,2891000
7.7,Bachelor's,Software Engineer,Kolkata,MNC,E-commerce,1497000
9.9,Bachelor's,Chartered Accountant,Chennai,Mid-size,Healthcare,2367000
3.8,Bachelor's,Data Engineer,Chennai,SMB,Product Company,1684000
6.7,Bachelor's,Mechanical Engineer,Chennai,MNC,Product Company,1419000
11.4,PhD,Chartered Accountant,Kolkata,SMB,Consulting,3128000
13.1,PhD,QA Engineer,Kolkata,Startup,E-commerce,1813000
11.2,PhD,Machine Learning Engineer,Kolkata,MNC,Fintech,4500000
11.7,Bachelor's,UI/UX Designer,Pune,Mid-size,Manufacturing,1502000
6.1,Bachelor's,Sales Manager,Kolkata,Enterprise,Healthcare,1372000
2.5,Bachelor's,Software Engineer,Hyderabad,Startup,Product Company,761000
6.8,Bachelor's,HR Manager,Bangalore,SMB,Fintech,1584000
9.9,Bachelor's,Product Manager,Remote,MNC,Manufacturing,2908000
5.9,Bachelor's,Cybersecurity Analyst,Hyderabad,Startup,E-commerce,1423000
11.2,Bachelor's,HR Manager,Hyderabad,Enterprise,IT Services,2028000
3.5,Bachelor's,Civil Engineer,Mumbai,Enterprise,Consulting,785000
7.9,Bachelor's,Marketing Specialist,Remote,SMB,IT Services,943000
12.0,Master's,Cloud Architect,Jaipur,Enterprise,Product Company,4500000
12.6,Bachelor's,QA Engineer,Ahmedabad,MNC,Healthcare,1517000
0.4,Master's,QA Engineer,Hyderabad,Enterprise,Healthcare,683000
5.5,Bachelor's,Civil Engineer,Kolkata,SMB,Product Company,698000
10.2,Bachelor's,Software Engineer,Jaipur,Mid-size,Fintech,1750000
10.3,Bachelor's,Software Engineer,Mumbai,SMB,Consulting,2177000
2.9,Bachelor's,Data Scientist,Pune,Startup,Manufacturing,834000
4.9,Bachelor's,HR Manager,Jaipur,MNC,EdTech,1134000
8.2,Bachelor's,QA Engineer,Hyderabad,MNC,Consulting,1461000
2.9,Master's,Sales Manager,Remote,Startup,Product Company,1062000
8.0,Bachelor's,Senior Software Engineer,Delhi NCR,Mid-size,IT Services,2756000
19.1,Bachelor's,Software Engineer,Ahmedabad,MNC,IT Services,3136000
14.4,PhD,Cybersecurity Analyst,Mumbai,Mid-size,EdTech,4500000
8.6,Bachelor's,Sales Manager,Ahmedabad,Startup,Product Company,1628000
7.5,Bachelor's,Business Analyst,Remote,Startup,E-commerce,1107000
7.2,Bachelor's,Senior Software Engineer,Delhi NCR,Mid-size,Consulting,3237000
5.1,Bachelor's,UI/UX Designer,Pune,MNC,IT Services,1052000
10.9,Bachelor's,Cybersecurity Analyst,Bangalore,SMB,Healthcare,2142000
11.9,Bachelor's,Machine Learning Engineer,Remote,SMB,Fintech,4047000
8.9,Master's,Cloud Architect,Remote,Enterprise,EdTech,3679000
5.3,Bachelor's,Marketing Specialist,Kolkata,Enterprise,E-commerce,643000
4.1,Bachelor's,Machine Learning Engineer,Bangalore,MNC,IT Services,2123000
10.9,Bachelor's,Senior Software Engineer,Jaipur,Enterprise,EdTech,3191000
8.0,PhD,Cybersecurity Analyst,Delhi NCR,Mid-size,Fintech,2890000
9.3,Master's,Software Engineer,Pune,MNC,E-commerce,2977000
8.1,PhD,Business Analyst,Mumbai,Mid-size,Product Company,2181000
8.7,Master's,Data Engineer,Remote,Mid-size,Consulting,2478000
6.7,Master's,Senior Software Engineer,Ahmedabad,Startup,IT Services,1975000
7.3,Bachelor's,Cybersecurity Analyst,Chennai,SMB,Healthcare,1358000
7.5,PhD,Mechanical Engineer,Ahmedabad,Startup,Consulting,1068000
12.2,Bachelor's,HR Manager,Jaipur,Enterprise,Healthcare,1797000
18.5,Bachelor's,DevOps Engineer,Kolkata,Startup,EdTech,2800000
7.0,Master's,Cloud Architect,Mumbai,SMB,EdTech,3558000
12.3,Bachelor's,Cybersecurity Analyst,Bangalore,MNC,Fintech,4099000
10.6,Bachelor's,Data Engineer,Hyderabad,Enterprise,Consulting,3038000
10.0,Bachelor's,Data Engineer,Pune,Enterprise,Manufacturing,2250000
13.8,Bachelor's,Cloud Architect,Ahmedabad,Mid-size,Fintech,4500000
8.9,Master's,Senior Software Engineer,Bangalore,Startup,E-commerce,3498000
16.7,Bachelor's,Software Engineer,Hyderabad,SMB,Consulting,3541000
7.9,Master's,HR Manager,Remote,Enterprise,Manufacturing,1224000
6.2,Bachelor's,Business Analyst,Delhi NCR,Enterprise,Product Company,1928000
10.5,Master's,UI/UX Designer,Hyderabad,SMB,Manufacturing,1325000
10.3,Bachelor's,Cybersecurity Analyst,Jaipur,SMB,Fintech,1723000
8.6,PhD,Machine Learning Engineer,Remote,SMB,Manufacturing,2459000
2.1,Bachelor's,Product Manager,Chennai,Mid-size,Healthcare,1237000
8.5,Bachelor's,Business Analyst,Hyderabad,SMB,E-commerce,1486000
17.4,Bachelor's,Senior Software Engineer,Kolkata,Startup,Fintech,4226000
17.8,Bachelor's,Data Engineer,Jaipur,SMB,IT Services,3303000
7.7,Bachelor's,Machine Learning Engineer,Remote,Mid-size,Healthcare,2316000
9.2,Master's,Software Engineer,Chennai,Mid-size,Fintech,2198000
6.2,PhD,Cybersecurity Analyst,Remote,SMB,Healthcare,1324000
8.8,Master's,Cloud Architect,Jaipur,SMB,Fintech,3505000
10.2,Bachelor's,Sales Manager,Hyderabad,SMB,Product Company,2333000
8.9,Bachelor's,QA Engineer,Kolkata,Mid-size,Consulting,944000
10.1,Master's,Software Engineer,Kolkata,SMB,Manufacturing,1345000
5.6,Master's,Sales Manager,Ahmedabad,MNC,EdTech,1577000
5.5,Bachelor's,Software Engineer,Chennai,SMB,Consulting,1212000
7.8,PhD,Cloud Architect,Ahmedabad,Enterprise,Consulting,4500000
5.2,Bachelor's,Sales Manager,Chennai,SMB,Healthcare,1118000
6.8,Master's,Business Analyst,Pune,Mid-size,E-commerce,1454000
13.7,PhD,Product Manager,Delhi NCR,Mid-size,Product Company,4500000
8.1,Master's,Machine Learning Engineer,Remote,Startup,Fintech,2794000
2.1,Bachelor's,Business Analyst,Jaipur,SMB,E-commerce,656000
2.8,Bachelor's,Cloud Architect,Kolkata,Startup,Healthcare,1617000
10.2,Bachelor's,HR Manager,Mumbai,Mid-size,IT Services,1969000
10.9,Master's,Sales Manager,Pune,MNC,Fintech,3438000
7.0,Bachelor's,Chartered Accountant,Pune,Mid-size,EdTech,1684000
1.5,Master's,Product Manager,Mumbai,Mid-size,Product Company,2213000
15.0,PhD,HR Manager,Remote,SMB,Manufacturing,2466000
3.1,Bachelor's,Cloud Architect,Chennai,SMB,Product Company,2220000
14.7,Bachelor's,Cloud Architect,Mumbai,Enterprise,IT Services,4500000
7.8,Master's,Cloud Architect,Jaipur,Startup,Manufacturing,2519000
13.8,Bachelor's,Data Engineer,Mumbai,Startup,Manufacturing,2689000
4.9,Bachelor's,Cybersecurity Analyst,Ahmedabad,SMB,E-commerce,1166000
9.5,Bachelor's,Senior Software Engineer,Kolkata,SMB,Product Company,3497000
5.5,Bachelor's,Data Engineer,Mumbai,MNC,EdTech,2117000
11.8,Master's,HR Manager,Remote,Startup,EdTech,1795000
13.7,Bachelor's,Business Analyst,Kolkata,Startup,E-commerce,1517000
6.4,Bachelor's,Sales Manager,Remote,Startup,Product Company,1599000
14.3,Bachelor's,Cybersecurity Analyst,Bangalore,SMB,Healthcare,3200000
12.2,Bachelor's,HR Manager,Pune,SMB,Manufacturing,1498000
9.9,Bachelor's,Cybersecurity Analyst,Mumbai,Startup,Manufacturing,1819000
10.1,Master's,UI/UX Designer,Kolkata,Startup,Healthcare,1300000
12.2,Bachelor's,Software Engineer,Jaipur,Startup,Manufacturing,1580000
2.1,Bachelor's,Mechanical Engineer,Hyderabad,Enterprise,Consulting,817000
4.9,PhD,Product Manager,Hyderabad,Mid-size,Fintech,2915000
5.9,Bachelor's,Chartered Accountant,Kolkata,Enterprise,Healthcare,1549000
8.8,Master's,DevOps Engineer,Mumbai,Startup,Fintech,2564000
11.3,Bachelor's,Business Analyst,Kolkata,SMB,Healthcare,1422000
13.5,Bachelor's,Mechanical Engineer,Bangalore,MNC,Fintech,2764000
14.5,Bachelor's,Data Scientist,Chennai,Startup,Product Company,4378000
7.8,Master's,DevOps Engineer,Bangalore,SMB,E-commerce,1897000
8.9,Master's,Mechanical Engineer,Remote,SMB,Consulting,1336000
1.6,Bachelor's,Cloud Architect,Hyderabad,Startup,Fintech,2063000
7.2,Bachelor's,HR Manager,Hyderabad,Mid-size,Manufacturing,1205000
3.5,Bachelor's,QA Engineer,Hyderabad,Mid-size,Healthcare,694000
1.9,Bachelor's,Mechanical Engineer,Pune,SMB,Manufacturing,558000
3.2,Master's,QA Engineer,Delhi NCR,SMB,IT Services,670000
12.3,Master's,Software Engineer,Kolkata,SMB,Healthcare,2560000
4.5,PhD,Mechanical Engineer,Remote,SMB,EdTech,989000
9.5,Bachelor's,Business Analyst,Jaipur,Enterprise,Fintech,1661000
0.9,Master's,Product Manager,Bangalore,Mid-size,Manufacturing,1333000
3.6,Bachelor's,Marketing Specialist,Delhi NCR,SMB,Healthcare,697000
9.2,Bachelor's,Cloud Architect,Jaipur,SMB,Healthcare,2822000
16.4,PhD,Business Analyst,Hyderabad,Enterprise,Healthcare,3597000
6.0,Bachelor's,Data Engineer,Kolkata,SMB,Healthcare,1115000
10.6,Master's,Data Engineer,Delhi NCR,MNC,Manufacturing,3528000
0.8,Master's,Marketing Specialist,Hyderabad,Enterprise,Product Company,1071000
7.8,PhD,Senior Software Engineer,Bangalore,SMB,Product Company,3347000
10.0,Bachelor's,HR Manager,Pune,Enterprise,Product Company,2116000
11.6,Bachelor's,Data Engineer,Bangalore,Startup,EdTech,3152000
11.6,Master's,Cybersecurity Analyst,Hyderabad,Startup,E-commerce,3018000
8.5,Master's,Civil Engineer,Chennai,MNC,EdTech,1126000
7.3,Bachelor's,UI/UX Designer,Ahmedabad,Enterprise,EdTech,1070000
6.5,Master's,Software Engineer,Chennai,SMB,IT Services,1177000
4.1,Bachelor's,Data Scientist,Ahmedabad,Enterprise,Product Company,1428000
13.0,Bachelor's,HR Manager,Bangalore,Startup,Manufacturing,1723000
7.7,Master's,HR Manager,Mumbai,Enterprise,E-commerce,2039000
2.3,Bachelor's,Senior Software Engineer,Kolkata,MNC,IT Services,1625000
3.7,Bachelor's,Sales Manager,Bangalore,Enterprise,Manufacturing,1081000
3.6,PhD,Cybersecurity Analyst,Chennai,SMB,E-commerce,1497000
6.9,Master's,Data Scientist,Hyderabad,SMB,IT Services,1794000
0.4,Master's,Mechanical Engineer,Delhi NCR,Enterprise,E-commerce,939000
5.8,Bachelor's,UI/UX Designer,Kolkata,SMB,EdTech,728000
10.4,PhD,DevOps Engineer,Remote,MNC,IT Services,3179000
2.4,Bachelor's,Data Engineer,Bangalore,SMB,EdTech,1266000
1.5,Bachelor's,Chartered Accountant,Chennai,Startup,Consulting,1095000
11.6,Bachelor's,Machine Learning Engineer,Chennai,SMB,Product Company,4077000
5.7,Master's,Cybersecurity Analyst,Bangalore,Mid-size,Product Company,2097000
7.0,PhD,Marketing Specialist,Kolkata,Startup,Consulting,1089000
8.9,Master's,Cybersecurity Analyst,Bangalore,SMB,Fintech,2741000
13.9,Master's,Cybersecurity Analyst,Kolkata,MNC,Fintech,3915000
13.0,Bachelor's,Marketing Specialist,Pune,Startup,E-commerce,1719000
8.4,Bachelor's,DevOps Engineer,Hyderabad,Mid-size,E-commerce,1865000
2.1,Bachelor's,Senior Software Engineer,Bangalore,SMB,EdTech,1657000
4.7,Bachelor's,HR Manager,Delhi NCR,Mid-size,EdTech,1173000
10.6,Bachelor's,Cloud Architect,Pune,SMB,EdTech,4500000
6.3,Master's,HR Manager,Delhi NCR,Enterprise,Product Company,1907000
5.2,Master's,DevOps Engineer,Jaipur,SMB,Manufacturing,896000
0.9,Master's,DevOps Engineer,Jaipur,Mid-size,EdTech,682000
10.9,Bachelor's,Software Engineer,Ahmedabad,Startup,Consulting,1715000
12.9,Bachelor's,Business Analyst,Delhi NCR,SMB,EdTech,2240000
13.2,Bachelor's,HR Manager,Hyderabad,Startup,Manufacturing,1823000
16.6,Bachelor's,Chartered Accountant,Delhi NCR,Mid-size,Healthcare,4399000
5.7,Bachelor's,Cloud Architect,Bangalore,SMB,E-commerce,3184000
10.0,Bachelor's,Business Analyst,Hyderabad,Enterprise,IT Services,1688000
4.4,Bachelor's,Sales Manager,Mumbai,SMB,E-commerce,1351000
4.5,Master's,HR Manager,Kolkata,Mid-size,IT Services,1090000
6.3,Bachelor's,Data Engineer,Ahmedabad,Startup,Consulting,1473000
8.9,Bachelor's,Machine Learning Engineer,Kolkata,Mid-size,E-commerce,2652000
6.3,Bachelor's,Product Manager,Pune,MNC,IT Services,2449000
4.9,Bachelor's,Marketing Specialist,Ahmedabad,SMB,Fintech,797000
10.8,Bachelor's,Software Engineer,Remote,Startup,Consulting,1811000
4.8,Bachelor's,Data Engineer,Kolkata,Mid-size,Product Company,1484000
12.7,Bachelor's,Marketing Specialist,Ahmedabad,Startup,IT Services,1243000
11.2,Bachelor's,Product Manager,Jaipur,SMB,Product Company,3484000
4.6,PhD,QA Engineer,Ahmedabad,Startup,IT Services,658000
10.2,Bachelor's,Sales Manager,Jaipur,SMB,Healthcare,1373000
6.5,Bachelor's,Data Engineer,Pune,Enterprise,Healthcare,1918000
2.6,Bachelor's,Software Engineer,Mumbai,Startup,Product Company,945000
7.9,Bachelor's,Data Engineer,Hyderabad,SMB,Healthcare,2039000
9.7,Bachelor's,DevOps Engineer,Hyderabad,SMB,IT Services,1743000
6.6,Master's,Marketing Specialist,Chennai,SMB,E-commerce,1041000
4.9,Bachelor's,DevOps Engineer,Remote,Mid-size,Healthcare,1193000
9.1,Master's,HR Manager,Pune,Enterprise,Product Company,2531000
10.3,Bachelor's,Data Scientist,Ahmedabad,Enterprise,Fintech,2469000
13.5,Bachelor's,Chartered Accountant,Bangalore,SMB,Fintech,4486000
12.7,Bachelor's,Software Engineer,Remote,Startup,IT Services,1932000
19.1,Bachelor's,Sales Manager,Chennai,SMB,Product Company,4423000
7.0,Bachelor's,Product Manager,Delhi NCR,Mid-size,Product Company,3018000
9.0,PhD,Machine Learning Engineer,Mumbai,Enterprise,Consulting,4500000
3.1,Master's,Machine Learning Engineer,Remote,Enterprise,Product Company,1905000
8.1,PhD,Software Engineer,Delhi NCR,Enterprise,E-commerce,2577000
9.2,Bachelor's,Data Scientist,Hyderabad,Startup,Fintech,2411000
10.9,Master's,Business Analyst,Chennai,MNC,EdTech,2435000
7.4,Bachelor's,Data Scientist,Chennai,MNC,Fintech,2434000
8.1,Master's,HR Manager,Ahmedabad,Startup,E-commerce,1361000
9.2,PhD,Mechanical Engineer,Delhi NCR,SMB,E-commerce,1609000
6.2,Master's,UI/UX Designer,Pune,Enterprise,Healthcare,1034000
12.8,Master's,Senior Software Engineer,Bangalore,SMB,Fintech,4500000
6.7,Master's,HR Manager,Remote,Startup,EdTech,975000
3.6,Bachelor's,Marketing Specialist,Hyderabad,SMB,IT Services,701000
10.8,Master's,Machine Learning Engineer,Mumbai,Mid-size,Product Company,4500000
6.7,Bachelor's,Software Engineer,Hyderabad,Enterprise,Healthcare,1492000
6.3,PhD,Cybersecurity Analyst,Pune,Enterprise,Consulting,2367000
8.5,Master's,Software Engineer,Bangalore,MNC,Healthcare,2397000
1.1,Bachelor's,Cybersecurity Analyst,Mumbai,SMB,EdTech,922000
13.7,Bachelor's,Business Analyst,Remote,Enterprise,E-commerce,2371000
5.5,Bachelor's,Civil Engineer,Pune,Startup,EdTech,806000
9.3,Bachelor's,Product Manager,Remote,Mid-size,EdTech,2677000
4.3,Bachelor's,UI/UX Designer,Kolkata,MNC,Consulting,865000
7.4,Master's,QA Engineer,Jaipur,Enterprise,Manufacturing,738000
8.6,Bachelor's,HR Manager,Kolkata,Mid-size,Product Company,1648000
5.9,Master's,Sales Manager,Remote,Startup,Consulting,1156000
8.2,Bachelor's,Sales Manager,Chennai,Startup,Product Company,1503000
9.4,Bachelor's,Cloud Architect,Jaipur,Mid-size,E-commerce,3117000
3.6,Bachelor's,UI/UX Designer,Bangalore,SMB,Healthcare,830000
2.0,Master's,Machine Learning Engineer,Remote,SMB,Product Company,1696000
2.8,Bachelor's,Business Analyst,Bangalore,Enterprise,E-commerce,986000
12.3,Bachelor's,Mechanical Engineer,Hyderabad,Startup,E-commerce,1627000
4.1,Bachelor's,Senior Software Engineer,Ahmedabad,SMB,Fintech,1280000
1.6,Master's,Data Scientist,Pune,SMB,Consulting,1138000
8.7,Bachelor's,Data Engineer,Bangalore,Startup,Manufacturing,1977000
6.4,Master's,Mechanical Engineer,Jaipur,SMB,EdTech,781000
7.4,Master's,HR Manager,Chennai,Startup,EdTech,1413000
4.0,Master's,Data Engineer,Delhi NCR,Mid-size,EdTech,1316000
13.1,Bachelor's,Cybersecurity Analyst,Mumbai,SMB,Fintech,3250000
13.9,Bachelor's,Cloud Architect,Ahmedabad,SMB,Product Company,4500000
9.1,Bachelor's,Business Analyst,Mumbai,Enterprise,Fintech,2071000
5.0,Bachelor's,Cloud Architect,Chennai,SMB,EdTech,2462000
9.4,Master's,Senior Software Engineer,Hyderabad,Mid-size,Fintech,4380000
13.8,Bachelor's,Product Manager,Mumbai,Mid-size,Manufacturing,4122000
6.2,Bachelor's,Machine Learning Engineer,Bangalore,Mid-size,E-commerce,2286000
0.4,Bachelor's,Data Engineer,Pune,SMB,Healthcare,1056000
9.7,Bachelor's,Marketing Specialist,Mumbai,MNC,Manufacturing,1401000
10.2,Bachelor's,HR Manager,Ahmedabad,SMB,EdTech,1159000
1.8,Master's,Civil Engineer,Jaipur,Mid-size,Product Company,646000
15.0,Bachelor's,Cloud Architect,Chennai,Mid-size,IT Services,4500000
13.6,PhD,Chartered Accountant,Remote,Enterprise,Product Company,4500000
5.8,Master's,Chartered Accountant,Mumbai,Mid-size,E-commerce,2843000
3.8,Bachelor's,QA Engineer,Delhi NCR,SMB,IT Services,638000
7.5,Bachelor's,Machine Learning Engineer,Kolkata,SMB,Manufacturing,1658000
15.9,Bachelor's,Marketing Specialist,Hyderabad,Enterprise,Healthcare,2122000
2.6,Bachelor's,Data Scientist,Delhi NCR,SMB,Product Company,1478000
6.4,Bachelor's,Product Manager,Jaipur,MNC,E-commerce,1859000
9.1,Master's,QA Engineer,Delhi NCR,Enterprise,Healthcare,1283000
7.9,Master's,Civil Engineer,Remote,Startup,Healthcare,802000
10.4,Bachelor's,HR Manager,Kolkata,SMB,Manufacturing,1281000
13.4,Bachelor's,Mechanical Engineer,Hyderabad,MNC,Fintech,2178000
8.4,Bachelor's,UI/UX Designer,Delhi NCR,SMB,EdTech,1144000
11.7,PhD,Senior Software Engineer,Mumbai,SMB,EdTech,4107000
8.3,Bachelor's,Mechanical Engineer,Remote,SMB,Fintech,1090000
4.3,Master's,Civil Engineer,Mumbai,Startup,Healthcare,658000
7.6,Master's,UI/UX Designer,Delhi NCR,SMB,Healthcare,1178000
9.3,Bachelor's,QA Engineer,Kolkata,Enterprise,EdTech,1125000
16.5,Bachelor's,Civil Engineer,Remote,Mid-size,Product Company,1805000
8.5,Bachelor's,Data Scientist,Chennai,Startup,Fintech,2181000
3.1,Master's,Mechanical Engineer,Jaipur,Mid-size,Manufacturing,578000
15.5,Bachelor's,QA Engineer,Hyderabad,SMB,Product Company,2382000
9.8,Master's,Sales Manager,Jaipur,Mid-size,E-commerce,1864000
8.5,Master's,Machine Learning Engineer,Pune,SMB,IT Services,2467000
5.9,Master's,Cybersecurity Analyst,Ahmedabad,MNC,Consulting,1944000
7.7,Bachelor's,DevOps Engineer,Chennai,Enterprise,E-commerce,1854000
9.0,Bachelor's,QA Engineer,Kolkata,Mid-size,Manufacturing,811000
3.5,Master's,QA Engineer,Bangalore,Mid-size,Product Company,1180000
3.2,Bachelor's,HR Manager,Chennai,Mid-size,Consulting,1084000
5.9,Master's,Sales Manager,Bangalore,SMB,Consulting,1674000
8.8,Bachelor's,Data Engineer,Chennai,Enterprise,Consulting,2819000
14.2,Bachelor's,Business Analyst,Delhi NCR,MNC,Product Company,3157000
11.3,Master's,Product Manager,Pune,MNC,E-commerce,4500000
6.9,Bachelor's,Cybersecurity Analyst,Delhi NCR,Mid-size,EdTech,1575000
16.2,Bachelor's,Civil Engineer,Pune,Mid-size,Consulting,1779000
10.5,Bachelor's,Data Engineer,Bangalore,SMB,Product Company,3498000
6.4,Bachelor's,Cybersecurity Analyst,Bangalore,Startup,Healthcare,1521000
3.4,Master's,Cloud Architect,Mumbai,Mid-size,EdTech,2870000
12.0,Bachelor's,Data Engineer,Ahmedabad,MNC,Manufacturing,2701000
9.9,Bachelor's,Data Engineer,Chennai,Enterprise,Product Company,3125000
2.2,Bachelor's,Sales Manager,Hyderabad,Enterprise,Product Company,1415000
9.0,PhD,Cloud Architect,Delhi NCR,SMB,Fintech,4500000
3.2,Bachelor's,Product Manager,Chennai,Mid-size,IT Services,1347000
9.4,PhD,Product Manager,Pune,Mid-size,EdTech,4031000
6.2,Master's,Business Analyst,Hyderabad,Mid-size,E-commerce,1636000
4.7,Bachelor's,Cloud Architect,Pune,Startup,EdTech,2207000
0.4,Master's,Machine Learning Engineer,Bangalore,Mid-size,Product Company,1625000
11.2,Master's,QA Engineer,Pune,SMB,Manufacturing,1125000
2.1,Bachelor's,Civil Engineer,Chennai,Mid-size,Manufacturing,456000
7.7,Bachelor's,Software Engineer,Jaipur,MNC,EdTech,1497000
9.7,Master's,Cybersecurity Analyst,Jaipur,Enterprise,Consulting,2671000
6.5,Master's,Mechanical Engineer,Kolkata,SMB,Consulting,954000
9.5,Master's,Mechanical Engineer,Mumbai,SMB,Product Company,1608000
9.2,PhD,Civil Engineer,Remote,Mid-size,EdTech,1131000
6.4,Bachelor's,Cloud Architect,Remote,Enterprise,Healthcare,2541000
10.6,Master's,Senior Software Engineer,Mumbai,Startup,Healthcare,4072000
4.8,Master's,HR Manager,Bangalore,Mid-size,IT Services,1109000
5.4,Bachelor's,Sales Manager,Delhi NCR,Enterprise,Product Company,1814000
8.3,Bachelor's,Product Manager,Delhi NCR,Startup,Healthcare,2552000
13.5,Bachelor's,Civil Engineer,Kolkata,Enterprise,Healthcare,1302000
7.0,Master's,Product Manager,Hyderabad,Enterprise,Fintech,3703000
12.4,Bachelor's,Marketing Specialist,Chennai,Enterprise,Manufacturing,1637000
4.7,Master's,HR Manager,Mumbai,MNC,Product Company,1981000
10.0,Bachelor's,Marketing Specialist,Delhi NCR,Enterprise,Healthcare,1729000
16.8,Bachelor's,Cybersecurity Analyst,Bangalore,Mid-size,Product Company,4500000
10.7,Master's,Machine Learning Engineer,Chennai,SMB,Manufacturing,2666000
12.6,Bachelor's,Chartered Accountant,Bangalore,Startup,E-commerce,2884000
2.9,Master's,Business Analyst,Jaipur,Startup,IT Services,520000
12.6,Bachelor's,Cybersecurity Analyst,Ahmedabad,Mid-size,Healthcare,1914000
9.8,PhD,Cybersecurity Analyst,Remote,SMB,Manufacturing,1790000
8.3,Bachelor's,DevOps Engineer,Kolkata,SMB,Consulting,1376000
7.6,PhD,Data Engineer,Remote,Enterprise,Healthcare,2323000
13.6,Master's,Business Analyst,Pune,Startup,Product Company,2893000
18.1,Bachelor's,Product Manager,Bangalore,SMB,Manufacturing,4500000
7.7,Bachelor's,Civil Engineer,Remote,Mid-size,Consulting,846000
9.1,Bachelor's,Sales Manager,Kolkata,Startup,Fintech,1477000
1.1,Bachelor's,UI/UX Designer,Kolkata,Mid-size,E-commerce,695000
4.1,Master's,Software Engineer,Pune,Startup,Healthcare,1082000
10.0,Bachelor's,Sales Manager,Mumbai,Enterprise,Manufacturing,2036000
4.6,Bachelor's,Marketing Specialist,Kolkata,Mid-size,Consulting,839000
15.4,Bachelor's,Data Scientist,Delhi NCR,Mid-size,IT Services,3988000
7.8,Bachelor's,Marketing Specialist,Bangalore,SMB,IT Services,1309000
2.8,Master's,Business Analyst,Pune,Enterprise,Healthcare,984000
3.6,Bachelor's,Marketing Specialist,Mumbai,SMB,Manufacturing,708000
11.2,Master's,Civil Engineer,Jaipur,Mid-size,Healthcare,855000
10.7,PhD,Sales Manager,Mumbai,Startup,Manufacturing,2050000
6.8,Bachelor's,Chartered Accountant,Delhi NCR,Startup,Consulting,1856000
16.3,Bachelor's,Senior Software Engineer,Chennai,Startup,E-commerce,4500000
10.8,Bachelor's,Cloud Architect,Hyderabad,SMB,E-commerce,4500000
19.7,Bachelor's,Senior Software Engineer,Chennai,Startup,E-commerce,4500000
19.3,Bachelor's,Machine Learning Engineer,Pune,Startup,Product Company,4500000
10.6,PhD,Product Manager,Jaipur,Enterprise,Consulting,3818000
8.8,Master's,Software Engineer,Pune,Mid-size,Fintech,2011000
7.0,Bachelor's,Business Analyst,Mumbai,Mid-size,EdTech,1261000
8.3,Master's,Data Scientist,Delhi NCR,SMB,Manufacturing,2031000
11.0,Bachelor's,Data Scientist,Mumbai,Startup,E-commerce,2768000
7.7,Master's,Civil Engineer,Chennai,MNC,Consulting,1198000
2.5,Bachelor's,Marketing Specialist,Ahmedabad,Startup,Product Company,633000
14.0,Master's,UI/UX Designer,Remote,Enterprise,Consulting,2542000
3.8,PhD,Data Engineer,Jaipur,Mid-size,Manufacturing,1064000
6.6,Master's,Cloud Architect,Pune,SMB,Consulting,3753000
0.8,Master's,UI/UX Designer,Kolkata,Enterprise,Manufacturing,666000
0.7,Bachelor's,Marketing Specialist,Mumbai,Enterprise,Product Company,868000
10.6,Master's,QA Engineer,Jaipur,Enterprise,EdTech,1096000
10.2,Bachelor's,Mechanical Engineer,Bangalore,Mid-size,IT Services,1535000
7.1,Master's,UI/UX Designer,Remote,SMB,Product Company,1435000
6.5,Bachelor's,Product Manager,Mumbai,Mid-size,Consulting,3095000
3.3,Bachelor's,Chartered Accountant,Ahmedabad,Startup,Consulting,1090000
4.9,Bachelor's,Chartered Accountant,Kolkata,SMB,Fintech,1331000
5.2,Bachelor's,DevOps Engineer,Mumbai,Mid-size,IT Services,1214000
4.3,Master's,UI/UX Designer,Remote,SMB,EdTech,900000
15.0,Master's,Marketing Specialist,Pune,Enterprise,Fintech,3784000
9.8,PhD,DevOps Engineer,Ahmedabad,MNC,Product Company,2877000
8.7,Bachelor's,Marketing Specialist,Remote,Startup,Manufacturing,692000
10.7,PhD,Chartered Accountant,Hyderabad,SMB,Healthcare,3202000
8.7,Bachelor's,DevOps Engineer,Remote,SMB,E-commerce,1568000
7.8,Bachelor's,Data Scientist,Jaipur,Startup,IT Services,1173000
4.9,Master's,HR Manager,Mumbai,Startup,Manufacturing,1000000
12.4,Bachelor's,HR Manager,Jaipur,MNC,Manufacturing,1839000
15.1,Bachelor's,Civil Engineer,Bangalore,Startup,Product Company,1695000
8.4,Bachelor's,Cybersecurity Analyst,Hyderabad,SMB,Manufacturing,1593000
4.6,Bachelor's,Senior Software Engineer,Ahmedabad,SMB,E-commerce,1624000
1.6,Master's,Chartered Accountant,Remote,Startup,IT Services,767000
4.1,Bachelor's,Machine Learning Engineer,Hyderabad,Enterprise,IT Services,1786000
3.3,Bachelor's,Machine Learning Engineer,Ahmedabad,Enterprise,E-commerce,1406000
2.3,Bachelor's,Sales Manager,Hyderabad,SMB,Consulting,891000
3.5,Bachelor's,Business Analyst,Ahmedabad,SMB,EdTech,620000
6.1,Master's,Civil Engineer,Jaipur,Enterprise,Product Company,943000
7.9,PhD,Civil Engineer,Delhi NCR,Mid-size,Consulting,1333000
0.6,Master's,Mechanical Engineer,Hyderabad,Mid-size,Product Company,923000
8.5,Master's,Civil Engineer,Pune,SMB,Product Company,1256000
2.6,Bachelor's,QA Engineer,Chennai,Mid-size,IT Services,517000
7.0,Master's,Civil Engineer,Ahmedabad,SMB,Manufacturing,466000
12.3,Bachelor's,Chartered Accountant,Chennai,SMB,IT Services,2636000
7.3,Bachelor's,Cloud Architect,Delhi NCR,Mid-size,IT Services,3461000
7.2,Master's,Business Analyst,Kolkata,SMB,EdTech,1062000
7.6,Bachelor's,Cybersecurity Analyst,Remote,Mid-size,IT Services,1544000
11.2,Master's,Civil Engineer,Ahmedabad,Enterprise,Manufacturing,942000
2.4,Master's,Business Analyst,Hyderabad,Enterprise,Manufacturing,866000
7.5,PhD,DevOps Engineer,Hyderabad,Mid-size,Healthcare,1928000
4.3,Bachelor's,Cloud Architect,Mumbai,Startup,EdTech,2481000
2.9,Bachelor's,Mechanical Engineer,Pune,Mid-size,EdTech,673000
1.1,Master's,QA Engineer,Ahmedabad,Enterprise,Product Company,848000
1.5,Bachelor's,DevOps Engineer,Remote,Startup,Fintech,835000
5.7,Bachelor's,Sales Manager,Chennai,Enterprise,E-commerce,1585000
9.0,Master's,Cybersecurity Analyst,Jaipur,MNC,Healthcare,1997000
13.3,PhD,QA Engineer,Delhi NCR,Mid-size,IT Services,2256000
7.6,Master's,Cybersecurity Analyst,Kolkata,Startup,Healthcare,1591000
10.5,Bachelor's,DevOps Engineer,Ahmedabad,Mid-size,EdTech,1751000
11.8,Bachelor's,Machine Learning Engineer,Pune,SMB,Product Company,4373000
3.8,Bachelor's,Mechanical Engineer,Ahmedabad,SMB,Manufacturing,588000
6.1,Bachelor's,Sales Manager,Chennai,Startup,E-commerce,1271000
7.7,Bachelor's,HR Manager,Chennai,Enterprise,EdTech,1332000
11.8,Bachelor's,Chartered Accountant,Pune,Mid-size,Healthcare,2987000
11.0,Bachelor's,Product Manager,Mumbai,SMB,Product Company,4115000
18.0,Bachelor's,UI/UX Designer,Jaipur,SMB,EdTech,1774000
6.9,Bachelor's,Civil Engineer,Kolkata,SMB,Product Company,730000
3.0,Bachelor's,Software Engineer,Hyderabad,SMB,IT Services,858000
7.6,Bachelor's,Civil Engineer,Chennai,SMB,Consulting,727000
1.2,Master's,Machine Learning Engineer,Kolkata,Startup,EdTech,896000
9.0,Bachelor's,DevOps Engineer,Ahmedabad,SMB,Fintech,1582000
14.1,Master's,UI/UX Designer,Jaipur,Startup,Consulting,1809000
16.5,Bachelor's,Sales Manager,Kolkata,Enterprise,Product Company,3160000
5.7,Bachelor's,Product Manager,Bangalore,Mid-size,IT Services,1969000
17.7,Bachelor's,Chartered Accountant,Delhi NCR,Enterprise,IT Services,4500000
6.5,Bachelor's,Mechanical Engineer,Pune,SMB,E-commerce,1080000
9.9,Bachelor's,Marketing Specialist,Bangalore,Startup,Healthcare,1036000
5.1,Master's,Marketing Specialist,Remote,SMB,Healthcare,815000
2.8,PhD,Software Engineer,Hyderabad,SMB,Healthcare,1204000
11.4,Bachelor's,Mechanical Engineer,Pune,SMB,Product Company,1721000
6.3,Bachelor's,Data Engineer,Mumbai,Enterprise,Manufacturing,1850000
7.2,Master's,Machine Learning Engineer,Delhi NCR,Startup,Healthcare,2467000
1.3,Bachelor's,Mechanical Engineer,Kolkata,SMB,Product Company,559000
3.1,Bachelor's,Senior Software Engineer,Mumbai,Startup,EdTech,1635000
3.3,Master's,Cybersecurity Analyst,Ahmedabad,SMB,Manufacturing,895000
1.5,Bachelor's,Data Engineer,Hyderabad,Mid-size,Healthcare,1094000
11.6,Master's,Software Engineer,Remote,Startup,E-commerce,2124000
2.6,Bachelor's,Product Manager,Jaipur,Startup,Manufacturing,916000
2.4,Bachelor's,Data Scientist,Chennai,Enterprise,IT Services,969000
9.7,Bachelor's,HR Manager,Bangalore,SMB,Healthcare,1756000
10.8,Master's,Mechanical Engineer,Ahmedabad,SMB,Consulting,1185000
13.9,Bachelor's,HR Manager,Ahmedabad,Mid-size,Consulting,2096000
2.6,Master's,UI/UX Designer,Kolkata,Startup,Manufacturing,576000
5.9,Master's,Cloud Architect,Pune,Enterprise,Fintech,4389000
7.2,Master's,HR Manager,Delhi NCR,Enterprise,Product Company,2040000
2.7,Bachelor's,Cloud Architect,Delhi NCR,SMB,Consulting,1962000
12.2,Bachelor's,Business Analyst,Kolkata,SMB,Manufacturing,1313000
4.1,Bachelor's,Data Scientist,Mumbai,SMB,IT Services,1155000
3.0,Bachelor's,Mechanical Engineer,Delhi NCR,Enterprise,Consulting,995000
8.5,PhD,Data Scientist,Remote,Startup,EdTech,2014000
10.4,Bachelor's,Software Engineer,Delhi NCR,Mid-size,Consulting,1951000
4.4,Master's,Mechanical Engineer,Chennai,SMB,Product Company,893000
15.4,Bachelor's,Civil Engineer,Remote,Enterprise,EdTech,1476000
3.7,Bachelor's,Civil Engineer,Remote,MNC,EdTech,710000
7.9,Bachelor's,Civil Engineer,Chennai,SMB,Healthcare,691000
9.7,Master's,Data Scientist,Pune,SMB,Consulting,2647000
2.2,Bachelor's,Product Manager,Hyderabad,Mid-size,Consulting,1808000
11.2,Bachelor's,Marketing Specialist,Jaipur,Mid-size,Consulting,1548000
10.1,Master's,Cloud Architect,Chennai,Startup,IT Services,4047000
3.5,Bachelor's,Mechanical Engineer,Chennai,Mid-size,Healthcare,700000
10.4,Bachelor's,Chartered Accountant,Remote,Enterprise,Consulting,2787000
9.0,Bachelor's,HR Manager,Mumbai,MNC,Manufacturing,1866000
2.2,Bachelor's,Marketing Specialist,Hyderabad,Enterprise,Manufacturing,680000
9.8,Bachelor's,Mechanical Engineer,Kolkata,Mid-size,Healthcare,1145000
14.7,Bachelor's,Data Engineer,Remote,SMB,EdTech,3658000
2.5,Master's,Senior Software Engineer,Hyderabad,Startup,E-commerce,1896000
3.9,Bachelor's,Business Analyst,Remote,Mid-size,Manufacturing,691000
6.0,Bachelor's,HR Manager,Chennai,Mid-size,IT Services,1021000
1.5,Bachelor's,Chartered Accountant,Chennai,Enterprise,Manufacturing,887000
6.2,Bachelor's,DevOps Engineer,Remote,SMB,IT Services,1135000
10.7,Bachelor's,Marketing Specialist,Mumbai,Startup,Healthcare,1394000
6.1,Bachelor's,Cloud Architect,Ahmedabad,SMB,Product Company,2424000
10.1,Bachelor's,Business Analyst,Bangalore,SMB,Manufacturing,1726000
8.7,Bachelor's,Cybersecurity Analyst,Kolkata,SMB,IT Services,1465000
12.5,PhD,UI/UX Designer,Bangalore,Startup,Fintech,2374000
11.6,Master's,Data Engineer,Bangalore,Startup,IT Services,3571000
6.1,Bachelor's,Senior Software Engineer,Mumbai,SMB,E-commerce,2358000
9.6,Bachelor's,Cloud Architect,Mumbai,SMB,Fintech,4500000
7.5,Bachelor's,Mechanical Engineer,Ahmedabad,MNC,Consulting,1195000
8.2,Master's,Cybersecurity Analyst,Jaipur,Enterprise,Product Company,2098000
9.7,Bachelor's,Civil Engineer,Remote,Startup,Consulting,892000
5.9,Bachelor's,HR Manager,Kolkata,Enterprise,IT Services,1142000
11.5,Bachelor's,Product Manager,Hyderabad,SMB,Consulting,4449000
14.1,Bachelor's,DevOps Engineer,Kolkata,MNC,Fintech,3644000
5.6,Bachelor's,Cloud Architect,Delhi NCR,Mid-size,EdTech,2420000
4.0,Master's,Data Engineer,Chennai,SMB,Product Company,1746000
10.3,PhD,DevOps Engineer,Chennai,Startup,Manufacturing,1787000
1.8,Bachelor's,Business Analyst,Jaipur,MNC,IT Services,688000
5.1,Bachelor's,Machine Learning Engineer,Mumbai,MNC,Manufacturing,1923000
6.4,Bachelor's,Product Manager,Remote,SMB,Consulting,2014000
9.2,Bachelor's,HR Manager,Chennai,Mid-size,Manufacturing,1267000
5.4,Bachelor's,Business Analyst,Kolkata,Mid-size,Consulting,1071000
14.7,Bachelor's,Marketing Specialist,Remote,Enterprise,Manufacturing,1611000
8.9,Master's,Business Analyst,Jaipur,SMB,Healthcare,1230000
4.2,PhD,Business Analyst,Delhi NCR,Startup,Healthcare,1093000
6.3,Master's,Cybersecurity Analyst,Pune,SMB,Consulting,1796000
8.8,Master's,Senior Software Engineer,Hyderabad,Mid-size,IT Services,3085000
14.1,Bachelor's,Product Manager,Mumbai,SMB,Manufacturing,4500000
10.2,Bachelor's,Data Scientist,Kolkata,Enterprise,Manufacturing,1952000
13.1,Bachelor's,Machine Learning Engineer,Ahmedabad,MNC,Healthcare,4019000
12.1,Bachelor's,Sales Manager,Bangalore,SMB,IT Services,2263000
5.6,Bachelor's,Machine Learning Engineer,Delhi NCR,Enterprise,E-commerce,2780000
13.8,Master's,Machine Learning Engineer,Remote,Mid-size,Healthcare,4084000
5.0,Bachelor's,Data Engineer,Jaipur,Mid-size,Fintech,1464000
8.7,Bachelor's,Product Manager,Remote,Startup,Product Company,2761000
4.4,Bachelor's,Data Scientist,Remote,SMB,E-commerce,1238000
8.2,PhD,HR Manager,Bangalore,MNC,Consulting,2360000
8.2,Bachelor's,Chartered Accountant,Kolkata,Mid-size,EdTech,1516000
7.8,Bachelor's,Data Engineer,Chennai,Mid-size,IT Services,1843000
5.4,Bachelor's,QA Engineer,Delhi NCR,Startup,Fintech,796000
10.0,Master's,Mechanical Engineer,Ahmedabad,SMB,Healthcare,1210000
7.0,PhD,HR Manager,Remote,SMB,EdTech,1256000
2.7,Bachelor's,Senior Software Engineer,Delhi NCR,Mid-size,Manufacturing,1597000
9.3,PhD,Senior Software Engineer,Kolkata,Enterprise,Healthcare,3311000
6.8,Bachelor's,Cloud Architect,Delhi NCR,SMB,Product Company,3583000
3.9,Master's,Cloud Architect,Kolkata,SMB,Healthcare,1903000
4.9,Bachelor's,Chartered Accountant,Remote,SMB,Product Company,1673000
4.9,Bachelor's,QA Engineer,Jaipur,Startup,Manufacturing,512000
9.7,Master's,Mechanical Engineer,Pune,Startup,EdTech,1243000
9.6,Bachelor's,Sales Manager,Jaipur,SMB,Consulting,1612000
6.4,Bachelor's,Marketing Specialist,Chennai,Enterprise,Fintech,1267000
6.8,Master's,HR Manager,Chennai,SMB,IT Services,1060000
6.4,PhD,Data Engineer,Hyderabad,Enterprise,Healthcare,2517000
10.1,Bachelor's,Marketing Specialist,Delhi NCR,MNC,Manufacturing,1566000
10.2,Master's,DevOps Engineer,Mumbai,Startup,Manufacturing,1545000
3.4,Master's,DevOps Engineer,Bangalore,Mid-size,Product Company,1653000
2.6,Bachelor's,Data Engineer,Jaipur,Startup,Healthcare,685000
5.2,Master's,Chartered Accountant,Hyderabad,Startup,EdTech,1480000
9.9,Bachelor's,Software Engineer,Ahmedabad,SMB,Product Company,1694000
4.2,Master's,QA Engineer,Ahmedabad,Startup,E-commerce,670000
5.0,Bachelor's,Machine Learning Engineer,Kolkata,Mid-size,Healthcare,1363000
3.5,Bachelor's,Civil Engineer,Jaipur,Mid-size,Consulting,587000
5.0,Bachelor's,QA Engineer,Hyderabad,Mid-size,EdTech,815000
4.2,Bachelor's,Software Engineer,Bangalore,Mid-size,Healthcare,1090000
4.2,Master's,Software Engineer,Jaipur,Enterprise,IT Services,960000
8.7,PhD,Cybersecurity Analyst,Hyderabad,Enterprise,Consulting,3415000
5.3,Bachelor's,DevOps Engineer,Pune,Enterprise,Healthcare,1159000
15.8,Bachelor's,Software Engineer,Kolkata,Mid-size,Manufacturing,2617000
3.3,Bachelor's,Data Scientist,Chennai,SMB,IT Services,950000
8.1,Bachelor's,Data Scientist,Pune,Mid-size,EdTech,1879000
11.7,Bachelor's,Product Manager,Pune,SMB,EdTech,3500000
8.6,Master's,Sales Manager,Jaipur,Startup,Fintech,1447000
10.3,Master's,Civil Engineer,Chennai,Enterprise,Fintech,1358000
10.6,Bachelor's,QA Engineer,Remote,MNC,E-commerce,1670000
2.2,Bachelor's,HR Manager,Chennai,MNC,IT Services,918000
8.9,Master's,Mechanical Engineer,Kolkata,SMB,Fintech,1029000
7.0,Bachelor's,Data Scientist,Mumbai,Startup,Fintech,2109000
2.4,Bachelor's,Marketing Specialist,Bangalore,Startup,Healthcare,711000
18.5,Bachelor's,DevOps Engineer,Chennai,Enterprise,EdTech,3324000
11.2,Bachelor's,HR Manager,Ahmedabad,Mid-size,Product Company,1956000
5.7,Bachelor's,Civil Engineer,Delhi NCR,Enterprise,Consulting,1026000
4.8,Master's,Senior Software Engineer,Jaipur,MNC,IT Services,1717000
7.3,Bachelor's,Machine Learning Engineer,Kolkata,SMB,Fintech,2158000
2.0,Bachelor's,Business Analyst,Chennai,SMB,Consulting,712000
15.3,Bachelor's,Marketing Specialist,Chennai,Enterprise,Fintech,2917000
7.4,Master's,QA Engineer,Pune,SMB,Product Company,1167000
5.9,Bachelor's,Senior Software Engineer,Jaipur,Mid-size,Manufacturing,1683000
6.7,Bachelor's,Cybersecurity Analyst,Bangalore,SMB,E-commerce,1722000
1.8,Bachelor's,Cybersecurity Analyst,Bangalore,Mid-size,Product Company,1229000
10.3,Bachelor's,Chartered Accountant,Ahmedabad,MNC,EdTech,2419000
2.4,Bachelor's,DevOps Engineer,Bangalore,Startup,Healthcare,1037000
6.4,Master's,Software Engineer,Chennai,SMB,Healthcare,1212000
13.2,Bachelor's,Marketing Specialist,Hyderabad,MNC,Consulting,2930000
4.8,Bachelor's,Sales Manager,Kolkata,SMB,E-commerce,1032000
6.6,Bachelor's,QA Engineer,Hyderabad,Enterprise,Manufacturing,798000
4.7,Master's,Sales Manager,Pune,MNC,IT Services,1507000
7.9,Master's,Machine Learning Engineer,Chennai,SMB,Healthcare,2435000
9.7,Master's,Data Scientist,Mumbai,Startup,EdTech,2228000
5.9,Bachelor's,Business Analyst,Pune,Startup,Manufacturing,844000
6.6,Master's,Chartered Accountant,Bangalore,Startup,Consulting,2395000
3.9,Master's,QA Engineer,Bangalore,SMB,Product Company,1137000
6.4,Bachelor's,Cybersecurity Analyst,Hyderabad,Startup,Product Company,1867000
10.5,Bachelor's,HR Manager,Pune,SMB,E-commerce,2223000
6.1,Master's,Cloud Architect,Hyderabad,Enterprise,Healthcare,3740000
7.1,Bachelor's,UI/UX Designer,Chennai,SMB,Product Company,1250000
5.0,Master's,Sales Manager,Jaipur,SMB,E-commerce,1036000
12.7,Bachelor's,Data Scientist,Ahmedabad,Startup,E-commerce,3021000
16.4,Bachelor's,Business Analyst,Mumbai,Mid-size,E-commerce,2763000
2.4,Bachelor's,QA Engineer,Delhi NCR,SMB,Consulting,816000
6.9,Master's,Cloud Architect,Ahmedabad,Startup,IT Services,2847000
5.9,Master's,Machine Learning Engineer,Remote,MNC,Consulting,2574000
4.3,Bachelor's,Business Analyst,Chennai,Enterprise,E-commerce,1174000
7.8,Bachelor's,Civil Engineer,Hyderabad,Mid-size,EdTech,948000
6.5,Bachelor's,Business Analyst,Jaipur,Enterprise,IT Services,878000
17.1,Bachelor's,Civil Engineer,Chennai,SMB,EdTech,1399000
9.2,PhD,Sales Manager,Bangalore,SMB,EdTech,2364000
12.4,Bachelor's,Data Scientist,Pune,SMB,IT Services,2817000
8.0,Bachelor's,Chartered Accountant,Chennai,Enterprise,E-commerce,2732000
8.6,Bachelor's,Data Engineer,Jaipur,MNC,Healthcare,2116000
7.1,PhD,Data Engineer,Jaipur,Mid-size,E-commerce,1891000
6.8,Bachelor's,Sales Manager,Hyderabad,SMB,Healthcare,1432000
4.1,Master's,Software Engineer,Ahmedabad,Mid-size,IT Services,766000
4.4,Bachelor's,DevOps Engineer,Remote,Mid-size,EdTech,1075000
6.9,Bachelor's,Mechanical Engineer,Ahmedabad,SMB,Healthcare,735000
5.1,Master's,Cybersecurity Analyst,Ahmedabad,SMB,Product Company,1512000
9.2,Bachelor's,Business Analyst,Ahmedabad,Startup,Fintech,1441000
1.9,Master's,UI/UX Designer,Chennai,SMB,Consulting,794000
7.0,Bachelor's,Cybersecurity Analyst,Kolkata,Enterprise,IT Services,1344000
6.8,Master's,UI/UX Designer,Chennai,SMB,E-commerce,1109000
5.9,Master's,UI/UX Designer,Remote,Mid-size,Healthcare,1074000
13.6,Master's,QA Engineer,Mumbai,SMB,IT Services,1731000
7.6,Bachelor's,Cloud Architect,Ahmedabad,Startup,EdTech,2379000
8.9,Master's,Data Engineer,Bangalore,Enterprise,Consulting,3757000
8.4,PhD,Sales Manager,Delhi NCR,Mid-size,E-commerce,2682000
16.1,Bachelor's,Sales Manager,Remote,Enterprise,IT Services,2715000
1.6,Bachelor's,Cybersecurity Analyst,Pune,Mid-size,IT Services,766000
6.1,Master's,UI/UX Designer,Ahmedabad,Enterprise,Product Company,1247000
0.5,Bachelor's,Cybersecurity Analyst,Chennai,Startup,Product Company,784000
1.0,Master's,Marketing Specialist,Hyderabad,Mid-size,Manufacturing,580000
2.5,Master's,Cloud Architect,Hyderabad,SMB,Manufacturing,1805000
11.5,Bachelor's,UI/UX Designer,Hyderabad,Enterprise,Product Company,2475000
14.0,Bachelor's,Sales Manager,Delhi NCR,Mid-size,Consulting,3570000
4.0,Bachelor's,Cybersecurity Analyst,Mumbai,Startup,IT Services,1288000
7.0,Bachelor's,UI/UX Designer,Jaipur,Mid-size,Healthcare,788000
10.3,Master's,DevOps Engineer,Ahmedabad,Enterprise,Consulting,2783000
7.1,Bachelor's,Chartered Accountant,Hyderabad,SMB,Manufacturing,1698000
5.8,Bachelor's,QA Engineer,Chennai,Mid-size,Consulting,875000
6.1,Master's,QA Engineer,Ahmedabad,Enterprise,Fintech,1043000
3.7,Bachelor's,UI/UX Designer,Kolkata,Startup,Healthcare,555000
5.5,Master's,Marketing Specialist,Bangalore,Mid-size,Manufacturing,1074000
6.2,Bachelor's,Cloud Architect,Bangalore,Enterprise,EdTech,3918000
5.9,Bachelor's,Chartered Accountant,Chennai,Startup,Healthcare,1370000
14.7,Bachelor's,Senior Software Engineer,Remote,SMB,E-commerce,4500000
10.0,Master's,Software Engineer,Bangalore,Mid-size,Consulting,2955000
8.7,Master's,QA Engineer,Hyderabad,Mid-size,Fintech,1724000
5.9,Master's,Civil Engineer,Hyderabad,Enterprise,Healthcare,859000
3.0,PhD,Software Engineer,Mumbai,Mid-size,Fintech,1474000
5.5,Master's,Sales Manager,Jaipur,Mid-size,IT Services,1120000
6.1,Master's,Business Analyst,Remote,SMB,Consulting,1075000
8.4,Bachelor's,Software Engineer,Mumbai,Startup,E-commerce,1459000
3.0,PhD,Product Manager,Ahmedabad,Mid-size,E-commerce,1788000
4.4,Master's,Cybersecurity Analyst,Bangalore,Startup,Healthcare,1302000
4.6,Master's,Cybersecurity Analyst,Chennai,MNC,EdTech,1649000
8.1,Bachelor's,Civil Engineer,Kolkata,Startup,EdTech,640000
8.6,Bachelor's,HR Manager,Jaipur,Startup,Consulting,1401000
4.2,Master's,Software Engineer,Jaipur,Enterprise,Consulting,1110000
3.4,Bachelor's,Civil Engineer,Bangalore,Startup,E-commerce,703000
7.3,Bachelor's,Software Engineer,Delhi NCR,SMB,EdTech,1460000
6.6,PhD,HR Manager,Bangalore,MNC,Manufacturing,1570000
5.1,Bachelor's,Marketing Specialist,Bangalore,Enterprise,Product Company,1525000
10.9,Bachelor's,HR Manager,Hyderabad,SMB,Manufacturing,1657000
9.3,Bachelor's,Senior Software Engineer,Remote,SMB,Product Company,3214000
3.0,Bachelor's,Senior Software Engineer,Pune,Mid-size,Healthcare,1818000
6.7,Master's,HR Manager,Ahmedabad,SMB,IT Services,1022000
8.9,PhD,Cloud Architect,Ahmedabad,Startup,Consulting,4350000
17.0,PhD,Product Manager,Jaipur,Startup,Manufacturing,3709000
7.0,Master's,Cloud Architect,Chennai,Enterprise,Fintech,4500000
0.9,Master's,Data Scientist,Remote,SMB,Fintech,1088000
12.8,Bachelor's,Senior Software Engineer,Delhi NCR,Enterprise,Consulting,4500000
13.8,Master's,Data Scientist,Ahmedabad,Startup,Manufacturing,2453000
4.3,Bachelor's,Civil Engineer,Ahmedabad,Mid-size,Product Company,666000
6.7,Bachelor's,Software Engineer,Chennai,Mid-size,E-commerce,1385000
10.7,PhD,Chartered Accountant,Mumbai,SMB,Consulting,3433000
6.5,Master's,Machine Learning Engineer,Hyderabad,Mid-size,Fintech,3008000
12.8,Bachelor's,Data Engineer,Bangalore,Startup,Manufacturing,3223000
7.4,Master's,DevOps Engineer,Delhi NCR,Enterprise,Consulting,2103000
16.0,Bachelor's,Chartered Accountant,Mumbai,Enterprise,Consulting,4500000
10.8,Bachelor's,Software Engineer,Pune,SMB,Fintech,2138000
15.1,Bachelor's,Sales Manager,Ahmedabad,Mid-size,Product Company,3008000
14.0,Bachelor's,Chartered Accountant,Hyderabad,MNC,Fintech,4500000
11.3,Bachelor's,Business Analyst,Delhi NCR,SMB,Product Company,2126000
9.8,Bachelor's,UI/UX Designer,Delhi NCR,SMB,Consulting,1565000
11.8,Bachelor's,Data Scientist,Remote,Enterprise,Manufacturing,2329000
19.9,Bachelor's,Civil Engineer,Hyderabad,Startup,Manufacturing,1489000
11.8,PhD,HR Manager,Jaipur,Mid-size,Fintech,2361000
3.0,Master's,UI/UX Designer,Kolkata,SMB,Fintech,833000
11.5,Master's,Sales Manager,Ahmedabad,Mid-size,Consulting,2627000
7.9,Bachelor's,Marketing Specialist,Ahmedabad,SMB,Manufacturing,656000
7.8,Master's,Product Manager,Ahmedabad,Startup,Manufacturing,1999000
8.7,Master's,Software Engineer,Delhi NCR,Enterprise,Consulting,2398000
3.8,Bachelor's,Data Scientist,Chennai,Mid-size,IT Services,1249000
3.9,Bachelor's,Chartered Accountant,Mumbai,SMB,E-commerce,1435000
9.7,Bachelor's,Mechanical Engineer,Remote,Mid-size,Healthcare,1227000
11.9,Bachelor's,Senior Software Engineer,Pune,SMB,EdTech,3315000
1.7,Bachelor's,Mechanical Engineer,Chennai,Startup,Product Company,707000
10.7,Bachelor's,Civil Engineer,Pune,Mid-size,Manufacturing,1002000
7.0,Bachelor's,QA Engineer,Mumbai,MNC,Healthcare,1181000
5.6,Master's,UI/UX Designer,Remote,SMB,Fintech,980000
14.3,Bachelor's,HR Manager,Hyderabad,Enterprise,Product Company,3383000
12.5,Bachelor's,Civil Engineer,Jaipur,Mid-size,IT Services,1002000
10.0,Master's,Product Manager,Jaipur,Startup,IT Services,2716000
6.5,Bachelor's,UI/UX Designer,Mumbai,Enterprise,Product Company,1752000
4.4,Bachelor's,Chartered Accountant,Mumbai,SMB,IT Services,1441000
7.0,Bachelor's,Chartered Accountant,Bangalore,Enterprise,Fintech,2758000
7.8,Bachelor's,Cybersecurity Analyst,Ahmedabad,Mid-size,EdTech,1503000
12.0,Bachelor's,Cybersecurity Analyst,Kolkata,Startup,Product Company,2845000
7.5,Bachelor's,Marketing Specialist,Remote,Startup,Consulting,1073000
2.8,Bachelor's,Cloud Architect,Pune,SMB,IT Services,1861000
4.5,PhD,Chartered Accountant,Mumbai,SMB,Manufacturing,1617000
8.6,PhD,Cloud Architect,Kolkata,MNC,E-commerce,4500000
10.4,Bachelor's,Mechanical Engineer,Mumbai,Enterprise,Consulting,1837000
10.3,Bachelor's,Mechanical Engineer,Mumbai,Enterprise,E-commerce,1599000
13.8,Bachelor's,Cloud Architect,Hyderabad,Mid-size,Manufacturing,4500000
4.4,Master's,Mechanical Engineer,Remote,Startup,Healthcare,732000
15.8,Master's,Civil Engineer,Delhi NCR,Enterprise,Consulting,2210000
7.9,Bachelor's,UI/UX Designer,Ahmedabad,Startup,E-commerce,987000
12.5,Bachelor's,QA Engineer,Kolkata,Startup,E-commerce,1312000
9.3,Bachelor's,QA Engineer,Chennai,SMB,IT Services,975000
1.7,Master's,Software Engineer,Mumbai,MNC,Healthcare,1232000
4.2,Master's,QA Engineer,Mumbai,Enterprise,IT Services,935000
4.6,Bachelor's,Sales Manager,Delhi NCR,Startup,IT Services,659000
2.6,Bachelor's,Data Engineer,Hyderabad,MNC,E-commerce,1502000
5.8,Bachelor's,UI/UX Designer,Chennai,Enterprise,EdTech,1084000
1.8,Master's,QA Engineer,Bangalore,Mid-size,E-commerce,770000
8.9,PhD,QA Engineer,Pune,Startup,EdTech,1338000
2.4,Bachelor's,Chartered Accountant,Kolkata,SMB,Consulting,1170000
8.2,Bachelor's,Business Analyst,Bangalore,SMB,Product Company,1624000
8.4,Bachelor's,DevOps Engineer,Bangalore,Mid-size,Consulting,2108000
6.0,Bachelor's,Senior Software Engineer,Pune,Mid-size,EdTech,2256000
9.3,Master's,Civil Engineer,Ahmedabad,SMB,EdTech,856000
16.8,Bachelor's,Machine Learning Engineer,Jaipur,SMB,Fintech,4500000
6.9,Master's,Business Analyst,Bangalore,Mid-size,IT Services,1092000
3.0,Bachelor's,Marketing Specialist,Pune,Enterprise,Healthcare,760000
7.6,Bachelor's,Machine Learning Engineer,Bangalore,Startup,E-commerce,2289000
10.2,Bachelor's,DevOps Engineer,Bangalore,Enterprise,Manufacturing,1748000
2.9,Bachelor's,Cybersecurity Analyst,Remote,MNC,Consulting,1269000
15.5,Bachelor's,Cybersecurity Analyst,Delhi NCR,Enterprise,Fintech,4272000
6.7,Master's,DevOps Engineer,Ahmedabad,SMB,IT Services,1192000
17.9,Bachelor's,QA Engineer,Kolkata,Enterprise,Product Company,2170000
11.3,Bachelor's,Sales Manager,Delhi NCR,Enterprise,IT Services,2449000
2.4,Bachelor's,Machine Learning Engineer,Ahmedabad,Enterprise,Manufacturing,1043000
12.0,Bachelor's,Business Analyst,Pune,Startup,Fintech,1658000
8.9,Master's,Cloud Architect,Delhi NCR,Startup,E-commerce,4500000
7.2,PhD,Chartered Accountant,Mumbai,Startup,Fintech,3308000
7.3,Bachelor's,Product Manager,Chennai,Startup,E-commerce,2500000
7.7,Master's,Civil Engineer,Pune,Mid-size,EdTech,1063000
7.5,Master's,Civil Engineer,Ahmedabad,SMB,Manufacturing,648000
6.4,PhD,Machine Learning Engineer,Jaipur,Enterprise,Manufacturing,1894000
9.0,Bachelor's,Chartered Accountant,Jaipur,Mid-size,IT Services,1601000
19.4,Bachelor's,Software Engineer,Jaipur,Mid-size,IT Services,2584000
7.4,Bachelor's,Product Manager,Kolkata,Startup,Product Company,2031000
10.7,Master's,Data Scientist,Ahmedabad,SMB,EdTech,2336000
2.1,Master's,Software Engineer,Kolkata,Startup,EdTech,676000
13.6,Bachelor's,QA Engineer,Remote,MNC,IT Services,1442000
2.8,Bachelor's,Data Engineer,Bangalore,SMB,Healthcare,1143000
10.1,Master's,Data Engineer,Hyderabad,Startup,Fintech,3425000
6.8,Master's,Business Analyst,Delhi NCR,Startup,Healthcare,1230000
11.1,Bachelor's,Mechanical Engineer,Kolkata,Mid-size,Product Company,999000
13.8,Master's,UI/UX Designer,Jaipur,Mid-size,IT Services,1576000
1.8,Bachelor's,QA Engineer,Bangalore,MNC,E-commerce,951000
6.7,Bachelor's,Business Analyst,Hyderabad,SMB,EdTech,1083000
12.2,Bachelor's,Machine Learning Engineer,Jaipur,Startup,E-commerce,3103000
11.5,Master's,Cybersecurity Analyst,Mumbai,Enterprise,Fintech,3848000
8.3,PhD,Mechanical Engineer,Bangalore,SMB,Product Company,1812000
13.0,Bachelor's,Cloud Architect,Kolkata,SMB,Fintech,4500000
4.5,Bachelor's,UI/UX Designer,Jaipur,MNC,Fintech,906000
8.8,Bachelor's,Chartered Accountant,Remote,Mid-size,IT Services,2015000
11.6,Bachelor's,Machine Learning Engineer,Jaipur,SMB,Fintech,3562000
12.5,Bachelor's,Business Analyst,Bangalore,MNC,Healthcare,2645000
9.9,Bachelor's,DevOps Engineer,Hyderabad,SMB,E-commerce,2196000
13.3,Bachelor's,Product Manager,Jaipur,Startup,Fintech,3461000
14.4,Bachelor's,UI/UX Designer,Kolkata,SMB,Consulting,2027000
7.3,Bachelor's,Chartered Accountant,Pune,Startup,IT Services,1541000
7.4,Master's,Software Engineer,Mumbai,SMB,Healthcare,1685000
6.6,Bachelor's,Product Manager,Jaipur,Enterprise,Consulting,2368000
2.6,Master's,Civil Engineer,Remote,MNC,EdTech,802000
12.0,PhD,Senior Software Engineer,Jaipur,Mid-size,Healthcare,4201000
5.9,Bachelor's,QA Engineer,Delhi NCR,MNC,IT Services,1105000
6.2,Bachelor's,Data Scientist,Ahmedabad,SMB,Fintech,1311000
8.2,Bachelor's,Data Engineer,Bangalore,SMB,Product Company,2406000
5.8,Bachelor's,Sales Manager,Remote,Startup,Healthcare,894000
13.2,Bachelor's,Cybersecurity Analyst,Pune,Mid-size,Product Company,3226000
15.4,Bachelor's,Data Engineer,Remote,SMB,E-commerce,4374000
10.0,Bachelor's,Marketing Specialist,Bangalore,Startup,Product Company,1542000
11.4,Bachelor's,QA Engineer,Remote,MNC,IT Services,1267000
1.3,Bachelor's,Cybersecurity Analyst,Chennai,Startup,EdTech,768000
2.5,Master's,Senior Software Engineer,Chennai,Enterprise,Product Company,2190000
10.4,Bachelor's,Software Engineer,Kolkata,Startup,EdTech,1739000
4.7,Bachelor's,Data Scientist,Delhi NCR,Mid-size,EdTech,1448000
2.5,Master's,QA Engineer,Remote,Mid-size,Manufacturing,611000
6.5,Bachelor's,Business Analyst,Hyderabad,SMB,Healthcare,996000
11.1,Master's,Product Manager,Kolkata,Startup,Fintech,3097000
11.8,Bachelor's,UI/UX Designer,Pune,Mid-size,Product Company,1933000
11.7,Bachelor's,HR Manager,Bangalore,Mid-size,EdTech,2056000
4.5,PhD,Product Manager,Kolkata,SMB,IT Services,1575000
8.9,Bachelor's,Business Analyst,Kolkata,SMB,E-commerce,1041000
12.1,Bachelor's,QA Engineer,Hyderabad,Startup,Product Company,1657000
13.0,PhD,Marketing Specialist,Ahmedabad,SMB,Product Company,2137000
9.6,Master's,Marketing Specialist,Remote,Enterprise,Consulting,1512000
4.2,Master's,HR Manager,Kolkata,Startup,E-commerce,947000
3.9,Bachelor's,Cybersecurity Analyst,Pune,SMB,Healthcare,1159000
14.0,Bachelor's,HR Manager,Bangalore,Mid-size,Manufacturing,2647000
5.3,Master's,Cybersecurity Analyst,Bangalore,Enterprise,Product Company,1797000
13.6,Bachelor's,QA Engineer,Kolkata,Startup,EdTech,1157000
6.5,Bachelor's,Data Engineer,Pune,Mid-size,EdTech,1552000
4.5,Master's,UI/UX Designer,Mumbai,Mid-size,Consulting,1123000
6.5,Bachelor's,Machine Learning Engineer,Bangalore,Startup,IT Services,2132000
10.6,Bachelor's,Product Manager,Delhi NCR,Startup,Fintech,3543000
8.1,Bachelor's,Data Engineer,Hyderabad,Enterprise,Fintech,2629000
3.8,Bachelor's,Data Engineer,Delhi NCR,SMB,Healthcare,1190000
6.0,Master's,Data Scientist,Chennai,Startup,Fintech,2090000
11.4,Master's,Mechanical Engineer,Remote,Mid-size,EdTech,1199000
10.9,Bachelor's,Sales Manager,Pune,SMB,Fintech,2199000
4.0,Bachelor's,QA Engineer,Mumbai,Startup,Manufacturing,561000
7.9,Bachelor's,UI/UX Designer,Jaipur,SMB,Manufacturing,639000
2.3,Bachelor's,Data Engineer,Remote,SMB,IT Services,998000
11.5,Bachelor's,Data Engineer,Delhi NCR,Mid-size,E-commerce,2811000
9.5,PhD,Business Analyst,Mumbai,SMB,Consulting,2026000
7.9,Bachelor's,Civil Engineer,Ahmedabad,Startup,Manufacturing,563000
10.1,Bachelor's,Data Scientist,Ahmedabad,Mid-size,Product Company,2330000
6.9,PhD,Product Manager,Ahmedabad,Enterprise,Fintech,2660000
14.9,Bachelor's,Business Analyst,Kolkata,Mid-size,Fintech,2388000
5.5,PhD,Senior Software Engineer,Hyderabad,Startup,IT Services,2125000
14.8,Bachelor's,Senior Software Engineer,Pune,Startup,Healthcare,4500000
11.6,Bachelor's,Chartered Accountant,Bangalore,MNC,E-commerce,4499000
10.1,PhD,Marketing Specialist,Mumbai,Startup,E-commerce,2206000
1.4,Bachelor's,Product Manager,Jaipur,SMB,E-commerce,1073000
12.2,Bachelor's,DevOps Engineer,Pune,Mid-size,Product Company,3342000
15.2,Bachelor's,Business Analyst,Ahmedabad,Enterprise,Product Company,2646000
4.9,Master's,Sales Manager,Delhi NCR,MNC,Fintech,2341000
4.5,Bachelor's,Cloud Architect,Hyderabad,SMB,Product Company,2965000
4.8,Bachelor's,Senior Software Engineer,Pune,MNC,Manufacturing,2116000
5.2,Master's,Business Analyst,Kolkata,Startup,EdTech,899000
1.4,Master's,Data Engineer,Ahmedabad,Enterprise,E-commerce,1123000
7.5,Bachelor's,QA Engineer,Mumbai,SMB,Healthcare,919000
6.0,Bachelor's,Machine Learning Engineer,Remote,MNC,Product Company,2799000
13.8,Bachelor's,Civil Engineer,Bangalore,Enterprise,Product Company,2196000
3.7,Bachelor's,Cybersecurity Analyst,Chennai,Enterprise,Consulting,1448000
5.3,Bachelor's,Sales Manager,Pune,Mid-size,Manufacturing,1091000
1.5,Bachelor's,HR Manager,Jaipur,SMB,EdTech,589000
6.5,Bachelor's,QA Engineer,Ahmedabad,SMB,IT Services,699000
3.9,Bachelor's,Data Engineer,Bangalore,Startup,E-commerce,1303000
12.8,Master's,Marketing Specialist,Mumbai,Mid-size,Manufacturing,1983000
5.2,Bachelor's,Marketing Specialist,Ahmedabad,Startup,Fintech,580000
4.4,PhD,Civil Engineer,Chennai,SMB,EdTech,808000
9.5,PhD,Sales Manager,Delhi NCR,SMB,IT Services,1967000
7.8,Bachelor's,Senior Software Engineer,Hyderabad,Enterprise,Product Company,3435000
10.2,PhD,Product Manager,Chennai,SMB,Manufacturing,3252000
7.5,Master's,Data Engineer,Bangalore,Mid-size,EdTech,2579000
18.2,Bachelor's,UI/UX Designer,Mumbai,SMB,E-commerce,3206000
7.5,Master's,Software Engineer,Pune,SMB,Fintech,1568000
9.8,Bachelor's,DevOps Engineer,Kolkata,Mid-size,Fintech,1876000
10.9,Master's,Cloud Architect,Delhi NCR,Startup,IT Services,4500000
8.6,Bachelor's,Software Engineer,Delhi NCR,Mid-size,Consulting,1808000
9.3,Bachelor's,Marketing Specialist,Jaipur,SMB,Healthcare,1025000
14.5,Bachelor's,Product Manager,Mumbai,MNC,Healthcare,4500000
2.6,PhD,Mechanical Engineer,Ahmedabad,SMB,Healthcare,723000
12.0,Bachelor's,Civil Engineer,Jaipur,SMB,Fintech,1017000
15.1,Bachelor's,Civil Engineer,Hyderabad,MNC,Fintech,2359000
5.7,Bachelor's,Chartered Accountant,Ahmedabad,Enterprise,EdTech,1384000
6.3,Bachelor's,UI/UX Designer,Bangalore,SMB,Fintech,1435000
9.6,Master's,DevOps Engineer,Kolkata,Startup,Consulting,1622000
3.5,Master's,Senior Software Engineer,Pune,SMB,IT Services,1635000
4.2,Bachelor's,Cybersecurity Analyst,Pune,Mid-size,Healthcare,1053000
7.7,Bachelor's,Data Scientist,Jaipur,SMB,IT Services,1399000
6.4,Bachelor's,DevOps Engineer,Hyderabad,Startup,Product Company,1732000
11.1,Bachelor's,DevOps Engineer,Chennai,Mid-size,IT Services,1842000
4.4,Master's,DevOps Engineer,Ahmedabad,Startup,Product Company,1351000
5.5,Master's,Product Manager,Jaipur,Enterprise,Fintech,2202000
3.8,Bachelor's,Cloud Architect,Pune,Startup,E-commerce,2365000
8.9,Bachelor's,QA Engineer,Mumbai,MNC,EdTech,1520000
8.3,Bachelor's,HR Manager,Chennai,Mid-size,Fintech,1615000
10.8,Bachelor's,Cybersecurity Analyst,Chennai,MNC,Manufacturing,2605000
6.0,Bachelor's,Sales Manager,Hyderabad,Enterprise,Consulting,1666000
2.0,Master's,Data Scientist,Chennai,Startup,EdTech,1052000
14.6,Bachelor's,Data Scientist,Bangalore,SMB,Consulting,4439000
10.0,PhD,Machine Learning Engineer,Kolkata,Startup,Product Company,2928000
7.5,Bachelor's,Civil Engineer,Ahmedabad,Enterprise,E-commerce,841000
6.8,Bachelor's,Machine Learning Engineer,Delhi NCR,Startup,Product Company,2271000
5.8,Bachelor's,HR Manager,Pune,Mid-size,Fintech,1555000
3.3,Bachelor's,Marketing Specialist,Pune,Enterprise,Consulting,843000
2.7,Bachelor's,Mechanical Engineer,Kolkata,SMB,EdTech,621000
13.5,Bachelor's,Cloud Architect,Delhi NCR,Mid-size,Consulting,4500000
7.4,Master's,Data Scientist,Remote,Enterprise,IT Services,2043000
3.6,Bachelor's,Machine Learning Engineer,Remote,Enterprise,Healthcare,1308000
12.2,Master's,Civil Engineer,Delhi NCR,Startup,Fintech,1493000
2.1,Master's,Business Analyst,Pune,SMB,Product Company,936000
2.2,Bachelor's,Business Analyst,Jaipur,Mid-size,Healthcare,707000
9.0,Bachelor's,DevOps Engineer,Ahmedabad,SMB,Manufacturing,1198000
10.8,Bachelor's,Product Manager,Hyderabad,Mid-size,Consulting,4500000
4.6,Bachelor's,Product Manager,Remote,MNC,E-commerce,2470000
10.4,Master's,Marketing Specialist,Pune,SMB,E-commerce,1899000
3.7,PhD,Mechanical Engineer,Chennai,SMB,IT Services,766000
7.8,Bachelor's,UI/UX Designer,Hyderabad,Startup,EdTech,1235000
7.8,Bachelor's,Product Manager,Delhi NCR,MNC,Consulting,4384000
6.9,Master's,UI/UX Designer,Kolkata,SMB,Manufacturing,872000
7.4,Master's,Machine Learning Engineer,Hyderabad,Startup,Product Company,2821000
14.3,Bachelor's,Senior Software Engineer,Pune,Mid-size,IT Services,4272000
6.6,Master's,DevOps Engineer,Ahmedabad,SMB,Fintech,1610000
10.9,Bachelor's,Software Engineer,Remote,SMB,Product Company,2128000
15.1,Bachelor's,Software Engineer,Remote,Mid-size,EdTech,2861000
5.2,Bachelor's,DevOps Engineer,Ahmedabad,Mid-size,Product Company,1172000
13.2,Bachelor's,Chartered Accountant,Remote,Startup,Consulting,3113000
11.1,Master's,Machine Learning Engineer,Hyderabad,SMB,Fintech,4500000
7.9,Bachelor's,Sales Manager,Pune,Enterprise,Product Company,2294000
9.4,Bachelor's,Data Scientist,Delhi NCR,SMB,EdTech,2161000
1.5,Bachelor's,UI/UX Designer,Remote,MNC,IT Services,666000
9.5,Bachelor's,Data Engineer,Ahmedabad,SMB,IT Services,1465000
3.6,Bachelor's,Data Engineer,Mumbai,SMB,Fintech,1448000
2.7,Bachelor's,Mechanical Engineer,Bangalore,Mid-size,Healthcare,750000
5.1,Master's,DevOps Engineer,Kolkata,Mid-size,EdTech,1330000
2.8,Bachelor's,Marketing Specialist,Mumbai,Startup,IT Services,610000
6.4,Master's,Business Analyst,Pune,Mid-size,Manufacturing,1037000
3.0,Bachelor's,UI/UX Designer,Pune,MNC,E-commerce,1072000
8.8,Master's,Cloud Architect,Pune,SMB,Consulting,4463000
3.0,Master's,HR Manager,Mumbai,Startup,Manufacturing,795000
9.3,Bachelor's,Mechanical Engineer,Kolkata,Startup,EdTech,977000
13.1,Bachelor's,UI/UX Designer,Hyderabad,SMB,Consulting,2123000
2.3,PhD,Marketing Specialist,Delhi NCR,Startup,IT Services,756000
15.9,Bachelor's,Chartered Accountant,Remote,Enterprise,E-commerce,4414000
8.3,Master's,Cloud Architect,Remote,MNC,Manufacturing,4202000
5.1,Bachelor's,Cloud Architect,Jaipur,MNC,IT Services,2474000
5.1,Bachelor's,Marketing Specialist,Pune,SMB,E-commerce,952000
3.0,Bachelor's,Cloud Architect,Hyderabad,SMB,Manufacturing,1856000
14.5,Master's,Senior Software Engineer,Jaipur,SMB,Manufacturing,3485000
11.3,Bachelor's,Data Engineer,Delhi NCR,Startup,E-commerce,2751000
4.0,Master's,Machine Learning Engineer,Delhi NCR,Mid-size,EdTech,1892000
9.2,Master's,Data Engineer,Delhi NCR,Startup,Manufacturing,1963000
7.6,Bachelor's,Senior Software Engineer,Hyderabad,Startup,E-commerce,2355000
14.4,Bachelor's,UI/UX Designer,Ahmedabad,Enterprise,IT Services,1767000
9.2,Bachelor's,DevOps Engineer,Pune,Enterprise,Fintech,2724000
3.6,Bachelor's,QA Engineer,Pune,MNC,Product Company,852000
5.8,Master's,DevOps Engineer,Ahmedabad,SMB,Fintech,1381000
17.9,Bachelor's,DevOps Engineer,Ahmedabad,Enterprise,Product Company,4082000
15.1,Bachelor's,Chartered Accountant,Jaipur,SMB,IT Services,3040000
2.4,Master's,HR Manager,Ahmedabad,Startup,EdTech,824000
14.1,Bachelor's,Cloud Architect,Bangalore,SMB,Fintech,4500000
16.0,Bachelor's,Cybersecurity Analyst,Delhi NCR,Mid-size,E-commerce,4500000
3.1,Bachelor's,Product Manager,Delhi NCR,SMB,E-commerce,1772000
13.0,Bachelor's,Machine Learning Engineer,Mumbai,Enterprise,Consulting,4500000
10.9,Master's,Senior Software Engineer,Delhi NCR,SMB,Consulting,4053000
14.8,Bachelor's,Chartered Accountant,Delhi NCR,MNC,Consulting,4500000
7.6,Bachelor's,Senior Software Engineer,Kolkata,Startup,Product Company,2564000
11.8,Bachelor's,UI/UX Designer,Remote,Enterprise,IT Services,1457000
4.9,Bachelor's,Machine Learning Engineer,Kolkata,MNC,EdTech,1370000
5.6,Master's,Marketing Specialist,Remote,Mid-size,EdTech,1005000
12.5,Bachelor's,Data Scientist,Jaipur,Enterprise,Product Company,3279000
2.4,Master's,Data Engineer,Ahmedabad,Mid-size,Healthcare,1207000
10.5,Master's,Product Manager,Pune,Startup,Fintech,3884000
17.3,Bachelor's,QA Engineer,Chennai,Mid-size,Consulting,2007000
13.7,Master's,Machine Learning Engineer,Hyderabad,Mid-size,Product Company,4500000
6.5,Bachelor's,Data Scientist,Remote,Startup,Manufacturing,1132000
7.5,PhD,Machine Learning Engineer,Hyderabad,SMB,EdTech,3505000
3.9,Bachelor's,Data Engineer,Pune,Startup,Product Company,1262000
3.6,Bachelor's,Cybersecurity Analyst,Remote,SMB,E-commerce,939000
10.3,Bachelor's,Chartered Accountant,Hyderabad,MNC,Fintech,3804000
5.2,Bachelor's,Chartered Accountant,Chennai,MNC,Fintech,2563000
13.0,Master's,Marketing Specialist,Chennai,Mid-size,Manufacturing,1923000
9.3,Bachelor's,Software Engineer,Pune,SMB,Product Company,2272000
4.2,Bachelor's,Sales Manager,Mumbai,SMB,Product Company,1311000
13.6,Bachelor's,Sales Manager,Ahmedabad,Startup,IT Services,1613000
6.3,Master's,Sales Manager,Ahmedabad,SMB,IT Services,1059000
7.6,Master's,Cybersecurity Analyst,Chennai,Enterprise,EdTech,2028000
8.1,Bachelor's,Sales Manager,Chennai,Mid-size,E-commerce,1703000
9.5,Bachelor's,Data Engineer,Mumbai,SMB,Consulting,2609000
1.4,Bachelor's,Cybersecurity Analyst,Kolkata,Startup,Product Company,886000
10.4,Master's,Sales Manager,Bangalore,MNC,IT Services,2654000
8.4,Master's,Software Engineer,Bangalore,SMB,Fintech,2001000
6.7,Bachelor's,QA Engineer,Ahmedabad,SMB,IT Services,584000
9.0,Master's,Data Scientist,Hyderabad,SMB,IT Services,2285000
11.5,Bachelor's,Chartered Accountant,Ahmedabad,SMB,Product Company,2760000
3.0,Master's,HR Manager,Bangalore,Mid-size,Consulting,1409000
6.1,Bachelor's,Data Scientist,Pune,Mid-size,Consulting,2106000
6.9,Bachelor's,Chartered Accountant,Remote,Mid-size,Consulting,1726000
2.9,Bachelor's,UI/UX Designer,Pune,Startup,E-commerce,728000
10.8,Bachelor's,Sales Manager,Remote,MNC,Consulting,2536000
10.8,PhD,Cybersecurity Analyst,Pune,Mid-size,Healthcare,2534000
6.8,Bachelor's,Data Scientist,Kolkata,Enterprise,IT Services,1433000
4.6,Master's,Chartered Accountant,Kolkata,Startup,Fintech,1719000
5.4,Master's,Cybersecurity Analyst,Kolkata,MNC,Healthcare,1476000
1.5,Master's,UI/UX Designer,Pune,Enterprise,Fintech,901000
8.7,PhD,Cybersecurity Analyst,Ahmedabad,Mid-size,IT Services,1846000
2.4,Bachelor's,HR Manager,Mumbai,Startup,Consulting,988000
7.8,Bachelor's,Cybersecurity Analyst,Jaipur,SMB,Consulting,1399000
11.3,Bachelor's,Cybersecurity Analyst,Mumbai,Enterprise,Healthcare,2892000
7.4,Bachelor's,Civil Engineer,Jaipur,SMB,E-commerce,542000
7.3,Master's,Sales Manager,Remote,Mid-size,E-commerce,1795000
7.0,Bachelor's,Data Scientist,Ahmedabad,Enterprise,Product Company,2015000
9.6,Bachelor's,Mechanical Engineer,Delhi NCR,Enterprise,Manufacturing,1380000
5.7,Bachelor's,Chartered Accountant,Delhi NCR,SMB,Fintech,1607000
9.2,Bachelor's,Marketing Specialist,Mumbai,MNC,Manufacturing,1469000
6.6,Master's,Data Scientist,Mumbai,SMB,Healthcare,2072000
13.9,Bachelor's,QA Engineer,Delhi NCR,Enterprise,EdTech,1875000
11.9,Master's,Software Engineer,Delhi NCR,SMB,EdTech,2530000
14.5,Master's,Marketing Specialist,Ahmedabad,SMB,E-commerce,1971000
4.2,Master's,HR Manager,Jaipur,SMB,E-commerce,888000
10.8,Bachelor's,Software Engineer,Jaipur,Enterprise,EdTech,1924000
9.1,Master's,Senior Software Engineer,Kolkata,Mid-size,EdTech,2523000
6.0,Bachelor's,Chartered Accountant,Remote,Startup,Healthcare,1353000
8.0,Bachelor's,Mechanical Engineer,Jaipur,Startup,EdTech,780000
3.5,Master's,Mechanical Engineer,Delhi NCR,Mid-size,Consulting,1124000
5.8,Master's,Machine Learning Engineer,Delhi NCR,SMB,Product Company,2623000
6.9,Bachelor's,Cybersecurity Analyst,Delhi NCR,SMB,Consulting,1917000
5.8,Master's,Mechanical Engineer,Bangalore,Enterprise,IT Services,1174000
9.0,Bachelor's,Senior Software Engineer,Mumbai,SMB,Product Company,3670000
2.8,Bachelor's,Cloud Architect,Mumbai,Startup,Consulting,2282000
10.4,PhD,Cloud Architect,Ahmedabad,SMB,Consulting,4500000
4.5,Bachelor's,QA Engineer,Pune,Mid-size,Healthcare,789000
4.3,Master's,DevOps Engineer,Kolkata,Mid-size,Manufacturing,925000
6.7,Bachelor's,Product Manager,Mumbai,Startup,IT Services,2074000
6.4,Master's,DevOps Engineer,Mumbai,SMB,EdTech,1759000
3.8,Master's,Senior Software Engineer,Bangalore,SMB,E-commerce,2625000
5.4,Master's,Sales Manager,Chennai,SMB,E-commerce,1262000
15.4,Bachelor's,Cybersecurity Analyst,Bangalore,Startup,Fintech,4347000
13.3,Master's,Civil Engineer,Pune,SMB,EdTech,1382000
5.9,Bachelor's,Data Engineer,Chennai,Mid-size,E-commerce,1774000
12.4,PhD,Sales Manager,Kolkata,Startup,Fintech,2420000
15.4,Bachelor's,Product Manager,Delhi NCR,MNC,Manufacturing,4500000
9.1,Bachelor's,Product Manager,Pune,MNC,EdTech,3702000
7.2,Master's,Business Analyst,Jaipur,SMB,Fintech,1082000
3.1,Bachelor's,HR Manager,Mumbai,Mid-size,Consulting,1250000
8.7,Bachelor's,UI/UX Designer,Mumbai,Mid-size,EdTech,1170000
8.3,Master's,Civil Engineer,Bangalore,Startup,Healthcare,1039000
10.5,Bachelor's,Cloud Architect,Mumbai,SMB,E-commerce,3915000
9.6,Bachelor's,Sales Manager,Pune,MNC,Consulting,2489000
6.3,Bachelor's,DevOps Engineer,Mumbai,Startup,Product Company,1770000
6.0,Bachelor's,Business Analyst,Hyderabad,Mid-size,EdTech,1200000
7.9,Bachelor's,Civil Engineer,Hyderabad,Mid-size,Consulting,1025000
1.4,Bachelor's,Sales Manager,Ahmedabad,Startup,Product Company,742000
3.9,Bachelor's,UI/UX Designer,Delhi NCR,Mid-size,IT Services,845000
14.2,Bachelor's,Business Analyst,Kolkata,MNC,E-commerce,2775000
7.2,Bachelor's,Mechanical Engineer,Chennai,Startup,EdTech,980000
2.9,Master's,Data Scientist,Chennai,Startup,EdTech,991000
6.3,Master's,Civil Engineer,Delhi NCR,SMB,IT Services,798000
10.3,Bachelor's,Cybersecurity Analyst,Mumbai,Enterprise,Fintech,2492000
8.2,Bachelor's,Cloud Architect,Pune,Mid-size,Product Company,3946000
3.5,Master's,Sales Manager,Jaipur,Mid-size,Consulting,987000
1.5,Bachelor's,HR Manager,Delhi NCR,Enterprise,E-commerce,1077000
5.8,Bachelor's,Product Manager,Jaipur,MNC,Consulting,2148000
13.1,Bachelor's,Business Analyst,Ahmedabad,Startup,IT Services,1365000
1.8,Bachelor's,Chartered Accountant,Kolkata,Enterprise,Manufacturing,969000
12.3,Master's,Product Manager,Jaipur,SMB,Consulting,3646000
13.0,PhD,Civil Engineer,Kolkata,Startup,EdTech,1007000
6.5,PhD,Chartered Accountant,Jaipur,SMB,Fintech,1827000
19.5,Bachelor's,Data Engineer,Ahmedabad,SMB,IT Services,3248000
11.3,Bachelor's,Senior Software Engineer,Kolkata,Enterprise,Consulting,4019000
9.7,Bachelor's,Senior Software Engineer,Ahmedabad,SMB,Healthcare,2340000
10.6,Bachelor's,Cloud Architect,Jaipur,Mid-size,IT Services,3532000
7.9,Bachelor's,Software Engineer,Pune,Startup,Consulting,1641000
10.8,Master's,Marketing Specialist,Jaipur,Startup,Consulting,1498000
14.8,Bachelor's,Cybersecurity Analyst,Chennai,MNC,Healthcare,4050000
6.3,PhD,UI/UX Designer,Hyderabad,Enterprise,Healthcare,1277000
11.7,Bachelor's,Mechanical Engineer,Hyderabad,SMB,Fintech,1494000
1.5,Bachelor's,Data Scientist,Ahmedabad,SMB,Product Company,845000
3.4,Master's,QA Engineer,Jaipur,Startup,IT Services,460000
5.8,Master's,Product Manager,Kolkata,MNC,Fintech,2892000
6.8,Bachelor's,Software Engineer,Kolkata,Startup,Consulting,1331000
7.5,Bachelor's,UI/UX Designer,Jaipur,SMB,Consulting,949000
6.6,Bachelor's,Data Scientist,Remote,Mid-size,Product Company,1901000
13.6,Bachelor's,Software Engineer,Jaipur,MNC,Manufacturing,2432000
4.2,Bachelor's,Machine Learning Engineer,Hyderabad,Startup,Healthcare,1350000
4.2,Bachelor's,Machine Learning Engineer,Jaipur,Enterprise,E-commerce,1685000
6.0,Master's,Cybersecurity Analyst,Chennai,SMB,Fintech,1895000
